time_on_page,pages_viewed,interest_ski,interest_climb,buy
282.0,3.0,0.0,1.0,1.0
223.0,3.0,0.0,1.0,1.0
285.0,3.0,1.0,1.0,1.0
250.0,3.0,0.0,1.0,1.0
271.0,2.0,1.0,1.0,1.0
259.0,2.0,1.0,0.0,1.0
271.0,2.0,1.0,1.0,1.0
217.0,2.0,0.0,1.0,1.0
227.0,3.0,1.0,1.0,1.0
276.0,3.0,1.0,0.0,1.0
439.0,2.0,0.0,1.0,1.0
321.0,3.0,1.0,1.0,1.0
260.0,3.0,1.0,1.0,1.0
256.0,3.0,0.0,1.0,1.0
322.0,3.0,0.0,1.0,1.0
258.0,3.0,1.0,1.0,1.0
260.0,3.0,1.0,1.0,1.0
286.0,3.0,1.0,1.0,1.0
101.0,2.0,0.0,0.0,1.0
317.0,3.0,0.0,0.0,1.0
136.0,3.0,1.0,1.0,1.0
263.0,3.0,0.0,1.0,1.0
196.0,4.0,1.0,1.0,1.0
201.0,3.0,0.0,1.0,1.0
295.0,3.0,0.0,1.0,1.0
173.0,3.0,1.0,1.0,1.0
278.0,4.0,1.0,0.0,1.0
142.0,4.0,1.0,1.0,1.0
221.0,3.0,0.0,1.0,1.0
246.0,3.0,1.0,1.0,1.0
190.0,3.0,1.0,1.0,1.0
239.0,2.0,1.0,1.0,1.0
185.0,4.0,0.0,1.0,1.0
200.0,2.0,1.0,1.0,1.0
283.0,4.0,0.0,1.0,1.0
208.0,3.0,1.0,1.0,1.0
197.0,3.0,0.0,1.0,1.0
253.0,3.0,0.0,1.0,1.0
226.0,3.0,0.0,1.0,1.0
219.0,2.0,1.0,1.0,1.0
339.0,3.0,1.0,1.0,1.0
196.0,4.0,0.0,1.0,1.0
326.0,4.0,0.0,1.0,1.0
269.0,3.0,0.0,1.0,1.0
103.0,2.0,0.0,1.0,1.0
307.0,3.0,0.0,1.0,1.0
349.0,2.0,0.0,1.0,1.0
351.0,3.0,1.0,1.0,1.0
194.0,3.0,0.0,1.0,1.0
190.0,3.0,1.0,1.0,1.0
149.0,3.0,0.0,1.0,0.0
-34.0,2.0,1.0,0.0,0.0
222.0,2.0,0.0,1.0,0.0
223.0,2.0,0.0,1.0,0.0
106.0,2.0,0.0,1.0,0.0
141.0,2.0,0.0,0.0,0.0
104.0,3.0,1.0,1.0,0.0
229.0,2.0,1.0,0.0,0.0
242.0,2.0,1.0,1.0,0.0
218.0,2.0,0.0,0.0,0.0
208.0,2.0,0.0,0.0,0.0
176.0,2.0,0.0,1.0,0.0
237.0,2.0,0.0,0.0,0.0
200.0,3.0,0.0,0.0,0.0
122.0,1.0,0.0,1.0,0.0
95.0,3.0,1.0,0.0,0.0
175.0,2.0,0.0,1.0,0.0
241.0,3.0,1.0,1.0,0.0
151.0,3.0,0.0,0.0,0.0
280.0,2.0,1.0,0.0,0.0
183.0,1.0,0.0,1.0,0.0
210.0,1.0,0.0,1.0,0.0
197.0,2.0,0.0,0.0,0.0
99.0,3.0,0.0,0.0,0.0
62.0,3.0,0.0,1.0,0.0
199.0,2.0,1.0,1.0,0.0
207.0,2.0,1.0,0.0,0.0
194.0,1.0,1.0,1.0,0.0
146.0,2.0,0.0,1.0,0.0
266.0,2.0,1.0,0.0,0.0
134.0,2.0,0.0,0.0,0.0
137.0,2.0,1.0,1.0,0.0
205.0,2.0,0.0,1.0,0.0
226.0,2.0,0.0,0.0,0.0
92.0,2.0,0.0,1.0,0.0
30.0,2.0,1.0,0.0,0.0
279.0,3.0,1.0,1.0,0.0
183.0,2.0,0.0,0.0,0.0
174.0,2.0,0.0,0.0,0.0
70.0,1.0,0.0,1.0,0.0
149.0,2.0,0.0,0.0,0.0
211.0,2.0,0.0,0.0,0.0
172.0,2.0,0.0,0.0,0.0
214.0,1.0,0.0,1.0,0.0
175.0,2.0,0.0,0.0,0.0
285.0,2.0,0.0,1.0,0.0
189.0,2.0,0.0,1.0,0.0
195.0,1.0,0.0,0.0,0.0
177.0,2.0,0.0,1.0,0.0
232.0,2.0,0.0,0.0,0.0
154.0,2.0,0.0,0.0,0.0
96.0,3.0,0.0,1.0,0.0
172.0,3.0,0.0,0.0,0.0
112.0,3.0,0.0,0.0,0.0
143.0,3.0,0.0,0.0,0.0
195.0,2.0,0.0,0.0,0.0
122.0,2.0,1.0,1.0,0.0
197.0,2.0,1.0,0.0,0.0
150.0,2.0,0.0,1.0,0.0
322.0,2.0,1.0,0.0,0.0
169.0,1.0,1.0,0.0,0.0
217.0,2.0,0.0,0.0,0.0
170.0,2.0,0.0,1.0,0.0
85.0,2.0,0.0,1.0,0.0
213.0,2.0,0.0,0.0,0.0
220.0,2.0,0.0,0.0,0.0
232.0,1.0,0.0,1.0,0.0
239.0,1.0,1.0,0.0,0.0
116.0,2.0,0.0,1.0,0.0
291.0,2.0,1.0,1.0,0.0
208.0,2.0,0.0,1.0,0.0
239.0,1.0,0.0,1.0,0.0
148.0,2.0,0.0,0.0,0.0
75.0,2.0,0.0,1.0,0.0
230.0,1.0,0.0,0.0,0.0
215.0,1.0,0.0,0.0,0.0
156.0,2.0,0.0,0.0,0.0
201.0,2.0,0.0,0.0,0.0
65.0,2.0,0.0,0.0,0.0
165.0,2.0,0.0,0.0,0.0
136.0,1.0,0.0,0.0,0.0
120.0,2.0,0.0,0.0,0.0
148.0,2.0,1.0,1.0,0.0
164.0,2.0,0.0,1.0,0.0
171.0,2.0,0.0,0.0,0.0
209.0,1.0,0.0,1.0,0.0
219.0,1.0,1.0,0.0,0.0
157.0,2.0,0.0,1.0,0.0
310.0,2.0,1.0,0.0,0.0
174.0,2.0,0.0,0.0,0.0
126.0,1.0,1.0,1.0,0.0
147.0,2.0,0.0,0.0,0.0
189.0,2.0,0.0,0.0,0.0
145.0,1.0,1.0,0.0,0.0
192.0,2.0,0.0,0.0,0.0
124.0,2.0,1.0,0.0,0.0
149.0,2.0,1.0,0.0,0.0
80.0,2.0,1.0,1.0,0.0
155.0,2.0,1.0,0.0,0.0
109.0,2.0,0.0,1.0,0.0
166.0,2.0,0.0,1.0,0.0
222.0,3.0,1.0,0.0,0.0
218.0,2.0,0.0,0.0,0.0
272.0,2.0,1.0,0.0,0.0
184.0,2.0,1.0,1.0,0.0
85.0,2.0,0.0,0.0,0.0
91.0,1.0,0.0,0.0,0.0
139.0,2.0,0.0,0.0,0.0
130.0,2.0,1.0,1.0,0.0
119.0,2.0,1.0,1.0,0.0
234.0,2.0,1.0,0.0,0.0
139.0,2.0,1.0,1.0,0.0
148.0,2.0,0.0,0.0,0.0
150.0,2.0,0.0,1.0,0.0
183.0,2.0,0.0,1.0,0.0
178.0,1.0,0.0,1.0,0.0
268.0,2.0,0.0,0.0,0.0
171.0,2.0,1.0,1.0,0.0
178.0,1.0,1.0,0.0,0.0
261.0,2.0,0.0,1.0,0.0
149.0,2.0,1.0,1.0,0.0
238.0,3.0,1.0,0.0,0.0
200.0,2.0,1.0,1.0,0.0
208.0,2.0,0.0,0.0,0.0
222.0,2.0,1.0,0.0,0.0
147.0,2.0,1.0,1.0,0.0
202.0,2.0,0.0,0.0,0.0
199.0,3.0,1.0,0.0,0.0
119.0,2.0,0.0,0.0,0.0
116.0,2.0,0.0,1.0,0.0
196.0,1.0,0.0,0.0,0.0
270.0,1.0,0.0,1.0,0.0
142.0,3.0,1.0,0.0,0.0
142.0,2.0,1.0,0.0,0.0
143.0,2.0,1.0,0.0,0.0
165.0,2.0,0.0,1.0,0.0
163.0,1.0,1.0,0.0,0.0
54.0,2.0,1.0,0.0,0.0
219.0,1.0,1.0,0.0,0.0
192.0,2.0,0.0,0.0,0.0
242.0,2.0,0.0,0.0,0.0
113.0,2.0,0.0,0.0,0.0
95.0,1.0,0.0,0.0,0.0
120.0,3.0,0.0,0.0,0.0
159.0,2.0,1.0,1.0,0.0
117.0,1.0,0.0,0.0,0.0
179.0,2.0,0.0,0.0,0.0
266.0,2.0,0.0,1.0,0.0
203.0,3.0,0.0,0.0,0.0
179.0,3.0,0.0,0.0,0.0
403.0,2.0,0.0,1.0,0.0
200.0,2.0,0.0,1.0,0.0
223.0,2.0,0.0,0.0,0.0
146.0,2.0,1.0,1.0,0.0
135.0,2.0,1.0,0.0,0.0
197.0,2.0,0.0,0.0,0.0
159.0,2.0,0.0,1.0,0.0
149.0,3.0,1.0,0.0,0.0
244.0,1.0,1.0,0.0,0.0
109.0,1.0,1.0,1.0,0.0
46.0,1.0,1.0,0.0,0.0
195.0,3.0,1.0,0.0,0.0
226.0,1.0,0.0,1.0,0.0
154.0,3.0,0.0,0.0,0.0
64.0,2.0,1.0,0.0,0.0
234.0,2.0,0.0,0.0,0.0
156.0,1.0,0.0,1.0,0.0
192.0,2.0,0.0,0.0,0.0
209.0,3.0,0.0,1.0,0.0
196.0,2.0,1.0,0.0,0.0
168.0,2.0,0.0,0.0,0.0
208.0,2.0,0.0,1.0,0.0
219.0,1.0,1.0,0.0,0.0
271.0,1.0,0.0,1.0,0.0
223.0,2.0,1.0,0.0,0.0
199.0,2.0,1.0,0.0,0.0
195.0,2.0,1.0,0.0,0.0
164.0,1.0,1.0,0.0,0.0
237.0,2.0,1.0,0.0,0.0
206.0,2.0,1.0,0.0,0.0
256.0,2.0,0.0,1.0,0.0
100.0,2.0,0.0,1.0,0.0
87.0,2.0,0.0,0.0,0.0
182.0,2.0,1.0,0.0,0.0
324.0,1.0,0.0,0.0,0.0
274.0,2.0,1.0,1.0,0.0
270.0,3.0,0.0,1.0,0.0
153.0,1.0,0.0,1.0,0.0
233.0,2.0,0.0,1.0,0.0
313.0,2.0,0.0,0.0,0.0
100.0,2.0,0.0,0.0,0.0
192.0,2.0,1.0,0.0,0.0
219.0,3.0,0.0,0.0,0.0
157.0,3.0,0.0,1.0,0.0
242.0,2.0,0.0,1.0,0.0
153.0,3.0,0.0,0.0,0.0
148.0,2.0,1.0,0.0,0.0
234.0,1.0,0.0,0.0,0.0
180.0,2.0,0.0,0.0,0.0
204.0,2.0,0.0,0.0,0.0
77.0,2.0,0.0,1.0,0.0
178.0,2.0,0.0,0.0,0.0
87.0,1.0,1.0,0.0,0.0
164.0,1.0,0.0,0.0,0.0
235.0,2.0,0.0,1.0,0.0
264.0,1.0,0.0,0.0,0.0
103.0,2.0,0.0,0.0,0.0
175.0,2.0,1.0,0.0,0.0
87.0,2.0,1.0,1.0,0.0
201.0,2.0,1.0,0.0,0.0
242.0,3.0,0.0,1.0,0.0
257.0,1.0,0.0,0.0,0.0
220.0,2.0,0.0,0.0,0.0
163.0,2.0,0.0,0.0,0.0
142.0,2.0,1.0,0.0,0.0
132.0,2.0,0.0,1.0,0.0
158.0,3.0,0.0,0.0,0.0
72.0,2.0,1.0,1.0,0.0
220.0,2.0,0.0,1.0,0.0
256.0,1.0,0.0,1.0,0.0
221.0,1.0,0.0,1.0,0.0
192.0,2.0,1.0,0.0,0.0
174.0,2.0,1.0,1.0,0.0
290.0,2.0,0.0,0.0,0.0
143.0,2.0,0.0,1.0,0.0
186.0,1.0,0.0,1.0,0.0
182.0,2.0,0.0,1.0,0.0
173.0,2.0,0.0,1.0,0.0
149.0,2.0,1.0,0.0,0.0
225.0,2.0,0.0,0.0,0.0
205.0,2.0,0.0,0.0,0.0
149.0,2.0,0.0,0.0,0.0
208.0,2.0,0.0,0.0,0.0
187.0,2.0,0.0,0.0,0.0
121.0,2.0,1.0,0.0,0.0
152.0,2.0,1.0,0.0,0.0
66.0,2.0,1.0,1.0,0.0
145.0,2.0,1.0,0.0,0.0
253.0,2.0,1.0,0.0,0.0
94.0,2.0,0.0,0.0,0.0
95.0,2.0,0.0,0.0,0.0
179.0,3.0,0.0,1.0,0.0
219.0,3.0,1.0,0.0,0.0
181.0,1.0,1.0,0.0,0.0
207.0,2.0,1.0,1.0,0.0
290.0,1.0,1.0,0.0,0.0
161.0,3.0,1.0,1.0,0.0
198.0,2.0,0.0,0.0,0.0
175.0,3.0,1.0,0.0,0.0
167.0,1.0,1.0,0.0,0.0
86.0,2.0,0.0,1.0,0.0
150.0,2.0,0.0,0.0,0.0
276.0,2.0,0.0,0.0,0.0
83.0,1.0,1.0,0.0,0.0
152.0,2.0,1.0,1.0,0.0
302.0,2.0,0.0,0.0,0.0
169.0,2.0,1.0,0.0,0.0
181.0,2.0,0.0,0.0,0.0
229.0,2.0,0.0,0.0,0.0
69.0,1.0,0.0,1.0,0.0
40.0,2.0,0.0,1.0,0.0
111.0,2.0,1.0,0.0,0.0
155.0,2.0,1.0,1.0,0.0
161.0,2.0,0.0,1.0,0.0
111.0,2.0,0.0,0.0,0.0
250.0,2.0,0.0,0.0,0.0
119.0,3.0,1.0,0.0,0.0
151.0,2.0,0.0,1.0,0.0
211.0,2.0,0.0,0.0,0.0
192.0,2.0,1.0,0.0,0.0
227.0,1.0,0.0,0.0,0.0
207.0,2.0,0.0,0.0,0.0
117.0,2.0,0.0,0.0,0.0
21.0,2.0,1.0,0.0,0.0
221.0,2.0,0.0,1.0,0.0
84.0,3.0,0.0,0.0,0.0
219.0,2.0,1.0,1.0,0.0
202.0,2.0,0.0,0.0,0.0
149.0,2.0,0.0,0.0,0.0
331.0,3.0,0.0,1.0,0.0
283.0,3.0,1.0,1.0,0.0
239.0,3.0,0.0,0.0,0.0
5.0,2.0,1.0,1.0,0.0
162.0,2.0,0.0,0.0,0.0
210.0,2.0,0.0,0.0,0.0
192.0,2.0,1.0,0.0,0.0
236.0,2.0,0.0,1.0,0.0
268.0,2.0,0.0,0.0,0.0
172.0,1.0,1.0,0.0,0.0
216.0,2.0,1.0,0.0,0.0
87.0,2.0,1.0,1.0,0.0
210.0,2.0,0.0,0.0,0.0
178.0,2.0,1.0,0.0,0.0
34.0,3.0,0.0,1.0,0.0
194.0,1.0,0.0,0.0,0.0
68.0,2.0,0.0,0.0,0.0
383.0,2.0,1.0,0.0,0.0
264.0,2.0,1.0,1.0,0.0
185.0,1.0,0.0,1.0,0.0
191.0,1.0,0.0,1.0,0.0
172.0,2.0,0.0,1.0,0.0
215.0,1.0,1.0,0.0,0.0
204.0,1.0,1.0,1.0,0.0
249.0,2.0,0.0,0.0,0.0
163.0,1.0,1.0,0.0,0.0
109.0,2.0,0.0,0.0,0.0
115.0,2.0,0.0,1.0,0.0
230.0,2.0,1.0,1.0,0.0
155.0,2.0,1.0,1.0,0.0
80.0,2.0,1.0,0.0,0.0
148.0,2.0,0.0,0.0,0.0
196.0,2.0,1.0,0.0,0.0
58.0,2.0,0.0,0.0,0.0
159.0,2.0,1.0,0.0,0.0
168.0,2.0,1.0,0.0,0.0
192.0,3.0,0.0,1.0,0.0
186.0,1.0,1.0,1.0,0.0
272.0,3.0,1.0,0.0,0.0
299.0,2.0,0.0,0.0,0.0
209.0,2.0,0.0,1.0,0.0
155.0,2.0,0.0,0.0,0.0
108.0,2.0,0.0,1.0,0.0
165.0,2.0,0.0,1.0,0.0
166.0,2.0,0.0,0.0,0.0
163.0,2.0,1.0,0.0,0.0
239.0,2.0,0.0,0.0,0.0
126.0,2.0,0.0,0.0,0.0
190.0,2.0,0.0,0.0,0.0
139.0,2.0,0.0,0.0,0.0
106.0,1.0,0.0,1.0,0.0
163.0,2.0,1.0,1.0,0.0
191.0,2.0,0.0,1.0,0.0
91.0,2.0,1.0,0.0,0.0
160.0,4.0,1.0,0.0,0.0
306.0,2.0,1.0,0.0,0.0
178.0,1.0,1.0,0.0,0.0
203.0,1.0,0.0,1.0,0.0
161.0,2.0,1.0,0.0,0.0
162.0,2.0,0.0,0.0,0.0
203.0,2.0,0.0,0.0,0.0
144.0,3.0,0.0,1.0,0.0
205.0,2.0,0.0,0.0,0.0
149.0,3.0,1.0,0.0,0.0
122.0,2.0,0.0,0.0,0.0
228.0,2.0,0.0,1.0,0.0
137.0,1.0,1.0,1.0,0.0
200.0,2.0,0.0,1.0,0.0
304.0,3.0,1.0,0.0,0.0
177.0,2.0,0.0,0.0,0.0
132.0,2.0,0.0,1.0,0.0
188.0,2.0,0.0,1.0,0.0
197.0,1.0,0.0,1.0,0.0
188.0,3.0,1.0,0.0,0.0
289.0,2.0,1.0,0.0,0.0
186.0,0.0,0.0,1.0,0.0
163.0,1.0,1.0,0.0,0.0
147.0,1.0,1.0,0.0,0.0
246.0,3.0,0.0,0.0,0.0
238.0,3.0,1.0,1.0,0.0
273.0,2.0,0.0,1.0,0.0
339.0,2.0,0.0,0.0,0.0
279.0,2.0,0.0,0.0,0.0
39.0,2.0,0.0,0.0,0.0
272.0,2.0,0.0,1.0,0.0
128.0,2.0,0.0,0.0,0.0
190.0,2.0,1.0,0.0,0.0
158.0,1.0,0.0,1.0,0.0
201.0,2.0,1.0,1.0,0.0
276.0,2.0,0.0,0.0,0.0
60.0,2.0,0.0,0.0,0.0
205.0,2.0,1.0,0.0,0.0
103.0,2.0,0.0,1.0,0.0
236.0,1.0,1.0,1.0,0.0
53.0,2.0,0.0,0.0,0.0
176.0,3.0,1.0,0.0,0.0
139.0,2.0,0.0,1.0,0.0
268.0,2.0,1.0,0.0,0.0
138.0,2.0,0.0,0.0,0.0
215.0,1.0,0.0,0.0,0.0
120.0,3.0,0.0,1.0,0.0
207.0,2.0,1.0,0.0,0.0
180.0,2.0,0.0,1.0,0.0
109.0,2.0,0.0,0.0,0.0
148.0,3.0,0.0,1.0,0.0
145.0,2.0,0.0,0.0,0.0
136.0,1.0,1.0,1.0,0.0
164.0,1.0,1.0,0.0,0.0
261.0,1.0,1.0,0.0,0.0
205.0,2.0,0.0,0.0,0.0
176.0,3.0,1.0,0.0,0.0
119.0,2.0,0.0,1.0,0.0
182.0,2.0,0.0,0.0,0.0
227.0,2.0,1.0,0.0,0.0
200.0,2.0,1.0,1.0,0.0
312.0,2.0,0.0,0.0,0.0
162.0,1.0,1.0,1.0,0.0
198.0,1.0,0.0,0.0,0.0
155.0,2.0,0.0,0.0,0.0
299.0,2.0,0.0,0.0,0.0
177.0,2.0,1.0,0.0,0.0
118.0,3.0,0.0,1.0,0.0
298.0,2.0,0.0,0.0,0.0
61.0,2.0,0.0,0.0,0.0
44.0,2.0,1.0,0.0,0.0
242.0,2.0,1.0,0.0,0.0
230.0,2.0,0.0,0.0,0.0
229.0,2.0,0.0,0.0,0.0
261.0,2.0,1.0,1.0,0.0
154.0,1.0,0.0,1.0,0.0
144.0,2.0,1.0,0.0,0.0
151.0,2.0,1.0,1.0,0.0
156.0,2.0,0.0,0.0,0.0
236.0,2.0,0.0,0.0,0.0
181.0,2.0,1.0,0.0,0.0
186.0,2.0,0.0,1.0,0.0
171.0,3.0,0.0,0.0,0.0
162.0,1.0,1.0,0.0,0.0
236.0,3.0,0.0,1.0,0.0
38.0,3.0,0.0,0.0,0.0
170.0,1.0,0.0,0.0,0.0
215.0,2.0,0.0,0.0,0.0
132.0,1.0,0.0,1.0,0.0
107.0,2.0,1.0,1.0,0.0
171.0,3.0,0.0,0.0,0.0
178.0,1.0,0.0,0.0,0.0
241.0,3.0,1.0,0.0,0.0
233.0,2.0,0.0,1.0,0.0
205.0,1.0,1.0,0.0,0.0
101.0,2.0,0.0,0.0,0.0
192.0,1.0,0.0,0.0,0.0
91.0,3.0,1.0,0.0,0.0
224.0,1.0,0.0,0.0,0.0
231.0,2.0,1.0,1.0,0.0
277.0,2.0,1.0,0.0,0.0
228.0,2.0,1.0,0.0,0.0
157.0,2.0,0.0,0.0,0.0
222.0,2.0,0.0,0.0,0.0
239.0,2.0,1.0,0.0,0.0
188.0,1.0,0.0,1.0,0.0
171.0,2.0,1.0,0.0,0.0
146.0,1.0,1.0,0.0,0.0
216.0,2.0,0.0,1.0,0.0
176.0,2.0,0.0,1.0,0.0
58.0,2.0,0.0,0.0,0.0
197.0,2.0,1.0,0.0,0.0
127.0,3.0,0.0,0.0,0.0
210.0,1.0,1.0,0.0,0.0
142.0,3.0,1.0,1.0,0.0
205.0,2.0,1.0,1.0,0.0
184.0,2.0,0.0,0.0,0.0
175.0,2.0,0.0,0.0,0.0
147.0,2.0,0.0,0.0,0.0
210.0,3.0,0.0,0.0,0.0
276.0,2.0,0.0,0.0,0.0
278.0,2.0,0.0,0.0,0.0
259.0,2.0,0.0,0.0,0.0
164.0,2.0,0.0,1.0,0.0
338.0,2.0,1.0,0.0,0.0
147.0,3.0,1.0,1.0,0.0
235.0,2.0,0.0,0.0,0.0
168.0,3.0,0.0,0.0,0.0
258.0,2.0,0.0,1.0,0.0
156.0,2.0,0.0,0.0,0.0
141.0,1.0,1.0,1.0,0.0
169.0,1.0,0.0,0.0,0.0
121.0,2.0,1.0,0.0,0.0
290.0,2.0,1.0,1.0,0.0
182.0,2.0,0.0,0.0,0.0
177.0,3.0,0.0,0.0,0.0
71.0,2.0,0.0,0.0,0.0
135.0,2.0,1.0,0.0,0.0
296.0,2.0,0.0,1.0,0.0
237.0,2.0,0.0,0.0,0.0
207.0,2.0,0.0,0.0,0.0
191.0,2.0,0.0,0.0,0.0
217.0,3.0,0.0,0.0,0.0
226.0,2.0,1.0,0.0,0.0
275.0,2.0,0.0,0.0,0.0
154.0,2.0,1.0,0.0,0.0
149.0,2.0,1.0,0.0,0.0
119.0,2.0,0.0,0.0,0.0
224.0,2.0,0.0,0.0,0.0
178.0,2.0,0.0,1.0,0.0
208.0,2.0,1.0,0.0,0.0
127.0,2.0,0.0,0.0,0.0
73.0,1.0,0.0,1.0,0.0
233.0,3.0,0.0,0.0,0.0
196.0,3.0,1.0,0.0,0.0
233.0,3.0,1.0,0.0,0.0
123.0,2.0,0.0,0.0,0.0
142.0,1.0,0.0,1.0,0.0
242.0,1.0,1.0,0.0,0.0
110.0,2.0,0.0,0.0,0.0
114.0,3.0,0.0,0.0,0.0
220.0,2.0,0.0,0.0,0.0
116.0,2.0,0.0,0.0,0.0
212.0,2.0,1.0,1.0,0.0
78.0,2.0,0.0,0.0,0.0
128.0,3.0,0.0,1.0,0.0
202.0,2.0,0.0,0.0,0.0
239.0,2.0,1.0,1.0,0.0
109.0,-0.0,1.0,1.0,0.0
77.0,2.0,0.0,0.0,0.0
256.0,1.0,0.0,0.0,0.0
179.0,3.0,0.0,1.0,0.0
157.0,2.0,1.0,1.0,0.0
199.0,2.0,0.0,0.0,0.0
188.0,2.0,0.0,0.0,0.0
154.0,3.0,0.0,1.0,0.0
122.0,2.0,0.0,0.0,0.0
233.0,1.0,0.0,1.0,0.0
114.0,2.0,0.0,1.0,0.0
179.0,2.0,1.0,1.0,0.0
119.0,1.0,1.0,0.0,0.0
85.0,2.0,1.0,1.0,0.0
156.0,3.0,1.0,0.0,0.0
214.0,2.0,1.0,1.0,0.0
107.0,3.0,0.0,0.0,0.0
264.0,2.0,1.0,1.0,0.0
124.0,2.0,0.0,0.0,0.0
201.0,2.0,1.0,1.0,0.0
106.0,3.0,0.0,0.0,0.0
142.0,1.0,0.0,0.0,0.0
157.0,2.0,0.0,0.0,0.0
298.0,2.0,0.0,1.0,0.0
66.0,1.0,0.0,0.0,0.0
201.0,2.0,0.0,0.0,0.0
188.0,1.0,0.0,1.0,0.0
127.0,2.0,0.0,1.0,0.0
100.0,2.0,0.0,0.0,0.0
239.0,2.0,0.0,1.0,0.0
209.0,2.0,0.0,0.0,0.0
197.0,3.0,0.0,0.0,0.0
220.0,2.0,0.0,0.0,0.0
213.0,2.0,0.0,1.0,0.0
111.0,2.0,0.0,0.0,0.0
153.0,2.0,0.0,1.0,0.0
176.0,2.0,1.0,1.0,0.0
118.0,1.0,1.0,0.0,0.0
92.0,2.0,0.0,0.0,0.0
66.0,2.0,0.0,0.0,0.0
195.0,1.0,0.0,1.0,0.0
120.0,2.0,0.0,0.0,0.0
208.0,2.0,1.0,0.0,0.0
130.0,3.0,0.0,0.0,0.0
254.0,2.0,0.0,0.0,0.0
125.0,3.0,0.0,0.0,0.0
253.0,1.0,1.0,1.0,0.0
157.0,2.0,0.0,0.0,0.0
147.0,1.0,0.0,0.0,0.0
239.0,2.0,1.0,0.0,0.0
219.0,2.0,1.0,1.0,0.0
190.0,2.0,1.0,0.0,0.0
154.0,2.0,0.0,1.0,0.0
226.0,1.0,0.0,1.0,0.0
160.0,2.0,1.0,0.0,0.0
148.0,2.0,1.0,1.0,0.0
188.0,3.0,0.0,0.0,0.0
209.0,2.0,0.0,1.0,0.0
146.0,2.0,0.0,1.0,0.0
205.0,2.0,1.0,0.0,0.0
179.0,3.0,0.0,0.0,0.0
145.0,2.0,1.0,0.0,0.0
152.0,2.0,1.0,0.0,0.0
55.0,2.0,0.0,0.0,0.0
88.0,2.0,0.0,1.0,0.0
194.0,2.0,0.0,0.0,0.0
135.0,2.0,1.0,0.0,0.0
224.0,2.0,1.0,1.0,0.0
194.0,1.0,0.0,0.0,0.0
232.0,1.0,0.0,1.0,0.0
97.0,3.0,0.0,0.0,0.0
147.0,2.0,0.0,1.0,0.0
236.0,1.0,1.0,0.0,0.0
203.0,2.0,1.0,1.0,0.0
183.0,1.0,1.0,1.0,0.0
159.0,2.0,1.0,0.0,0.0
197.0,2.0,0.0,0.0,0.0
114.0,3.0,1.0,0.0,0.0
57.0,2.0,0.0,0.0,0.0
212.0,2.0,0.0,0.0,0.0
156.0,3.0,1.0,0.0,0.0
172.0,3.0,0.0,1.0,0.0
170.0,2.0,0.0,0.0,0.0
192.0,2.0,0.0,0.0,0.0
153.0,2.0,0.0,0.0,0.0
163.0,2.0,0.0,0.0,0.0
232.0,1.0,1.0,0.0,0.0
234.0,2.0,1.0,0.0,0.0
221.0,3.0,0.0,0.0,0.0
88.0,2.0,1.0,1.0,0.0
107.0,2.0,1.0,1.0,0.0
130.0,1.0,1.0,1.0,0.0
254.0,2.0,1.0,1.0,0.0
317.0,2.0,0.0,1.0,0.0
154.0,2.0,0.0,1.0,0.0
287.0,2.0,0.0,0.0,0.0
332.0,3.0,0.0,0.0,0.0
85.0,1.0,0.0,1.0,0.0
296.0,2.0,1.0,0.0,0.0
238.0,2.0,1.0,0.0,0.0
170.0,2.0,0.0,1.0,0.0
300.0,1.0,0.0,0.0,0.0
272.0,2.0,1.0,1.0,0.0
278.0,2.0,0.0,0.0,0.0
149.0,2.0,0.0,1.0,0.0
164.0,2.0,1.0,0.0,0.0
173.0,2.0,1.0,1.0,0.0
174.0,2.0,0.0,0.0,0.0
127.0,2.0,0.0,0.0,0.0
113.0,2.0,1.0,1.0,0.0
141.0,2.0,1.0,0.0,0.0
132.0,2.0,0.0,1.0,0.0
124.0,2.0,1.0,1.0,0.0
174.0,2.0,0.0,0.0,0.0
198.0,2.0,0.0,0.0,0.0
234.0,2.0,1.0,0.0,0.0
116.0,1.0,1.0,1.0,0.0
118.0,2.0,0.0,0.0,0.0
230.0,2.0,0.0,1.0,0.0
193.0,3.0,0.0,0.0,0.0
190.0,2.0,0.0,0.0,0.0
137.0,2.0,0.0,0.0,0.0
168.0,3.0,0.0,1.0,0.0
198.0,2.0,1.0,1.0,0.0
192.0,2.0,0.0,0.0,0.0
319.0,2.0,1.0,0.0,0.0
192.0,2.0,0.0,1.0,0.0
182.0,2.0,0.0,1.0,0.0
98.0,2.0,0.0,1.0,0.0
237.0,1.0,0.0,0.0,0.0
117.0,3.0,0.0,0.0,0.0
134.0,2.0,1.0,1.0,0.0
199.0,2.0,1.0,1.0,0.0
220.0,1.0,1.0,0.0,0.0
145.0,2.0,0.0,0.0,0.0
195.0,2.0,0.0,1.0,0.0
192.0,3.0,0.0,1.0,0.0
205.0,2.0,1.0,1.0,0.0
233.0,2.0,0.0,1.0,0.0
208.0,2.0,1.0,0.0,0.0
190.0,2.0,0.0,1.0,0.0
153.0,2.0,0.0,0.0,0.0
175.0,2.0,0.0,1.0,0.0
190.0,2.0,0.0,1.0,0.0
222.0,3.0,0.0,1.0,0.0
246.0,2.0,0.0,1.0,0.0
162.0,1.0,0.0,1.0,0.0
104.0,2.0,1.0,1.0,0.0
170.0,2.0,0.0,0.0,0.0
123.0,1.0,0.0,0.0,0.0
214.0,2.0,0.0,1.0,0.0
91.0,3.0,0.0,0.0,0.0
207.0,1.0,0.0,1.0,0.0
191.0,1.0,0.0,0.0,0.0
232.0,2.0,0.0,1.0,0.0
195.0,2.0,0.0,0.0,0.0
107.0,1.0,0.0,0.0,0.0
217.0,2.0,1.0,0.0,0.0
230.0,3.0,0.0,1.0,0.0
146.0,2.0,0.0,0.0,0.0
188.0,2.0,0.0,1.0,0.0
115.0,2.0,0.0,1.0,0.0
166.0,1.0,1.0,1.0,0.0
126.0,2.0,1.0,0.0,0.0
121.0,3.0,0.0,1.0,0.0
308.0,2.0,0.0,0.0,0.0
146.0,3.0,1.0,0.0,0.0
151.0,2.0,0.0,0.0,0.0
165.0,1.0,0.0,0.0,0.0
169.0,2.0,1.0,0.0,0.0
99.0,3.0,0.0,0.0,0.0
157.0,2.0,0.0,0.0,0.0
220.0,2.0,1.0,1.0,0.0
180.0,2.0,0.0,0.0,0.0
154.0,2.0,1.0,0.0,0.0
163.0,2.0,1.0,0.0,0.0
189.0,2.0,0.0,0.0,0.0
192.0,3.0,1.0,0.0,0.0
221.0,2.0,0.0,1.0,0.0
186.0,1.0,0.0,1.0,0.0
151.0,1.0,0.0,0.0,0.0
215.0,2.0,1.0,0.0,0.0
203.0,3.0,0.0,1.0,0.0
121.0,2.0,0.0,0.0,0.0
79.0,2.0,1.0,0.0,0.0
161.0,1.0,0.0,1.0,0.0
145.0,2.0,1.0,0.0,0.0
158.0,2.0,0.0,1.0,0.0
146.0,2.0,1.0,0.0,0.0
165.0,2.0,0.0,1.0,0.0
231.0,2.0,0.0,0.0,0.0
168.0,2.0,0.0,0.0,0.0
108.0,3.0,1.0,0.0,0.0
155.0,2.0,1.0,0.0,0.0
187.0,2.0,0.0,1.0,0.0
152.0,2.0,0.0,0.0,0.0
136.0,2.0,0.0,0.0,0.0
235.0,1.0,0.0,0.0,0.0
206.0,3.0,1.0,1.0,0.0
179.0,3.0,1.0,0.0,0.0
254.0,2.0,1.0,0.0,0.0
286.0,3.0,1.0,1.0,0.0
83.0,2.0,1.0,1.0,0.0
134.0,2.0,1.0,0.0,0.0
196.0,2.0,0.0,0.0,0.0
221.0,2.0,0.0,0.0,0.0
171.0,2.0,0.0,0.0,0.0
218.0,2.0,1.0,0.0,0.0
186.0,1.0,0.0,0.0,0.0
163.0,3.0,0.0,1.0,0.0
126.0,1.0,0.0,0.0,0.0
312.0,3.0,0.0,0.0,0.0
298.0,2.0,1.0,0.0,0.0
253.0,2.0,0.0,0.0,0.0
139.0,3.0,1.0,0.0,0.0
236.0,2.0,1.0,1.0,0.0
77.0,2.0,1.0,0.0,0.0
196.0,2.0,0.0,0.0,0.0
176.0,2.0,1.0,1.0,0.0
166.0,2.0,1.0,1.0,0.0
267.0,2.0,0.0,0.0,0.0
176.0,2.0,0.0,1.0,0.0
102.0,2.0,0.0,0.0,0.0
74.0,2.0,1.0,1.0,0.0
187.0,1.0,0.0,0.0,0.0
182.0,2.0,1.0,0.0,0.0
132.0,2.0,1.0,0.0,0.0
365.0,2.0,0.0,0.0,0.0
129.0,2.0,0.0,1.0,0.0
147.0,2.0,1.0,0.0,0.0
258.0,2.0,0.0,0.0,0.0
181.0,2.0,0.0,1.0,0.0
244.0,3.0,0.0,1.0,0.0
156.0,1.0,0.0,0.0,0.0
199.0,2.0,1.0,0.0,0.0
183.0,2.0,0.0,1.0,0.0
225.0,2.0,0.0,0.0,0.0
172.0,2.0,0.0,0.0,0.0
99.0,2.0,0.0,0.0,0.0
203.0,2.0,0.0,0.0,0.0
164.0,2.0,1.0,0.0,0.0
150.0,2.0,0.0,0.0,0.0
178.0,2.0,0.0,0.0,0.0
234.0,1.0,0.0,0.0,0.0
43.0,2.0,1.0,0.0,0.0
251.0,2.0,0.0,0.0,0.0
218.0,3.0,0.0,0.0,0.0
183.0,2.0,0.0,1.0,0.0
15.0,3.0,1.0,0.0,0.0
92.0,3.0,0.0,0.0,0.0
175.0,3.0,0.0,1.0,0.0
177.0,2.0,0.0,0.0,0.0
179.0,2.0,1.0,1.0,0.0
161.0,2.0,0.0,0.0,0.0
258.0,2.0,0.0,0.0,0.0
155.0,2.0,0.0,0.0,0.0
281.0,2.0,0.0,0.0,0.0
148.0,2.0,1.0,1.0,0.0
207.0,2.0,0.0,1.0,0.0
120.0,2.0,1.0,0.0,0.0
225.0,2.0,0.0,1.0,0.0
119.0,1.0,0.0,1.0,0.0
87.0,2.0,1.0,0.0,0.0
264.0,2.0,0.0,0.0,0.0
139.0,2.0,0.0,0.0,0.0
76.0,2.0,0.0,0.0,0.0
143.0,2.0,0.0,1.0,0.0
156.0,2.0,1.0,0.0,0.0
228.0,3.0,0.0,0.0,0.0
67.0,2.0,0.0,1.0,0.0
174.0,1.0,1.0,1.0,0.0
106.0,2.0,0.0,1.0,0.0
122.0,2.0,0.0,1.0,0.0
102.0,2.0,1.0,0.0,0.0
332.0,2.0,0.0,0.0,0.0
230.0,2.0,0.0,0.0,0.0
144.0,2.0,0.0,1.0,0.0
105.0,2.0,0.0,0.0,0.0
198.0,2.0,0.0,0.0,0.0
251.0,3.0,0.0,0.0,0.0
106.0,2.0,1.0,0.0,0.0
135.0,2.0,1.0,1.0,0.0
216.0,1.0,1.0,0.0,0.0
178.0,2.0,1.0,1.0,0.0
233.0,2.0,0.0,0.0,0.0
222.0,1.0,0.0,1.0,0.0
131.0,2.0,0.0,0.0,0.0
182.0,2.0,1.0,1.0,0.0
248.0,1.0,1.0,0.0,0.0
173.0,2.0,0.0,1.0,0.0
248.0,1.0,1.0,0.0,0.0
190.0,3.0,0.0,0.0,0.0
163.0,3.0,0.0,0.0,0.0
123.0,2.0,1.0,0.0,0.0
226.0,3.0,0.0,1.0,0.0
288.0,2.0,0.0,0.0,0.0
112.0,2.0,1.0,1.0,0.0
156.0,2.0,1.0,1.0,0.0
163.0,2.0,1.0,0.0,0.0
65.0,1.0,0.0,0.0,0.0
212.0,1.0,0.0,0.0,0.0
172.0,1.0,0.0,1.0,0.0
300.0,2.0,0.0,0.0,0.0
226.0,2.0,0.0,0.0,0.0
101.0,3.0,1.0,1.0,0.0
216.0,2.0,1.0,1.0,0.0
186.0,3.0,0.0,0.0,0.0
126.0,1.0,0.0,1.0,0.0
57.0,2.0,1.0,0.0,0.0
175.0,2.0,1.0,0.0,0.0
175.0,1.0,0.0,0.0,0.0
150.0,2.0,0.0,1.0,0.0
167.0,2.0,0.0,0.0,0.0
156.0,2.0,1.0,1.0,0.0
175.0,2.0,0.0,0.0,0.0
45.0,2.0,0.0,0.0,0.0
173.0,2.0,1.0,0.0,0.0
227.0,2.0,0.0,0.0,0.0
151.0,1.0,1.0,1.0,0.0
258.0,2.0,0.0,0.0,0.0
221.0,2.0,0.0,0.0,0.0
85.0,1.0,1.0,0.0,0.0
96.0,1.0,0.0,1.0,0.0
122.0,3.0,1.0,1.0,0.0
202.0,2.0,0.0,0.0,0.0
201.0,2.0,0.0,0.0,0.0
183.0,2.0,0.0,1.0,0.0
163.0,2.0,0.0,1.0,0.0
88.0,2.0,0.0,1.0,0.0
244.0,2.0,0.0,1.0,0.0
158.0,1.0,1.0,1.0,0.0
136.0,2.0,0.0,1.0,0.0
159.0,2.0,0.0,0.0,0.0
216.0,3.0,1.0,0.0,0.0
144.0,3.0,0.0,1.0,0.0
192.0,2.0,0.0,0.0,0.0
200.0,2.0,0.0,0.0,0.0
286.0,2.0,1.0,0.0,0.0
176.0,1.0,0.0,0.0,0.0
275.0,1.0,1.0,0.0,0.0
104.0,3.0,0.0,0.0,0.0
108.0,2.0,0.0,1.0,0.0
194.0,2.0,0.0,0.0,0.0
274.0,2.0,1.0,0.0,0.0
233.0,2.0,1.0,1.0,0.0
358.0,2.0,1.0,0.0,0.0
192.0,2.0,0.0,1.0,0.0
265.0,2.0,0.0,0.0,0.0
187.0,2.0,1.0,0.0,0.0
173.0,2.0,0.0,1.0,0.0
151.0,1.0,0.0,0.0,0.0
187.0,3.0,0.0,1.0,0.0
206.0,2.0,1.0,0.0,0.0
200.0,3.0,1.0,0.0,0.0
183.0,1.0,0.0,0.0,0.0
214.0,3.0,1.0,0.0,0.0
200.0,2.0,0.0,1.0,0.0
201.0,1.0,0.0,0.0,0.0
138.0,1.0,0.0,0.0,0.0
114.0,2.0,1.0,0.0,0.0
197.0,2.0,1.0,1.0,0.0
153.0,1.0,0.0,0.0,0.0
112.0,3.0,0.0,1.0,0.0
260.0,1.0,0.0,0.0,0.0
141.0,2.0,0.0,0.0,0.0
162.0,3.0,1.0,0.0,0.0
105.0,3.0,1.0,1.0,0.0
119.0,2.0,0.0,1.0,0.0
269.0,1.0,1.0,0.0,0.0
175.0,2.0,0.0,0.0,0.0
185.0,2.0,0.0,0.0,0.0
265.0,3.0,1.0,1.0,0.0
221.0,1.0,0.0,0.0,0.0
176.0,2.0,0.0,0.0,0.0
144.0,2.0,0.0,0.0,0.0
194.0,3.0,0.0,0.0,0.0
276.0,2.0,0.0,0.0,0.0
171.0,2.0,0.0,0.0,0.0
195.0,2.0,0.0,0.0,0.0
208.0,2.0,0.0,0.0,0.0
120.0,3.0,0.0,1.0,0.0
58.0,2.0,1.0,1.0,0.0
249.0,3.0,0.0,0.0,0.0
276.0,2.0,0.0,1.0,0.0
245.0,2.0,0.0,0.0,0.0
184.0,2.0,0.0,1.0,0.0
123.0,1.0,0.0,1.0,0.0
165.0,2.0,1.0,0.0,0.0
161.0,1.0,0.0,1.0,0.0
85.0,2.0,0.0,0.0,0.0
180.0,1.0,0.0,0.0,0.0
156.0,3.0,0.0,1.0,0.0
93.0,1.0,1.0,1.0,0.0
277.0,2.0,0.0,1.0,0.0
89.0,1.0,1.0,0.0,0.0
258.0,2.0,1.0,1.0,0.0
210.0,2.0,0.0,0.0,0.0
132.0,3.0,0.0,0.0,0.0
96.0,1.0,0.0,0.0,0.0
165.0,1.0,1.0,0.0,0.0
147.0,2.0,0.0,0.0,0.0
165.0,2.0,0.0,0.0,0.0
209.0,1.0,0.0,1.0,0.0
55.0,2.0,0.0,0.0,0.0
4.0,3.0,0.0,0.0,0.0
179.0,2.0,1.0,1.0,0.0
170.0,2.0,0.0,0.0,0.0
211.0,2.0,1.0,0.0,0.0
195.0,1.0,1.0,1.0,0.0
106.0,2.0,1.0,0.0,0.0
114.0,3.0,0.0,0.0,0.0
193.0,2.0,0.0,1.0,0.0
214.0,2.0,0.0,0.0,0.0
251.0,2.0,0.0,0.0,0.0
163.0,1.0,1.0,0.0,0.0
328.0,2.0,0.0,1.0,0.0
156.0,2.0,1.0,0.0,0.0
200.0,2.0,1.0,1.0,0.0
156.0,2.0,1.0,0.0,0.0
156.0,2.0,1.0,0.0,0.0
114.0,2.0,1.0,0.0,0.0
198.0,2.0,1.0,0.0,0.0
159.0,2.0,1.0,0.0,0.0
147.0,2.0,0.0,0.0,0.0
164.0,2.0,0.0,0.0,0.0
201.0,3.0,1.0,1.0,0.0
176.0,2.0,0.0,0.0,0.0
143.0,2.0,1.0,0.0,0.0
209.0,3.0,0.0,0.0,0.0
243.0,2.0,0.0,1.0,0.0
164.0,2.0,1.0,0.0,0.0
184.0,2.0,1.0,1.0,0.0
295.0,2.0,0.0,1.0,0.0
173.0,2.0,1.0,0.0,0.0
227.0,2.0,1.0,0.0,0.0
78.0,2.0,0.0,0.0,0.0
129.0,2.0,1.0,1.0,0.0
127.0,2.0,1.0,1.0,0.0
239.0,3.0,1.0,0.0,0.0
133.0,3.0,1.0,0.0,0.0
236.0,2.0,1.0,1.0,0.0
292.0,1.0,0.0,0.0,0.0
234.0,2.0,0.0,0.0,0.0
127.0,2.0,0.0,1.0,0.0
171.0,2.0,0.0,0.0,0.0
101.0,2.0,1.0,1.0,0.0
260.0,3.0,0.0,0.0,0.0
208.0,3.0,0.0,1.0,0.0
134.0,2.0,0.0,1.0,0.0
161.0,3.3,0.0,0.0,0.0
95.6,2.4,1.0,1.0,0.0
287.2,2.8,0.0,0.0,0.0
159.4,2.6,0.0,0.0,0.0
181.8,2.0,1.0,1.0,0.0
161.0,1.9,0.0,1.0,0.0
139.6,3.2,1.0,1.0,0.0
209.5,1.3,0.0,0.0,0.0
204.4,2.4,0.0,1.0,0.0
193.8,1.2,0.0,1.0,0.0
267.8,2.4,1.0,0.0,0.0
121.5,2.3,1.0,0.0,0.0
207.5,2.7,1.0,1.0,0.0
372.8,2.5,0.0,1.0,0.0
145.5,2.3,0.0,1.0,1.0
137.2,1.8,1.0,1.0,0.0
319.0,2.5,0.0,1.0,1.0
269.4,2.2,0.0,1.0,0.0
186.8,1.8,0.0,0.0,0.0
162.9,1.5,0.0,0.0,0.0
207.0,2.8,0.0,0.0,0.0
137.6,1.7,1.0,0.0,0.0
191.1,1.9,1.0,0.0,0.0
169.7,2.0,0.0,1.0,0.0
146.2,3.2,1.0,0.0,0.0
194.8,4.0,1.0,0.0,0.0
189.5,2.4,0.0,0.0,0.0
290.4,1.8,0.0,1.0,0.0
183.0,1.7,1.0,0.0,0.0
134.6,1.9,1.0,0.0,0.0
213.2,1.6,0.0,0.0,0.0
192.5,1.7,0.0,0.0,0.0
363.2,2.4,1.0,0.0,0.0
130.3,1.5,0.0,0.0,0.0
64.5,2.4,0.0,0.0,0.0
155.3,1.5,1.0,0.0,1.0
151.5,2.4,0.0,0.0,0.0
151.8,2.6,0.0,0.0,0.0
280.6,2.9,0.0,1.0,1.0
204.0,2.2,0.0,0.0,0.0
91.6,2.2,0.0,1.0,0.0
189.1,1.0,0.0,0.0,0.0
107.9,0.8,1.0,0.0,0.0
98.0,2.7,0.0,0.0,0.0
133.7,3.5,0.0,0.0,0.0
58.1,1.3,0.0,0.0,0.0
343.6,3.5,0.0,0.0,1.0
179.8,3.0,0.0,0.0,0.0
205.7,1.2,0.0,0.0,0.0
183.2,2.2,0.0,1.0,1.0
219.8,3.9,0.0,0.0,1.0
126.8,1.0,0.0,0.0,0.0
208.1,2.4,0.0,0.0,0.0
168.6,2.9,0.0,1.0,0.0
226.5,1.8,1.0,0.0,0.0
135.4,1.9,0.0,1.0,1.0
42.5,2.0,0.0,0.0,0.0
194.6,3.1,0.0,1.0,0.0
184.2,2.2,0.0,0.0,0.0
170.9,2.5,1.0,0.0,0.0
262.7,1.0,0.0,0.0,1.0
234.6,0.6,1.0,0.0,0.0
73.3,2.1,1.0,1.0,0.0
200.4,1.1,1.0,1.0,0.0
255.3,2.3,0.0,0.0,0.0
145.2,2.3,0.0,0.0,0.0
163.1,1.8,0.0,1.0,0.0
126.9,2.0,0.0,1.0,0.0
318.5,1.9,1.0,0.0,0.0
220.0,2.6,1.0,0.0,0.0
131.0,1.0,1.0,0.0,0.0
341.8,1.2,0.0,0.0,0.0
161.6,2.1,1.0,0.0,0.0
128.7,2.2,1.0,1.0,0.0
137.3,2.8,0.0,0.0,0.0
328.9,0.0,0.0,0.0,0.0
286.4,2.8,1.0,1.0,0.0
70.7,2.6,0.0,0.0,0.0
265.4,2.5,1.0,0.0,0.0
210.0,1.5,1.0,0.0,0.0
258.8,1.6,0.0,0.0,0.0
146.9,0.6,0.0,1.0,0.0
172.7,2.2,1.0,0.0,0.0
221.7,1.1,0.0,0.0,0.0
100.6,1.8,1.0,1.0,0.0
260.1,1.8,0.0,0.0,0.0
165.8,3.0,0.0,0.0,1.0
154.3,1.4,1.0,1.0,0.0
70.6,1.9,1.0,1.0,0.0
174.4,1.9,0.0,1.0,0.0
294.5,2.1,1.0,1.0,0.0
170.9,2.6,0.0,1.0,0.0
166.2,1.1,1.0,0.0,0.0
140.4,3.0,0.0,0.0,0.0
133.7,2.4,0.0,0.0,1.0
199.0,1.7,0.0,1.0,0.0
139.3,1.5,0.0,1.0,0.0
168.4,2.0,1.0,1.0,0.0
154.7,2.7,0.0,0.0,0.0
43.6,1.4,0.0,0.0,0.0
138.8,1.9,0.0,0.0,0.0
167.0,2.0,0.0,0.0,0.0
195.0,0.5,1.0,0.0,0.0
320.5,0.8,0.0,0.0,0.0
189.8,1.1,1.0,1.0,0.0
224.7,2.4,0.0,0.0,0.0
177.0,1.8,1.0,0.0,0.0
172.9,1.3,1.0,0.0,1.0
152.7,1.4,0.0,1.0,0.0
192.0,0.6,0.0,0.0,0.0
222.9,2.1,0.0,1.0,0.0
270.6,3.1,0.0,0.0,0.0
148.8,1.3,1.0,0.0,0.0
284.8,1.2,1.0,1.0,0.0
122.0,0.9,0.0,0.0,0.0
159.0,2.4,1.0,1.0,0.0
294.8,1.2,1.0,0.0,0.0
96.4,0.7,1.0,0.0,0.0
301.6,1.2,1.0,0.0,0.0
193.9,2.5,0.0,1.0,0.0
164.0,3.0,0.0,0.0,0.0
156.4,2.8,1.0,1.0,0.0
113.2,2.7,1.0,0.0,0.0
194.2,2.6,0.0,0.0,0.0
218.6,2.5,0.0,0.0,0.0
225.6,1.2,1.0,0.0,0.0
209.1,0.5,1.0,0.0,0.0
40.3,2.5,1.0,0.0,0.0
143.6,2.2,0.0,0.0,0.0
209.1,4.0,1.0,1.0,1.0
190.4,1.5,1.0,0.0,0.0
152.3,2.2,1.0,1.0,0.0
152.7,3.1,0.0,1.0,0.0
178.0,0.0,0.0,1.0,0.0
121.2,2.8,0.0,0.0,0.0
213.7,1.1,0.0,1.0,0.0
212.4,2.6,0.0,1.0,0.0
128.4,1.2,0.0,0.0,0.0
158.0,2.6,1.0,0.0,0.0
271.5,1.2,0.0,0.0,0.0
205.4,2.1,1.0,1.0,0.0
284.1,1.7,1.0,1.0,1.0
190.9,2.8,0.0,0.0,0.0
184.9,2.1,0.0,1.0,0.0
148.7,1.3,1.0,0.0,0.0
193.9,3.5,1.0,0.0,0.0
225.5,2.2,1.0,1.0,0.0
285.3,2.0,0.0,0.0,0.0
256.9,0.5,0.0,1.0,0.0
172.6,2.4,0.0,1.0,0.0
222.9,1.3,0.0,0.0,0.0
236.5,3.6,0.0,0.0,1.0
178.4,2.0,1.0,0.0,0.0
234.4,3.5,0.0,0.0,0.0
58.4,2.2,0.0,0.0,0.0
150.9,2.1,1.0,0.0,0.0
250.6,3.3,0.0,0.0,0.0
135.9,2.4,0.0,1.0,0.0
151.2,1.4,0.0,1.0,0.0
53.5,2.6,0.0,0.0,0.0
110.6,0.8,0.0,1.0,0.0
53.4,2.1,0.0,0.0,1.0
214.4,2.1,0.0,0.0,0.0
195.5,2.9,0.0,0.0,0.0
231.8,2.7,1.0,1.0,0.0
237.6,1.9,1.0,1.0,0.0
129.1,2.5,1.0,0.0,0.0
80.6,2.1,1.0,1.0,0.0
265.2,1.7,0.0,0.0,0.0
255.6,2.0,0.0,1.0,0.0
148.5,2.7,1.0,1.0,0.0
174.1,1.6,1.0,1.0,0.0
209.6,1.4,0.0,1.0,0.0
191.3,2.0,1.0,1.0,0.0
222.0,1.7,0.0,0.0,0.0
189.8,2.1,1.0,1.0,0.0
34.3,2.8,1.0,0.0,0.0
208.0,1.5,0.0,0.0,0.0
170.5,2.0,1.0,0.0,0.0
222.3,2.8,1.0,0.0,0.0
201.4,2.3,0.0,0.0,0.0
345.4,2.7,0.0,0.0,1.0
287.6,3.3,0.0,0.0,0.0
150.7,3.3,0.0,0.0,1.0
237.6,2.9,0.0,0.0,0.0
47.4,1.6,0.0,1.0,0.0
250.9,2.5,0.0,0.0,0.0
186.2,2.2,1.0,1.0,1.0
198.7,0.9,1.0,1.0,0.0
136.6,2.3,0.0,0.0,0.0
186.7,3.1,1.0,1.0,1.0
140.3,2.2,0.0,0.0,0.0
234.5,2.0,1.0,0.0,0.0
190.2,1.7,1.0,1.0,0.0
291.2,2.1,0.0,0.0,0.0
207.0,2.5,1.0,0.0,0.0
116.3,0.7,1.0,1.0,0.0
134.6,2.4,0.0,1.0,0.0
92.0,0.9,1.0,0.0,0.0
168.3,2.3,0.0,0.0,0.0
186.6,1.4,0.0,1.0,0.0
95.1,2.8,0.0,0.0,0.0
114.0,2.7,1.0,1.0,1.0
116.8,2.4,0.0,1.0,0.0
186.0,1.2,0.0,1.0,0.0
281.3,1.2,1.0,1.0,0.0
191.8,1.7,0.0,0.0,0.0
271.3,2.8,1.0,0.0,0.0
199.4,3.2,1.0,0.0,0.0
191.3,1.5,0.0,1.0,0.0
132.6,2.0,0.0,0.0,0.0
170.3,1.4,0.0,0.0,0.0
179.1,1.8,0.0,0.0,0.0
185.0,1.7,0.0,0.0,0.0
265.9,1.3,1.0,0.0,0.0
269.1,2.6,0.0,0.0,0.0
162.6,2.1,0.0,0.0,0.0
54.8,2.5,0.0,1.0,0.0
228.5,3.1,0.0,0.0,0.0
205.2,2.5,1.0,0.0,0.0
117.8,0.9,0.0,0.0,0.0
138.5,2.4,1.0,0.0,0.0
227.7,1.8,0.0,0.0,0.0
84.2,1.3,0.0,0.0,0.0
169.0,0.7,0.0,1.0,0.0
109.8,2.2,0.0,0.0,0.0
178.4,0.6,1.0,1.0,0.0
257.5,0.2,1.0,0.0,0.0
112.9,1.9,1.0,0.0,0.0
114.3,2.2,1.0,0.0,0.0
148.0,1.8,1.0,1.0,0.0
197.1,2.5,0.0,1.0,0.0
70.5,1.7,0.0,1.0,0.0
226.3,2.3,0.0,0.0,0.0
226.3,2.2,1.0,0.0,0.0
116.7,2.0,0.0,0.0,0.0
109.5,2.7,0.0,0.0,0.0
172.9,3.0,0.0,1.0,0.0
266.1,2.6,0.0,1.0,0.0
114.0,3.5,0.0,0.0,0.0
254.1,1.9,1.0,0.0,0.0
45.5,2.3,1.0,0.0,0.0
194.0,2.7,0.0,1.0,0.0
261.2,1.3,1.0,0.0,0.0
194.9,0.8,0.0,1.0,0.0
54.0,1.5,0.0,0.0,0.0
152.0,3.1,0.0,0.0,0.0
201.4,2.1,0.0,0.0,0.0
81.9,2.2,1.0,0.0,0.0
160.7,0.8,0.0,0.0,0.0
121.6,2.7,0.0,0.0,0.0
255.8,2.0,0.0,1.0,0.0
214.2,1.5,1.0,1.0,0.0
64.8,2.6,1.0,1.0,0.0
106.0,3.0,1.0,1.0,0.0
204.8,1.9,0.0,0.0,0.0
116.1,1.7,0.0,0.0,0.0
187.1,1.4,0.0,0.0,0.0
133.3,1.9,0.0,0.0,0.0
92.5,2.4,1.0,1.0,0.0
200.3,1.6,1.0,0.0,0.0
293.8,3.6,1.0,1.0,0.0
196.4,2.5,1.0,1.0,1.0
242.9,1.5,0.0,1.0,0.0
197.3,3.1,0.0,1.0,0.0
133.0,1.3,0.0,0.0,0.0
152.2,2.0,1.0,0.0,0.0
117.9,2.1,1.0,0.0,0.0
321.3,2.3,0.0,1.0,0.0
174.5,1.4,1.0,0.0,0.0
17.7,2.9,1.0,0.0,0.0
77.4,2.4,1.0,0.0,0.0
282.0,1.2,0.0,0.0,0.0
283.3,2.7,0.0,0.0,0.0
234.6,1.0,0.0,1.0,0.0
156.8,1.8,0.0,1.0,0.0
105.3,1.7,1.0,1.0,0.0
110.6,1.9,0.0,0.0,0.0
153.2,0.3,0.0,1.0,0.0
224.0,0.3,0.0,0.0,0.0
165.0,1.7,0.0,0.0,0.0
169.9,2.6,0.0,0.0,0.0
197.0,0.8,1.0,0.0,0.0
134.8,2.4,0.0,0.0,0.0
236.3,2.5,0.0,0.0,0.0
228.3,2.7,0.0,0.0,0.0
174.8,2.4,1.0,0.0,0.0
213.4,0.8,0.0,1.0,0.0
153.1,2.0,0.0,1.0,0.0
134.2,3.3,1.0,0.0,0.0
205.4,1.9,0.0,1.0,0.0
145.0,2.8,1.0,0.0,0.0
215.2,2.6,0.0,0.0,0.0
24.2,2.9,0.0,1.0,0.0
209.7,2.1,0.0,1.0,0.0
166.6,0.9,1.0,0.0,0.0
196.0,1.8,1.0,1.0,0.0
176.0,1.9,1.0,0.0,0.0
51.6,2.8,1.0,0.0,0.0
111.2,2.0,0.0,0.0,0.0
205.1,2.9,1.0,1.0,0.0
220.4,2.1,0.0,0.0,0.0
178.6,0.9,1.0,1.0,0.0
128.9,2.8,0.0,0.0,0.0
87.1,2.1,1.0,1.0,0.0
192.1,1.0,0.0,0.0,0.0
156.9,1.4,1.0,0.0,0.0
94.3,2.6,0.0,0.0,0.0
160.8,1.6,0.0,1.0,0.0
241.7,2.6,1.0,1.0,0.0
91.0,2.4,0.0,1.0,0.0
148.2,1.5,0.0,0.0,0.0
243.6,1.1,1.0,0.0,0.0
258.7,1.4,0.0,0.0,0.0
171.5,0.7,0.0,0.0,0.0
171.1,2.8,1.0,1.0,0.0
42.6,0.8,1.0,0.0,0.0
160.9,1.2,0.0,1.0,0.0
260.6,2.3,0.0,1.0,0.0
128.1,0.5,0.0,1.0,0.0
146.6,3.5,0.0,1.0,0.0
156.4,1.8,0.0,0.0,0.0
199.7,1.9,1.0,1.0,0.0
102.1,3.2,0.0,0.0,0.0
241.2,1.8,0.0,0.0,0.0
68.6,1.9,1.0,0.0,0.0
115.5,1.6,1.0,0.0,0.0
90.6,1.0,1.0,1.0,0.0
115.5,1.4,1.0,0.0,0.0
164.7,1.1,0.0,0.0,0.0
217.7,1.5,1.0,0.0,0.0
209.9,1.5,0.0,1.0,1.0
297.3,1.6,0.0,0.0,0.0
132.2,0.3,0.0,0.0,0.0
144.3,1.6,0.0,1.0,0.0
213.0,1.9,0.0,0.0,0.0
176.4,1.6,1.0,1.0,0.0
208.3,3.0,0.0,0.0,0.0
130.1,2.0,0.0,0.0,0.0
266.7,3.3,1.0,1.0,0.0
203.7,1.0,0.0,0.0,0.0
91.9,0.5,1.0,1.0,0.0
35.4,2.1,1.0,1.0,0.0
191.2,2.3,1.0,1.0,0.0
31.1,2.5,1.0,0.0,0.0
269.9,2.1,1.0,1.0,1.0
188.0,2.4,0.0,1.0,0.0
189.8,2.6,1.0,0.0,0.0
208.8,2.2,0.0,1.0,0.0
221.9,1.1,0.0,0.0,0.0
326.7,1.9,0.0,1.0,1.0
173.7,2.7,1.0,0.0,0.0
208.5,3.1,1.0,0.0,0.0
190.2,1.5,1.0,1.0,0.0
178.6,2.3,1.0,1.0,0.0
260.4,1.6,1.0,0.0,0.0
285.4,1.5,1.0,1.0,0.0
129.5,3.0,0.0,1.0,0.0
143.2,2.7,1.0,0.0,0.0
273.8,2.4,1.0,0.0,0.0
158.8,1.3,1.0,0.0,0.0
163.3,2.0,0.0,0.0,0.0
103.8,1.4,1.0,0.0,0.0
214.8,1.7,0.0,0.0,0.0
215.0,3.3,0.0,0.0,0.0
181.0,2.9,0.0,0.0,0.0
222.9,2.4,0.0,1.0,0.0
23.3,3.0,0.0,0.0,0.0
408.3,2.3,0.0,1.0,0.0
75.6,2.1,0.0,1.0,0.0
171.3,2.5,0.0,0.0,0.0
146.0,2.6,0.0,0.0,0.0
135.5,2.1,0.0,1.0,0.0
297.1,2.9,1.0,1.0,0.0
199.4,1.7,1.0,0.0,0.0
2.7,1.3,0.0,0.0,0.0
215.7,2.7,0.0,1.0,1.0
207.6,1.7,0.0,1.0,0.0
222.5,2.0,1.0,1.0,1.0
34.6,1.6,1.0,1.0,0.0
330.4,1.7,1.0,0.0,0.0
118.5,1.3,0.0,1.0,0.0
223.8,1.5,1.0,0.0,0.0
267.5,2.8,0.0,0.0,0.0
202.1,2.4,1.0,0.0,0.0
166.6,1.1,0.0,1.0,0.0
69.4,1.1,1.0,1.0,0.0
190.5,2.3,0.0,1.0,1.0
158.8,1.6,1.0,1.0,0.0
42.8,1.3,1.0,0.0,0.0
211.9,3.1,1.0,1.0,1.0
198.9,3.5,0.0,0.0,0.0
115.7,1.8,1.0,1.0,0.0
293.5,1.8,1.0,0.0,0.0
180.3,1.7,1.0,0.0,0.0
201.6,2.2,0.0,0.0,0.0
36.0,1.8,0.0,0.0,0.0
242.9,1.0,1.0,0.0,0.0
177.5,2.2,1.0,1.0,1.0
236.7,1.1,0.0,0.0,0.0
243.7,1.6,0.0,0.0,0.0
179.2,2.2,0.0,1.0,0.0
237.5,1.8,1.0,1.0,0.0
185.0,3.0,1.0,0.0,0.0
196.1,2.4,0.0,0.0,0.0
180.3,2.9,0.0,0.0,0.0
244.2,2.8,1.0,0.0,1.0
143.5,2.0,0.0,1.0,0.0
191.1,0.4,0.0,0.0,0.0
261.3,0.9,0.0,0.0,0.0
288.4,2.8,1.0,1.0,1.0
244.1,1.6,1.0,0.0,0.0
275.7,2.4,0.0,0.0,0.0
174.8,0.6,0.0,0.0,0.0
250.9,3.1,1.0,1.0,1.0
253.5,2.3,1.0,0.0,0.0
182.3,2.2,0.0,1.0,0.0
110.6,2.0,0.0,0.0,0.0
205.2,1.4,1.0,0.0,0.0
167.1,2.1,0.0,1.0,0.0
125.7,2.0,0.0,1.0,0.0
111.5,1.7,0.0,0.0,0.0
238.0,2.1,1.0,0.0,0.0
215.2,2.3,1.0,0.0,0.0
188.0,0.9,1.0,1.0,0.0
215.9,3.3,1.0,0.0,0.0
139.5,2.2,1.0,0.0,0.0
175.5,1.1,0.0,0.0,0.0
168.4,2.1,1.0,0.0,0.0
282.6,2.1,1.0,0.0,0.0
159.8,2.5,1.0,0.0,1.0
219.8,2.1,1.0,0.0,0.0
199.3,2.6,1.0,0.0,1.0
251.8,1.8,0.0,0.0,0.0
201.3,2.0,0.0,0.0,0.0
278.4,1.3,1.0,1.0,0.0
198.8,1.0,0.0,1.0,0.0
152.5,1.9,1.0,1.0,1.0
192.0,0.6,0.0,1.0,0.0
215.0,2.3,1.0,0.0,0.0
106.4,1.5,0.0,0.0,0.0
288.3,0.5,0.0,1.0,0.0
156.1,1.6,1.0,1.0,1.0
218.7,1.1,0.0,0.0,0.0
146.0,3.8,0.0,1.0,0.0
190.8,4.0,0.0,1.0,0.0
200.4,1.3,0.0,0.0,0.0
165.2,2.1,1.0,1.0,0.0
161.4,1.1,1.0,1.0,0.0
216.4,2.7,1.0,1.0,0.0
178.5,0.8,1.0,0.0,0.0
170.9,0.6,1.0,0.0,0.0
161.3,3.0,0.0,1.0,0.0
331.1,2.9,1.0,1.0,1.0
205.8,0.1,1.0,1.0,0.0
191.1,2.0,0.0,0.0,1.0
181.4,3.3,0.0,1.0,0.0
132.9,1.9,0.0,0.0,0.0
275.7,2.1,0.0,1.0,0.0
119.6,2.7,0.0,1.0,1.0
182.2,2.2,0.0,0.0,0.0
164.7,1.9,0.0,1.0,0.0
281.4,2.9,0.0,1.0,1.0
299.2,1.3,1.0,0.0,0.0
227.0,0.9,0.0,1.0,0.0
233.9,2.3,1.0,0.0,0.0
294.0,2.1,0.0,0.0,0.0
253.2,2.8,0.0,0.0,0.0
289.3,1.5,1.0,0.0,0.0
196.8,1.6,0.0,1.0,0.0
133.0,3.3,0.0,1.0,0.0
304.4,1.7,0.0,0.0,0.0
125.0,2.2,0.0,1.0,0.0
249.9,1.5,0.0,0.0,0.0
198.4,2.5,0.0,0.0,0.0
119.5,2.6,1.0,1.0,0.0
157.0,1.8,0.0,1.0,0.0
97.7,2.3,0.0,1.0,0.0
184.3,4.4,1.0,0.0,0.0
202.6,2.4,0.0,1.0,0.0
337.0,2.7,0.0,1.0,1.0
185.7,1.1,0.0,1.0,0.0
124.2,1.4,0.0,0.0,0.0
118.1,2.3,0.0,1.0,0.0
174.6,2.9,0.0,1.0,0.0
227.9,1.0,1.0,0.0,0.0
237.2,2.5,1.0,0.0,0.0
218.8,0.3,0.0,1.0,0.0
295.6,3.8,0.0,1.0,1.0
230.3,2.7,0.0,1.0,0.0
317.9,2.7,0.0,0.0,0.0
148.1,2.7,0.0,0.0,0.0
261.7,0.3,1.0,0.0,0.0
95.7,0.8,1.0,1.0,0.0
198.0,1.2,0.0,1.0,0.0
224.4,0.4,1.0,0.0,0.0
271.9,0.7,1.0,0.0,0.0
71.3,1.8,0.0,0.0,1.0
153.9,1.2,0.0,0.0,0.0
262.3,2.5,0.0,1.0,1.0
199.1,2.5,0.0,1.0,0.0
208.9,1.7,0.0,0.0,0.0
203.3,2.1,0.0,0.0,0.0
226.9,1.4,1.0,1.0,0.0
213.4,2.8,0.0,0.0,0.0
82.1,1.5,0.0,0.0,0.0
267.3,1.4,0.0,0.0,0.0
242.4,3.4,1.0,1.0,0.0
318.3,2.5,1.0,1.0,1.0
237.6,1.8,0.0,1.0,0.0
287.5,1.8,1.0,1.0,0.0
150.4,2.5,0.0,0.0,0.0
153.3,0.7,1.0,0.0,0.0
179.9,1.8,0.0,0.0,0.0
218.2,3.2,0.0,0.0,0.0
151.6,0.8,0.0,1.0,0.0
71.7,1.9,0.0,0.0,0.0
63.0,1.9,1.0,0.0,0.0
193.8,1.1,1.0,1.0,0.0
284.2,2.2,1.0,0.0,0.0
173.1,2.7,0.0,0.0,0.0
191.8,2.2,0.0,0.0,0.0
188.4,2.0,0.0,0.0,0.0
87.6,3.5,1.0,0.0,0.0
216.2,2.0,0.0,0.0,0.0
122.0,2.0,0.0,1.0,0.0
167.7,1.5,0.0,0.0,0.0
168.1,1.5,0.0,0.0,0.0
90.0,2.6,0.0,1.0,0.0
266.4,2.2,0.0,1.0,0.0
101.6,1.5,0.0,1.0,0.0
259.4,2.0,1.0,0.0,0.0
360.8,2.7,0.0,1.0,0.0
369.0,3.1,1.0,0.0,0.0
183.1,2.0,0.0,0.0,0.0
118.8,2.3,0.0,1.0,0.0
214.9,3.9,0.0,0.0,0.0
169.9,1.1,1.0,0.0,0.0
263.3,1.1,1.0,1.0,0.0
165.0,2.0,0.0,1.0,0.0
95.2,2.0,0.0,0.0,0.0
190.1,2.7,0.0,1.0,0.0
190.7,1.7,0.0,0.0,0.0
152.9,0.0,1.0,0.0,0.0
148.2,0.8,0.0,1.0,0.0
229.4,1.8,0.0,0.0,0.0
183.7,2.2,0.0,0.0,0.0
74.1,1.3,1.0,0.0,0.0
166.2,1.7,0.0,0.0,0.0
208.3,2.6,1.0,0.0,0.0
250.4,1.1,0.0,1.0,0.0
203.3,3.5,0.0,1.0,0.0
100.6,0.0,0.0,1.0,0.0
280.0,2.0,0.0,0.0,0.0
49.7,1.9,0.0,0.0,0.0
175.0,1.3,1.0,0.0,0.0
214.2,2.2,0.0,0.0,0.0
101.3,2.2,0.0,1.0,0.0
123.8,0.8,0.0,0.0,0.0
213.7,2.2,1.0,0.0,0.0
241.0,2.4,0.0,1.0,1.0
178.3,0.7,0.0,1.0,0.0
181.8,2.2,0.0,0.0,0.0
222.2,2.5,0.0,0.0,0.0
168.9,1.4,0.0,0.0,0.0
365.1,3.1,1.0,1.0,1.0
60.7,1.3,0.0,0.0,0.0
180.2,2.1,0.0,1.0,0.0
88.6,3.1,0.0,1.0,0.0
113.1,2.5,1.0,1.0,0.0
127.6,3.1,1.0,0.0,0.0
202.1,2.4,0.0,0.0,1.0
138.8,1.1,1.0,1.0,0.0
219.0,1.4,1.0,0.0,0.0
221.1,2.4,0.0,1.0,1.0
176.6,1.6,0.0,0.0,1.0
208.8,2.5,1.0,0.0,0.0
212.4,2.8,1.0,1.0,0.0
193.5,3.3,0.0,0.0,0.0
120.5,1.2,0.0,0.0,0.0
234.7,2.0,1.0,0.0,0.0
106.7,2.5,0.0,1.0,0.0
197.7,2.4,0.0,0.0,1.0
112.7,1.5,1.0,0.0,0.0
117.7,2.4,1.0,1.0,0.0
108.7,2.0,0.0,1.0,0.0
198.3,2.0,0.0,0.0,0.0
233.8,1.8,1.0,0.0,0.0
180.5,1.5,0.0,0.0,0.0
277.1,2.0,0.0,1.0,0.0
223.1,1.9,1.0,1.0,0.0
266.1,0.9,1.0,1.0,0.0
98.4,1.9,1.0,0.0,0.0
176.6,1.8,0.0,0.0,0.0
138.8,0.8,1.0,1.0,1.0
234.9,0.7,0.0,1.0,0.0
222.6,2.1,1.0,1.0,0.0
186.7,1.2,0.0,1.0,0.0
204.9,2.2,0.0,0.0,0.0
63.4,3.1,1.0,0.0,0.0
130.3,1.7,1.0,0.0,0.0
224.8,1.5,1.0,0.0,0.0
175.4,1.8,1.0,0.0,0.0
189.6,2.3,1.0,1.0,0.0
43.3,2.9,1.0,1.0,0.0
182.0,0.4,0.0,0.0,0.0
189.7,1.7,1.0,0.0,0.0
348.2,2.4,1.0,0.0,0.0
49.5,2.3,0.0,0.0,0.0
169.1,0.8,1.0,1.0,0.0
187.1,2.1,1.0,0.0,0.0
277.5,2.3,0.0,0.0,0.0
219.5,2.7,1.0,0.0,0.0
238.0,1.8,0.0,1.0,0.0
134.6,1.4,1.0,0.0,0.0
176.7,2.5,1.0,1.0,0.0
123.3,1.2,0.0,1.0,0.0
264.9,2.6,1.0,0.0,1.0
160.7,1.4,0.0,0.0,0.0
195.9,1.5,0.0,0.0,0.0
177.4,0.5,0.0,1.0,0.0
141.4,1.0,1.0,1.0,0.0
122.8,1.9,0.0,0.0,0.0
198.8,2.1,0.0,0.0,0.0
75.9,0.0,1.0,1.0,0.0
256.4,1.9,1.0,1.0,1.0
149.5,2.0,1.0,1.0,0.0
179.7,2.2,1.0,0.0,0.0
123.8,0.6,0.0,1.0,0.0
183.5,2.1,0.0,0.0,0.0
219.7,2.8,0.0,1.0,1.0
224.7,1.9,1.0,1.0,0.0
241.0,2.8,0.0,0.0,0.0
231.3,2.1,0.0,1.0,0.0
204.1,1.8,1.0,1.0,0.0
208.2,3.3,0.0,0.0,0.0
167.3,3.1,1.0,0.0,0.0
177.7,1.9,0.0,1.0,1.0
141.6,0.1,1.0,0.0,0.0
188.3,2.1,1.0,0.0,0.0
155.7,3.2,0.0,0.0,1.0
153.9,1.7,0.0,0.0,0.0
245.8,2.2,1.0,0.0,0.0
205.1,1.8,1.0,1.0,0.0
137.0,1.1,0.0,0.0,0.0
188.8,2.4,1.0,1.0,0.0
169.2,1.4,1.0,0.0,0.0
71.3,3.1,0.0,0.0,0.0
241.4,1.2,0.0,1.0,0.0
219.9,0.6,1.0,0.0,0.0
263.9,0.8,0.0,0.0,0.0
153.8,1.5,1.0,0.0,0.0
163.8,2.8,0.0,0.0,0.0
279.8,3.0,1.0,1.0,0.0
151.5,2.5,0.0,0.0,0.0
256.6,3.7,0.0,1.0,0.0
296.0,1.7,0.0,1.0,0.0
231.6,1.9,0.0,0.0,0.0
235.5,1.6,1.0,0.0,0.0
197.7,1.9,1.0,1.0,0.0
170.9,2.2,0.0,1.0,0.0
103.4,3.0,1.0,1.0,0.0
210.5,1.4,1.0,1.0,1.0
137.2,3.2,0.0,1.0,0.0
167.9,2.8,1.0,1.0,1.0
131.9,0.5,1.0,1.0,0.0
169.1,2.1,0.0,0.0,0.0
201.3,1.5,0.0,0.0,0.0
239.7,1.2,1.0,1.0,0.0
239.6,2.1,0.0,1.0,0.0
167.3,2.6,0.0,1.0,0.0
262.6,1.9,1.0,1.0,0.0
267.3,1.8,0.0,0.0,0.0
205.7,2.0,0.0,1.0,0.0
297.5,2.2,0.0,0.0,0.0
139.1,3.8,0.0,0.0,0.0
256.6,3.0,0.0,0.0,0.0
184.6,3.6,0.0,0.0,0.0
242.5,2.0,0.0,0.0,0.0
218.6,2.4,1.0,0.0,0.0
92.4,2.1,0.0,0.0,0.0
99.5,2.3,1.0,1.0,0.0
160.3,0.4,1.0,1.0,0.0
155.5,2.4,1.0,1.0,0.0
243.6,2.4,0.0,0.0,0.0
133.0,1.1,0.0,0.0,0.0
232.2,3.4,1.0,1.0,0.0
76.3,0.8,0.0,0.0,0.0
184.4,1.8,1.0,1.0,0.0
89.8,0.0,0.0,0.0,0.0
201.2,1.8,0.0,1.0,1.0
114.4,2.2,1.0,1.0,1.0
54.4,2.2,0.0,0.0,0.0
119.3,3.4,0.0,0.0,0.0
210.1,1.7,1.0,0.0,0.0
238.5,2.2,1.0,1.0,0.0
237.0,1.7,0.0,0.0,0.0
100.9,1.1,0.0,1.0,0.0
33.0,1.5,1.0,0.0,0.0
313.4,3.1,1.0,1.0,1.0
200.7,2.8,0.0,0.0,0.0
289.7,1.1,1.0,0.0,0.0
171.4,1.8,0.0,0.0,0.0
180.2,2.0,1.0,1.0,0.0
142.5,3.1,0.0,0.0,0.0
88.6,2.8,0.0,0.0,0.0
61.3,1.8,0.0,0.0,0.0
248.2,2.3,1.0,0.0,0.0
93.1,1.7,0.0,0.0,0.0
220.6,2.9,0.0,1.0,0.0
174.9,3.1,1.0,1.0,1.0
241.5,1.5,1.0,1.0,0.0
73.9,1.0,0.0,1.0,1.0
265.8,0.2,0.0,0.0,0.0
142.7,3.2,1.0,0.0,1.0
200.8,1.8,1.0,1.0,0.0
271.8,0.6,0.0,1.0,0.0
166.4,1.9,1.0,1.0,0.0
243.5,2.6,0.0,0.0,0.0
236.9,3.4,1.0,0.0,0.0
195.4,2.4,0.0,1.0,0.0
223.7,1.2,0.0,0.0,0.0
65.1,2.1,0.0,1.0,0.0
275.1,1.3,1.0,1.0,1.0
196.8,1.8,0.0,1.0,0.0
220.1,3.4,1.0,0.0,0.0
222.5,1.3,1.0,1.0,0.0
55.7,2.0,0.0,1.0,0.0
25.2,2.1,0.0,1.0,0.0
262.7,1.7,1.0,0.0,0.0
135.0,0.7,0.0,0.0,0.0
88.0,2.2,0.0,0.0,0.0
229.4,2.5,1.0,0.0,0.0
237.2,1.5,1.0,0.0,0.0
196.9,3.0,1.0,0.0,0.0
188.6,2.0,0.0,0.0,0.0
28.0,3.1,0.0,0.0,0.0
279.1,2.4,0.0,1.0,0.0
72.3,0.7,0.0,0.0,0.0
193.4,1.4,0.0,0.0,0.0
135.4,2.3,0.0,0.0,0.0
98.1,1.2,0.0,1.0,0.0
190.9,2.9,1.0,1.0,1.0
191.7,2.7,0.0,1.0,0.0
117.3,2.8,1.0,0.0,0.0
302.9,2.5,1.0,1.0,0.0
196.6,3.1,0.0,0.0,0.0
53.2,3.0,0.0,1.0,0.0
111.8,1.4,1.0,0.0,0.0
272.9,1.4,0.0,1.0,0.0
182.6,1.0,0.0,0.0,0.0
86.4,0.4,1.0,0.0,0.0
117.2,2.7,0.0,0.0,0.0
241.9,1.5,1.0,0.0,0.0
183.0,1.8,0.0,0.0,0.0
222.5,2.6,1.0,0.0,0.0
86.0,1.9,1.0,1.0,0.0
117.2,3.1,0.0,0.0,0.0
165.1,1.5,0.0,0.0,1.0
142.5,2.2,0.0,0.0,0.0
164.7,2.3,0.0,1.0,0.0
153.2,2.0,0.0,1.0,0.0
150.1,2.5,1.0,0.0,0.0
125.2,1.0,1.0,0.0,0.0
271.6,1.0,0.0,0.0,0.0
188.6,2.1,0.0,0.0,0.0
206.9,2.6,1.0,0.0,0.0
242.9,0.4,1.0,0.0,0.0
91.6,2.3,0.0,0.0,0.0
136.5,1.7,0.0,0.0,1.0
174.0,2.5,1.0,0.0,0.0
262.2,1.1,0.0,1.0,0.0
132.7,2.4,0.0,0.0,0.0
71.4,0.8,1.0,0.0,0.0
147.5,2.1,0.0,1.0,0.0
155.2,3.2,1.0,1.0,0.0
87.3,1.3,0.0,0.0,0.0
219.6,1.9,0.0,1.0,0.0
207.9,2.9,1.0,0.0,0.0
252.6,3.4,0.0,1.0,0.0
79.6,2.1,0.0,1.0,0.0
111.1,3.3,0.0,0.0,0.0
219.6,2.3,0.0,0.0,0.0
130.5,2.4,1.0,0.0,0.0
236.6,1.3,0.0,0.0,0.0
203.8,1.8,0.0,0.0,0.0
164.5,3.5,1.0,0.0,0.0
160.1,2.6,0.0,1.0,0.0
189.4,1.0,0.0,1.0,0.0
78.5,1.9,0.0,0.0,0.0
178.6,1.7,1.0,0.0,0.0
251.3,2.4,0.0,0.0,0.0
107.4,1.4,0.0,1.0,0.0
200.5,3.1,1.0,0.0,1.0
162.6,0.8,1.0,0.0,0.0
258.2,0.4,0.0,0.0,0.0
223.2,1.8,0.0,1.0,0.0
287.7,3.2,1.0,1.0,0.0
267.8,2.6,1.0,1.0,1.0
110.8,2.9,0.0,0.0,0.0
20.7,0.1,1.0,0.0,1.0
284.9,3.2,0.0,1.0,1.0
202.3,0.7,0.0,0.0,0.0
147.1,0.8,0.0,0.0,0.0
321.9,3.7,0.0,1.0,1.0
207.7,3.5,0.0,0.0,0.0
143.4,1.5,1.0,0.0,0.0
242.0,2.5,1.0,0.0,0.0
259.9,1.4,1.0,0.0,0.0
82.2,3.7,0.0,0.0,0.0
181.3,2.9,0.0,1.0,0.0
140.2,2.5,0.0,1.0,0.0
215.4,1.8,0.0,1.0,0.0
271.4,2.5,0.0,0.0,0.0
98.6,0.9,0.0,0.0,0.0
141.8,1.0,1.0,0.0,0.0
159.1,2.6,0.0,0.0,0.0
179.1,2.4,1.0,0.0,0.0
153.0,0.9,1.0,1.0,0.0
85.2,1.0,1.0,1.0,0.0
266.4,2.5,0.0,0.0,0.0
239.0,1.9,1.0,1.0,0.0
231.7,2.8,1.0,1.0,0.0
178.5,1.2,0.0,0.0,0.0
85.1,1.2,0.0,0.0,0.0
187.4,0.9,0.0,1.0,0.0
174.5,1.6,0.0,0.0,0.0
144.5,2.6,0.0,0.0,0.0
102.0,1.6,0.0,0.0,0.0
225.2,1.7,0.0,1.0,0.0
280.4,2.2,0.0,0.0,0.0
222.1,2.1,1.0,0.0,0.0
120.4,2.9,0.0,0.0,0.0
160.4,1.6,1.0,0.0,0.0
170.7,2.6,0.0,0.0,0.0
157.7,3.4,0.0,0.0,0.0
113.4,1.5,0.0,0.0,0.0
57.2,1.8,0.0,0.0,0.0
176.5,1.6,1.0,1.0,0.0
108.1,2.4,1.0,1.0,0.0
81.4,0.8,0.0,0.0,0.0
188.3,1.8,1.0,0.0,0.0
102.0,2.2,1.0,1.0,0.0
229.4,0.7,1.0,1.0,0.0
201.4,1.7,0.0,0.0,0.0
219.0,2.2,1.0,0.0,0.0
214.5,1.6,0.0,0.0,1.0
179.1,3.4,0.0,1.0,0.0
86.0,0.0,1.0,1.0,0.0
145.0,1.9,1.0,0.0,0.0
254.6,0.4,0.0,1.0,0.0
180.8,2.2,1.0,1.0,0.0
243.2,2.1,1.0,0.0,0.0
44.8,2.2,1.0,0.0,0.0
170.1,0.6,1.0,0.0,0.0
208.2,1.3,1.0,0.0,0.0
185.1,1.1,0.0,0.0,0.0
201.1,3.2,1.0,1.0,1.0
80.7,2.0,0.0,1.0,0.0
205.6,0.6,1.0,1.0,0.0
166.4,0.6,0.0,0.0,0.0
220.7,0.5,0.0,0.0,0.0
110.7,1.5,0.0,0.0,0.0
229.9,2.1,0.0,1.0,1.0
215.5,1.5,0.0,0.0,0.0
198.9,0.5,0.0,0.0,0.0
146.9,1.5,0.0,0.0,0.0
283.1,1.7,0.0,1.0,0.0
58.4,2.0,1.0,1.0,0.0
143.9,2.6,0.0,1.0,0.0
202.6,1.7,1.0,1.0,0.0
281.0,1.9,0.0,0.0,0.0
166.5,1.6,0.0,0.0,0.0
171.9,2.0,0.0,0.0,0.0
79.7,1.6,0.0,0.0,0.0
122.8,1.8,0.0,0.0,0.0
254.0,2.5,0.0,0.0,0.0
230.6,2.3,0.0,0.0,0.0
204.0,1.6,0.0,0.0,0.0
142.0,1.6,0.0,0.0,1.0
211.9,0.9,0.0,0.0,0.0
157.3,1.7,0.0,0.0,0.0
136.3,2.5,0.0,0.0,0.0
161.1,0.9,0.0,1.0,0.0
197.4,2.9,0.0,1.0,0.0
139.0,1.4,0.0,0.0,0.0
276.9,2.3,0.0,0.0,0.0
163.1,3.3,0.0,1.0,0.0
215.5,1.8,0.0,1.0,0.0
187.5,1.9,0.0,0.0,0.0
125.6,2.7,0.0,0.0,0.0
208.8,1.9,0.0,0.0,0.0
111.8,1.6,0.0,0.0,0.0
171.1,1.3,0.0,0.0,0.0
174.8,2.3,0.0,1.0,0.0
118.2,2.6,0.0,1.0,0.0
257.1,3.1,0.0,1.0,0.0
157.2,0.7,1.0,1.0,0.0
281.9,1.9,1.0,0.0,0.0
131.6,1.9,0.0,1.0,1.0
175.4,2.8,1.0,1.0,0.0
163.2,2.8,1.0,1.0,0.0
189.1,1.6,0.0,0.0,0.0
193.1,0.2,0.0,0.0,0.0
172.2,1.6,1.0,0.0,0.0
187.9,2.0,1.0,1.0,0.0
153.3,2.7,1.0,1.0,0.0
78.8,2.5,1.0,0.0,0.0
175.6,1.9,1.0,1.0,0.0
208.8,2.2,1.0,1.0,0.0
217.0,2.1,0.0,0.0,0.0
177.5,2.2,1.0,0.0,0.0
86.0,3.1,1.0,0.0,0.0
207.1,2.4,0.0,0.0,0.0
134.7,4.0,0.0,0.0,0.0
287.4,0.8,1.0,0.0,0.0
167.1,1.0,1.0,0.0,1.0
231.6,4.0,1.0,1.0,0.0
101.4,2.7,0.0,1.0,0.0
168.9,2.7,0.0,0.0,0.0
123.3,0.5,1.0,0.0,0.0
91.5,0.8,0.0,0.0,0.0
172.6,1.5,1.0,0.0,1.0
195.5,1.7,1.0,0.0,0.0
268.2,2.0,0.0,0.0,0.0
200.4,1.1,1.0,1.0,0.0
90.2,1.0,0.0,0.0,0.0
176.8,2.3,1.0,0.0,0.0
157.8,2.8,1.0,1.0,1.0
209.9,2.2,0.0,0.0,0.0
221.5,1.9,0.0,0.0,0.0
82.1,1.6,1.0,0.0,0.0
158.7,2.6,0.0,0.0,0.0
214.6,2.5,0.0,0.0,0.0
205.0,2.1,1.0,1.0,0.0
254.8,3.2,0.0,1.0,1.0
146.9,2.3,0.0,0.0,0.0
245.6,3.7,0.0,0.0,0.0
236.5,1.6,0.0,0.0,0.0
168.5,2.5,0.0,1.0,0.0
110.0,2.0,1.0,0.0,0.0
293.0,3.3,0.0,1.0,1.0
81.4,0.7,0.0,1.0,0.0
210.0,2.9,1.0,1.0,0.0
210.8,1.1,0.0,0.0,0.0
168.8,3.6,0.0,0.0,0.0
160.8,2.1,1.0,0.0,0.0
193.9,1.3,0.0,0.0,0.0
235.2,2.8,1.0,1.0,1.0
111.2,2.6,0.0,1.0,0.0
190.9,3.0,1.0,0.0,0.0
234.5,1.6,0.0,1.0,1.0
162.8,1.6,0.0,0.0,0.0
190.3,2.3,1.0,0.0,0.0
140.2,3.0,1.0,0.0,0.0
208.8,2.0,1.0,0.0,0.0
168.5,1.9,0.0,0.0,0.0
209.6,1.7,0.0,0.0,0.0
266.2,2.3,0.0,1.0,0.0
194.0,1.7,1.0,0.0,0.0
141.3,1.6,1.0,0.0,0.0
237.4,2.6,1.0,1.0,0.0
241.1,1.9,1.0,0.0,0.0
214.0,2.6,0.0,0.0,0.0
161.2,1.9,0.0,0.0,0.0
149.0,1.5,0.0,0.0,0.0
112.8,1.5,0.0,1.0,0.0
233.3,2.2,1.0,1.0,0.0
155.6,2.3,0.0,1.0,0.0
89.4,1.9,0.0,1.0,0.0
164.4,1.0,1.0,0.0,0.0
180.5,2.6,0.0,0.0,0.0
212.6,3.1,1.0,1.0,0.0
154.9,0.8,1.0,0.0,0.0
174.1,1.7,1.0,1.0,0.0
146.2,2.1,0.0,0.0,0.0
247.4,2.7,0.0,1.0,0.0
265.6,2.3,0.0,0.0,0.0
160.0,2.3,1.0,1.0,0.0
171.0,2.5,0.0,1.0,0.0
108.2,2.3,0.0,0.0,0.0
142.5,3.0,0.0,1.0,0.0
197.6,2.5,1.0,0.0,0.0
149.4,1.5,0.0,0.0,0.0
181.0,1.6,1.0,0.0,0.0
128.0,1.9,0.0,1.0,0.0
235.0,1.3,1.0,0.0,0.0
165.8,2.1,0.0,0.0,0.0
205.5,2.3,0.0,0.0,0.0
212.4,2.6,1.0,0.0,0.0
158.2,2.2,0.0,1.0,0.0
161.8,3.6,0.0,0.0,1.0
156.0,3.0,1.0,1.0,1.0
113.3,3.1,0.0,0.0,0.0
163.5,1.3,1.0,0.0,0.0
181.8,2.5,0.0,0.0,0.0
210.6,3.3,0.0,1.0,0.0
174.0,3.1,0.0,1.0,0.0
326.3,2.4,1.0,0.0,1.0
259.3,0.8,0.0,0.0,0.0
168.7,4.1,1.0,0.0,0.0
236.6,1.5,0.0,1.0,0.0
49.8,0.9,0.0,1.0,0.0
104.9,3.0,0.0,0.0,0.0
176.7,1.7,1.0,1.0,0.0
195.0,1.0,0.0,0.0,0.0
196.7,2.6,0.0,0.0,0.0
129.0,1.4,0.0,1.0,0.0
217.0,3.4,1.0,0.0,1.0
155.8,0.3,0.0,0.0,0.0
162.9,0.8,1.0,0.0,0.0
269.2,2.4,0.0,1.0,0.0
172.4,1.6,0.0,0.0,0.0
142.3,2.1,1.0,1.0,0.0
139.6,0.9,0.0,1.0,0.0
327.2,2.0,1.0,0.0,0.0
68.8,2.3,1.0,0.0,0.0
106.5,2.3,0.0,0.0,0.0
222.0,1.6,0.0,0.0,0.0
197.7,3.0,0.0,0.0,0.0
112.5,1.8,1.0,1.0,0.0
195.4,2.5,1.0,1.0,0.0
178.3,0.3,0.0,0.0,0.0
193.6,2.4,0.0,0.0,0.0
156.9,2.6,1.0,1.0,0.0
294.4,2.5,0.0,1.0,0.0
258.4,2.5,1.0,1.0,0.0
226.1,2.5,0.0,0.0,0.0
118.7,1.2,0.0,0.0,0.0
224.0,1.7,0.0,0.0,0.0
231.9,3.5,1.0,0.0,0.0
152.0,1.7,0.0,0.0,0.0
193.6,1.4,0.0,0.0,0.0
210.1,1.5,1.0,1.0,0.0
146.7,2.7,1.0,0.0,0.0
213.1,1.1,0.0,0.0,0.0
63.9,2.4,1.0,0.0,0.0
160.8,0.7,0.0,0.0,0.0
140.7,2.3,0.0,1.0,0.0
234.6,2.7,1.0,0.0,0.0
265.6,1.2,0.0,0.0,0.0
218.7,1.5,1.0,0.0,0.0
80.5,2.2,1.0,1.0,0.0
146.6,1.7,1.0,0.0,0.0
186.9,2.7,1.0,1.0,0.0
188.7,2.2,0.0,0.0,0.0
220.7,1.9,1.0,0.0,0.0
154.9,2.5,1.0,0.0,0.0
187.5,0.8,0.0,0.0,0.0
46.2,1.2,0.0,0.0,0.0
203.1,0.8,1.0,0.0,0.0
333.8,1.2,0.0,0.0,0.0
112.9,2.0,0.0,0.0,1.0
79.7,1.7,0.0,1.0,0.0
173.5,1.4,0.0,0.0,0.0
190.1,1.4,0.0,1.0,0.0
178.6,2.5,0.0,0.0,0.0
209.3,3.9,1.0,1.0,0.0
249.6,0.6,1.0,1.0,1.0
111.1,2.1,0.0,1.0,0.0
61.6,1.1,0.0,0.0,0.0
274.7,1.8,0.0,0.0,0.0
193.9,2.5,1.0,1.0,0.0
232.5,2.3,1.0,1.0,0.0
190.3,1.2,1.0,0.0,0.0
258.2,2.0,0.0,1.0,0.0
181.7,2.7,0.0,0.0,0.0
184.6,2.5,0.0,0.0,0.0
228.8,3.0,1.0,0.0,0.0
200.0,1.7,1.0,1.0,1.0
263.1,3.2,0.0,0.0,0.0
87.7,2.0,0.0,1.0,1.0
211.1,0.9,0.0,0.0,0.0
165.5,1.5,1.0,0.0,0.0
213.0,2.0,1.0,1.0,0.0
167.5,1.7,1.0,1.0,0.0
43.7,0.9,0.0,0.0,0.0
169.0,2.3,1.0,0.0,0.0
295.5,3.5,1.0,1.0,1.0
244.9,2.2,1.0,0.0,0.0
195.7,1.3,0.0,1.0,0.0
270.6,3.1,1.0,1.0,1.0
209.8,2.6,1.0,0.0,0.0
182.5,3.0,0.0,0.0,1.0
84.6,2.0,1.0,0.0,0.0
194.7,2.6,0.0,0.0,0.0
154.8,2.1,1.0,0.0,0.0
144.2,1.7,1.0,0.0,0.0
190.6,1.6,0.0,0.0,0.0
238.4,1.8,1.0,0.0,0.0
76.4,3.0,0.0,1.0,0.0
125.0,0.8,1.0,0.0,0.0
171.0,3.5,1.0,0.0,0.0
84.4,2.7,0.0,0.0,0.0
52.2,4.0,1.0,1.0,0.0
129.2,1.8,1.0,0.0,0.0
244.3,2.2,0.0,0.0,0.0
184.5,1.5,0.0,0.0,0.0
70.7,1.9,0.0,0.0,0.0
187.0,2.6,0.0,1.0,0.0
172.2,2.3,0.0,0.0,0.0
139.4,2.0,1.0,0.0,0.0
130.0,1.8,0.0,1.0,0.0
195.5,1.7,0.0,0.0,0.0
116.7,1.7,0.0,0.0,0.0
44.8,1.6,1.0,0.0,0.0
261.3,1.6,0.0,1.0,0.0
274.3,2.2,0.0,1.0,0.0
134.9,2.4,0.0,1.0,0.0
144.2,2.3,0.0,1.0,0.0
172.6,2.7,1.0,0.0,0.0
225.3,2.7,0.0,0.0,0.0
195.0,1.6,0.0,1.0,0.0
100.4,1.8,0.0,1.0,0.0
217.8,1.5,0.0,1.0,0.0
184.6,1.8,0.0,1.0,0.0
184.4,1.7,0.0,1.0,0.0
279.0,2.5,1.0,1.0,0.0
168.7,2.1,1.0,0.0,0.0
158.4,2.2,0.0,0.0,0.0
298.5,1.9,1.0,0.0,0.0
108.4,2.8,0.0,1.0,0.0
175.1,2.4,0.0,0.0,0.0
195.0,1.2,0.0,0.0,0.0
292.8,1.8,0.0,1.0,0.0
146.3,2.8,1.0,0.0,0.0
157.2,2.4,0.0,0.0,0.0
278.6,2.8,1.0,1.0,0.0
187.5,1.4,1.0,1.0,0.0
136.4,3.1,1.0,0.0,0.0
100.1,2.0,0.0,0.0,0.0
152.7,2.3,1.0,0.0,0.0
72.5,2.3,1.0,1.0,0.0
173.4,2.5,0.0,1.0,0.0
176.0,1.2,1.0,1.0,0.0
121.3,2.4,1.0,0.0,0.0
261.5,1.4,1.0,0.0,0.0
209.4,2.8,0.0,0.0,0.0
222.8,2.4,0.0,0.0,1.0
181.9,2.7,1.0,0.0,0.0
213.1,2.3,0.0,1.0,0.0
226.3,1.1,0.0,0.0,0.0
190.8,2.3,1.0,0.0,0.0
188.8,3.6,0.0,0.0,0.0
313.6,1.8,0.0,0.0,1.0
166.3,3.4,0.0,0.0,0.0
298.8,2.7,1.0,1.0,1.0
294.3,2.8,1.0,0.0,0.0
164.6,0.9,1.0,1.0,0.0
273.3,2.3,0.0,0.0,0.0
260.4,1.9,0.0,1.0,0.0
208.8,1.7,1.0,0.0,0.0
122.8,2.4,0.0,1.0,0.0
148.1,1.6,1.0,0.0,0.0
322.3,4.0,0.0,1.0,1.0
203.7,2.0,0.0,0.0,1.0
221.7,2.5,1.0,0.0,0.0
207.8,1.9,0.0,0.0,0.0
136.3,2.7,0.0,0.0,0.0
68.3,0.3,0.0,0.0,0.0
167.9,2.6,1.0,0.0,0.0
172.0,1.4,0.0,0.0,0.0
164.4,1.8,0.0,1.0,0.0
206.1,0.7,0.0,1.0,0.0
122.0,1.6,1.0,1.0,0.0
94.4,2.0,1.0,1.0,0.0
208.8,3.4,0.0,0.0,0.0
206.7,1.2,0.0,1.0,0.0
142.4,2.0,0.0,0.0,0.0
236.1,1.0,1.0,0.0,0.0
76.9,2.0,0.0,0.0,0.0
194.6,1.3,0.0,0.0,0.0
120.1,2.2,1.0,0.0,0.0
241.5,1.5,0.0,0.0,0.0
156.5,4.0,1.0,0.0,0.0
143.7,3.8,0.0,0.0,0.0
-39.9,2.8,1.0,0.0,0.0
98.1,2.3,1.0,1.0,0.0
122.1,2.9,0.0,0.0,0.0
252.2,3.9,0.0,0.0,0.0
253.3,1.1,1.0,0.0,0.0
128.4,3.1,1.0,1.0,0.0
42.2,2.2,1.0,0.0,0.0
128.4,2.1,0.0,0.0,0.0
165.3,2.4,0.0,1.0,0.0
207.1,1.5,1.0,0.0,0.0
152.4,1.8,0.0,1.0,0.0
96.1,2.0,0.0,1.0,0.0
74.5,1.6,0.0,0.0,0.0
170.7,0.9,1.0,1.0,0.0
77.3,2.0,0.0,0.0,0.0
279.6,2.0,0.0,1.0,0.0
175.2,3.4,0.0,1.0,0.0
192.9,2.6,0.0,0.0,0.0
157.1,2.4,0.0,1.0,0.0
222.8,1.8,0.0,0.0,0.0
197.4,3.1,1.0,1.0,1.0
110.8,2.0,1.0,0.0,1.0
53.8,2.0,1.0,0.0,0.0
90.4,1.8,0.0,0.0,0.0
224.7,2.5,0.0,1.0,1.0
185.6,2.1,1.0,0.0,0.0
177.3,2.3,0.0,1.0,0.0
332.9,1.7,0.0,0.0,0.0
152.0,1.4,0.0,0.0,0.0
162.8,2.9,1.0,0.0,0.0
270.1,3.3,0.0,1.0,1.0
167.5,2.3,0.0,0.0,0.0
102.1,1.4,0.0,0.0,0.0
-13.7,2.3,0.0,0.0,0.0
198.3,2.7,0.0,0.0,0.0
93.3,2.1,1.0,1.0,0.0
228.8,1.9,0.0,1.0,0.0
155.4,0.9,0.0,1.0,0.0
114.3,2.1,0.0,1.0,0.0
243.8,2.0,1.0,0.0,0.0
125.5,0.7,0.0,1.0,0.0
183.8,2.3,1.0,1.0,0.0
154.3,0.0,1.0,1.0,0.0
180.0,2.6,1.0,1.0,0.0
214.4,0.6,0.0,1.0,0.0
283.7,1.1,0.0,0.0,1.0
194.1,2.6,0.0,0.0,0.0
176.2,2.5,1.0,0.0,0.0
256.6,3.3,1.0,0.0,0.0
176.7,1.8,0.0,1.0,0.0
147.4,3.8,0.0,0.0,0.0
181.6,1.8,0.0,0.0,0.0
191.4,1.7,0.0,0.0,0.0
213.4,2.1,1.0,1.0,0.0
173.5,2.3,0.0,1.0,0.0
152.8,2.1,0.0,0.0,0.0
170.6,1.8,0.0,1.0,0.0
182.6,2.2,0.0,0.0,0.0
378.2,2.8,1.0,1.0,1.0
90.2,2.8,0.0,1.0,0.0
186.4,2.1,0.0,0.0,0.0
137.8,2.5,0.0,0.0,0.0
94.6,3.0,0.0,0.0,0.0
110.7,1.0,1.0,0.0,1.0
183.6,2.4,0.0,1.0,0.0
241.9,1.5,0.0,0.0,0.0
166.1,2.3,0.0,0.0,0.0
239.1,1.6,1.0,0.0,0.0
173.6,2.5,0.0,1.0,1.0
107.5,1.2,1.0,1.0,0.0
131.1,1.3,0.0,0.0,0.0
174.4,2.3,0.0,0.0,0.0
113.5,2.2,1.0,1.0,1.0
139.7,2.4,1.0,0.0,0.0
295.4,2.0,1.0,0.0,0.0
403.8,2.4,0.0,0.0,0.0
209.5,1.5,1.0,1.0,0.0
277.7,0.9,1.0,1.0,0.0
260.1,1.9,0.0,1.0,0.0
228.9,2.5,1.0,1.0,1.0
126.3,3.1,0.0,0.0,0.0
185.0,2.3,1.0,1.0,0.0
173.7,2.3,0.0,0.0,0.0
135.3,0.7,1.0,0.0,0.0
53.4,1.1,0.0,0.0,0.0
173.1,3.5,1.0,0.0,0.0
280.2,3.0,1.0,1.0,1.0
71.9,2.1,1.0,1.0,0.0
122.2,1.7,0.0,1.0,0.0
250.3,0.2,0.0,1.0,0.0
133.2,2.3,1.0,0.0,0.0
331.9,3.1,1.0,1.0,1.0
211.2,2.0,0.0,1.0,0.0
11.8,2.8,1.0,1.0,0.0
272.8,2.4,1.0,0.0,0.0
173.4,2.3,0.0,1.0,0.0
291.1,2.4,1.0,1.0,0.0
144.5,2.2,1.0,0.0,0.0
64.3,1.2,0.0,1.0,0.0
148.1,1.9,0.0,0.0,0.0
143.4,1.1,0.0,0.0,0.0
154.3,2.0,1.0,0.0,0.0
277.9,3.1,0.0,1.0,1.0
177.9,3.3,0.0,0.0,0.0
195.5,2.5,1.0,0.0,0.0
178.3,3.2,0.0,1.0,1.0
172.1,2.0,0.0,1.0,0.0
160.8,2.2,1.0,1.0,0.0
172.1,1.2,0.0,0.0,0.0
250.6,1.6,0.0,1.0,0.0
222.7,2.5,1.0,1.0,0.0
227.6,1.4,0.0,0.0,0.0
212.5,1.9,1.0,1.0,0.0
206.7,2.3,1.0,0.0,0.0
166.6,1.7,1.0,0.0,0.0
138.3,2.3,0.0,1.0,0.0
172.7,1.8,0.0,1.0,0.0
259.8,3.3,0.0,1.0,1.0
157.8,0.2,0.0,1.0,0.0
131.3,2.1,1.0,1.0,0.0
141.2,1.0,0.0,1.0,0.0
187.7,1.7,1.0,0.0,0.0
211.3,1.8,1.0,0.0,0.0
209.9,2.2,0.0,1.0,0.0
138.6,1.3,0.0,1.0,0.0
306.6,2.5,1.0,0.0,0.0
176.0,1.5,0.0,1.0,0.0
129.9,1.6,1.0,0.0,0.0
303.6,2.4,1.0,0.0,0.0
316.0,3.3,1.0,1.0,1.0
106.1,1.2,1.0,0.0,0.0
156.0,2.9,0.0,1.0,0.0
181.9,2.5,0.0,1.0,0.0
159.2,0.9,0.0,1.0,0.0
176.6,2.5,1.0,0.0,0.0
279.0,2.8,0.0,1.0,0.0
164.9,2.3,1.0,1.0,0.0
93.4,1.6,1.0,1.0,0.0
181.1,2.5,0.0,0.0,0.0
222.7,2.7,0.0,1.0,1.0
182.9,2.5,1.0,0.0,0.0
212.2,2.3,0.0,0.0,0.0
174.8,2.4,1.0,1.0,0.0
160.9,2.1,1.0,1.0,0.0
87.7,2.5,1.0,1.0,0.0
212.6,1.7,1.0,0.0,0.0
143.0,2.8,0.0,0.0,0.0
259.2,1.6,0.0,0.0,0.0
102.6,2.7,0.0,0.0,0.0
209.4,1.3,1.0,1.0,0.0
193.8,2.4,0.0,0.0,0.0
260.4,2.6,0.0,0.0,0.0
134.6,2.1,0.0,0.0,0.0
56.9,3.1,1.0,1.0,0.0
257.8,1.1,0.0,0.0,0.0
153.4,2.4,0.0,0.0,0.0
290.4,2.9,0.0,0.0,0.0
219.9,2.9,0.0,0.0,0.0
202.4,2.6,0.0,0.0,0.0
201.2,2.4,1.0,0.0,0.0
62.0,1.0,1.0,1.0,0.0
173.9,1.7,0.0,0.0,0.0
127.1,0.8,1.0,0.0,0.0
176.5,3.5,0.0,1.0,0.0
234.0,1.3,0.0,0.0,0.0
258.0,2.7,0.0,0.0,0.0
228.7,2.9,0.0,0.0,0.0
180.9,1.4,1.0,0.0,1.0
144.7,1.9,0.0,1.0,0.0
137.3,1.1,1.0,1.0,0.0
135.0,1.8,0.0,0.0,0.0
259.4,2.7,1.0,0.0,0.0
166.8,1.2,1.0,1.0,0.0
182.3,2.7,0.0,1.0,0.0
262.3,1.6,0.0,0.0,0.0
109.0,2.3,0.0,0.0,0.0
229.3,4.3,0.0,1.0,0.0
198.2,1.9,0.0,1.0,0.0
77.5,2.3,0.0,0.0,0.0
103.7,1.6,1.0,1.0,0.0
151.2,2.1,0.0,0.0,0.0
98.3,1.5,0.0,0.0,0.0
223.5,2.4,0.0,0.0,0.0
88.6,3.3,0.0,0.0,0.0
232.2,2.0,0.0,1.0,0.0
-2.4,2.5,0.0,0.0,0.0
78.2,2.1,1.0,1.0,0.0
234.9,0.0,0.0,1.0,0.0
162.8,2.2,0.0,0.0,0.0
175.9,3.4,0.0,0.0,0.0
235.0,3.1,1.0,0.0,1.0
186.0,1.6,0.0,0.0,0.0
312.4,2.2,0.0,0.0,0.0
146.3,2.0,1.0,1.0,0.0
66.2,2.6,0.0,0.0,0.0
152.8,2.2,0.0,1.0,0.0
187.6,2.4,0.0,0.0,0.0
139.9,1.2,0.0,0.0,0.0
158.5,0.7,0.0,0.0,0.0
230.4,0.6,0.0,1.0,0.0
130.7,1.5,1.0,0.0,0.0
226.9,2.2,1.0,0.0,0.0
251.3,2.2,1.0,0.0,0.0
245.9,1.2,0.0,1.0,0.0
159.8,3.6,1.0,0.0,0.0
161.1,2.7,0.0,0.0,0.0
98.6,2.3,1.0,1.0,0.0
177.4,2.2,0.0,1.0,1.0
223.2,2.6,0.0,0.0,0.0
239.5,0.0,1.0,0.0,0.0
216.0,0.0,0.0,1.0,0.0
289.8,3.0,1.0,0.0,0.0
134.2,3.7,0.0,0.0,0.0
184.4,0.4,0.0,1.0,0.0
202.9,3.0,0.0,0.0,0.0
156.6,2.3,0.0,0.0,0.0
183.3,2.0,0.0,0.0,0.0
179.1,2.6,0.0,0.0,0.0
95.2,0.9,0.0,0.0,0.0
135.3,3.7,1.0,0.0,0.0
36.1,1.6,1.0,1.0,0.0
48.9,2.0,0.0,0.0,0.0
188.4,1.7,1.0,1.0,0.0
92.1,1.3,1.0,0.0,0.0
122.0,2.2,1.0,1.0,0.0
125.0,2.3,0.0,0.0,0.0
214.5,1.2,1.0,1.0,0.0
274.2,1.2,1.0,1.0,0.0
218.9,2.9,0.0,1.0,0.0
193.4,1.2,1.0,1.0,0.0
204.2,3.2,0.0,1.0,1.0
157.8,2.0,0.0,0.0,0.0
168.3,3.1,0.0,1.0,0.0
301.8,2.1,0.0,0.0,0.0
171.5,1.1,0.0,0.0,0.0
141.6,1.4,0.0,0.0,0.0
106.6,1.3,1.0,1.0,0.0
246.2,1.9,0.0,1.0,1.0
192.1,1.2,0.0,0.0,0.0
302.5,3.5,1.0,0.0,0.0
223.6,3.5,0.0,0.0,0.0
102.8,1.9,0.0,1.0,0.0
142.5,2.4,0.0,1.0,0.0
-28.2,2.4,1.0,0.0,0.0
83.3,0.9,0.0,0.0,0.0
219.0,2.5,1.0,0.0,0.0
137.4,2.5,1.0,0.0,0.0
175.1,2.2,0.0,0.0,0.0
183.8,1.2,0.0,1.0,0.0
108.9,2.8,0.0,1.0,1.0
203.0,0.9,0.0,1.0,0.0
189.6,0.6,0.0,1.0,0.0
332.8,1.1,0.0,1.0,1.0
181.0,2.0,0.0,0.0,0.0
134.8,1.2,0.0,1.0,0.0
159.6,1.7,0.0,1.0,0.0
272.0,2.4,0.0,0.0,0.0
182.0,2.8,0.0,0.0,0.0
194.3,2.3,1.0,1.0,0.0
183.8,0.8,0.0,0.0,0.0
292.6,3.5,0.0,1.0,1.0
192.1,2.0,1.0,0.0,0.0
78.8,1.5,0.0,1.0,1.0
60.4,1.5,1.0,1.0,0.0
164.8,3.2,0.0,0.0,0.0
133.8,2.2,1.0,0.0,0.0
116.3,1.7,0.0,1.0,0.0
230.9,2.0,1.0,0.0,0.0
181.5,2.0,1.0,0.0,0.0
246.7,3.1,0.0,1.0,0.0
183.2,3.5,1.0,0.0,0.0
264.9,1.4,0.0,1.0,0.0
85.6,2.0,1.0,0.0,0.0
329.6,3.6,0.0,1.0,1.0
134.3,2.3,1.0,1.0,0.0
225.5,2.6,1.0,1.0,0.0
88.7,1.7,0.0,0.0,0.0
157.9,2.0,0.0,0.0,0.0
123.4,0.2,1.0,0.0,0.0
221.9,1.9,0.0,1.0,0.0
86.7,2.6,0.0,1.0,0.0
120.2,2.3,0.0,1.0,0.0
172.1,2.0,0.0,0.0,0.0
296.3,2.9,0.0,0.0,1.0
114.5,2.0,0.0,0.0,0.0
345.9,2.8,0.0,0.0,1.0
165.3,1.4,0.0,1.0,0.0
300.2,1.9,1.0,0.0,0.0
218.2,1.5,0.0,1.0,0.0
209.0,1.1,0.0,0.0,0.0
149.8,2.5,0.0,0.0,0.0
291.4,1.3,0.0,0.0,0.0
124.0,2.0,0.0,0.0,0.0
238.7,3.0,1.0,1.0,1.0
123.6,1.9,1.0,0.0,0.0
141.6,2.9,1.0,0.0,0.0
189.2,2.4,0.0,0.0,0.0
120.5,1.7,1.0,0.0,0.0
154.4,2.3,1.0,0.0,0.0
195.3,1.8,1.0,1.0,0.0
257.5,3.3,0.0,1.0,0.0
190.3,1.9,1.0,1.0,0.0
282.7,1.4,1.0,0.0,0.0
114.8,2.2,0.0,1.0,0.0
193.4,3.2,1.0,0.0,0.0
252.7,2.2,0.0,0.0,0.0
145.9,2.5,0.0,1.0,0.0
171.9,1.8,0.0,0.0,0.0
114.3,1.7,1.0,1.0,0.0
193.3,1.8,1.0,0.0,0.0
211.9,1.2,0.0,0.0,0.0
169.4,2.3,1.0,1.0,0.0
308.3,1.4,1.0,1.0,0.0
200.7,2.3,0.0,1.0,0.0
184.3,2.8,1.0,0.0,0.0
195.5,2.7,0.0,0.0,0.0
209.4,0.6,0.0,0.0,0.0
194.9,3.6,0.0,0.0,0.0
210.3,2.1,1.0,0.0,0.0
151.4,2.1,0.0,1.0,0.0
187.3,0.8,1.0,0.0,0.0
187.6,1.9,0.0,0.0,0.0
167.5,1.3,1.0,0.0,0.0
207.9,0.0,0.0,0.0,0.0
179.9,2.6,1.0,0.0,0.0
126.2,2.3,0.0,1.0,1.0
267.7,1.5,0.0,1.0,0.0
199.7,3.0,1.0,1.0,1.0
193.2,1.3,0.0,0.0,0.0
194.4,2.7,1.0,0.0,0.0
122.2,1.3,1.0,1.0,0.0
222.1,2.2,1.0,0.0,0.0
238.5,2.2,0.0,1.0,0.0
258.9,1.8,0.0,1.0,0.0
170.3,2.0,0.0,1.0,0.0
30.2,3.3,0.0,0.0,0.0
266.5,2.0,1.0,1.0,0.0
130.3,1.8,1.0,1.0,0.0
159.6,2.4,0.0,0.0,0.0
208.8,0.8,1.0,0.0,1.0
191.2,2.4,0.0,1.0,0.0
135.1,2.1,0.0,0.0,0.0
180.7,2.6,1.0,0.0,0.0
190.8,2.0,1.0,0.0,0.0
239.4,1.3,0.0,0.0,0.0
239.9,3.0,1.0,1.0,0.0
141.9,2.1,0.0,0.0,0.0
51.4,2.1,0.0,0.0,0.0
277.8,2.0,0.0,0.0,0.0
219.0,1.7,1.0,0.0,0.0
120.1,1.8,0.0,0.0,1.0
199.7,2.2,0.0,0.0,1.0
125.2,2.1,1.0,1.0,0.0
185.7,3.0,1.0,0.0,0.0
213.1,1.9,0.0,1.0,0.0
113.5,2.2,0.0,0.0,0.0
74.0,2.6,0.0,1.0,0.0
224.3,2.4,0.0,0.0,0.0
197.3,2.8,1.0,0.0,0.0
152.6,3.9,0.0,1.0,0.0
197.2,2.1,0.0,0.0,0.0
161.7,2.6,0.0,0.0,0.0
173.6,1.6,0.0,0.0,0.0
152.2,1.0,0.0,0.0,0.0
207.5,2.4,0.0,0.0,0.0
127.1,1.1,0.0,0.0,0.0
210.7,2.2,0.0,0.0,0.0
242.7,3.6,0.0,1.0,1.0
139.8,4.0,0.0,0.0,0.0
174.3,1.1,0.0,1.0,0.0
284.2,2.8,0.0,1.0,0.0
245.5,2.5,1.0,0.0,0.0
121.3,1.6,0.0,0.0,1.0
249.8,2.3,0.0,0.0,0.0
218.3,2.5,0.0,0.0,0.0
239.6,1.8,1.0,1.0,0.0
204.1,1.3,0.0,0.0,0.0
142.7,2.6,0.0,1.0,0.0
234.3,2.2,0.0,0.0,0.0
270.1,2.6,0.0,1.0,0.0
151.0,2.4,0.0,1.0,0.0
193.8,3.9,0.0,1.0,1.0
162.9,2.1,1.0,0.0,0.0
95.7,2.0,0.0,1.0,0.0
173.3,2.6,0.0,0.0,0.0
134.3,2.5,0.0,0.0,0.0
164.3,0.7,0.0,0.0,0.0
92.2,1.4,0.0,1.0,0.0
274.5,3.2,1.0,1.0,1.0
188.4,1.8,0.0,0.0,0.0
102.4,1.0,1.0,1.0,0.0
225.6,1.5,0.0,1.0,0.0
163.1,1.4,0.0,0.0,0.0
178.9,2.0,1.0,1.0,0.0
121.4,2.1,0.0,1.0,0.0
73.2,0.3,1.0,0.0,0.0
174.3,3.0,0.0,1.0,0.0
201.1,3.1,1.0,1.0,1.0
227.1,2.2,0.0,0.0,0.0
284.5,1.2,0.0,0.0,0.0
231.4,2.0,0.0,1.0,0.0
185.7,3.1,1.0,0.0,1.0
170.1,0.1,1.0,0.0,0.0
165.6,2.0,0.0,1.0,0.0
201.2,1.7,0.0,1.0,0.0
186.4,2.3,0.0,0.0,0.0
131.4,1.3,0.0,1.0,0.0
98.3,2.3,1.0,0.0,0.0
168.8,2.8,0.0,0.0,0.0
233.4,0.9,1.0,0.0,0.0
55.4,1.9,1.0,0.0,0.0
116.8,1.7,1.0,0.0,0.0
154.9,2.1,1.0,1.0,0.0
144.5,0.4,0.0,0.0,0.0
119.2,1.8,1.0,1.0,0.0
172.0,1.5,0.0,0.0,0.0
90.8,2.5,0.0,0.0,0.0
98.8,2.4,0.0,0.0,0.0
112.8,1.6,0.0,1.0,0.0
88.7,1.6,1.0,1.0,0.0
106.9,1.2,0.0,1.0,0.0
132.3,0.6,1.0,0.0,0.0
203.2,2.5,1.0,1.0,0.0
156.5,1.7,1.0,0.0,0.0
108.3,0.8,1.0,1.0,0.0
213.1,1.6,0.0,0.0,0.0
333.3,2.2,0.0,0.0,0.0
107.6,2.5,0.0,0.0,0.0
80.9,1.0,1.0,0.0,0.0
201.4,2.4,0.0,0.0,0.0
202.7,0.2,1.0,0.0,0.0
224.2,0.5,1.0,0.0,0.0
-13.9,2.9,1.0,1.0,0.0
192.6,1.0,0.0,0.0,0.0
138.7,0.5,0.0,1.0,0.0
170.9,1.4,1.0,1.0,0.0
88.7,0.0,1.0,1.0,0.0
214.9,2.3,0.0,0.0,0.0
168.0,0.0,0.0,1.0,0.0
86.6,1.4,0.0,1.0,0.0
168.8,2.4,0.0,0.0,0.0
87.6,2.5,0.0,0.0,0.0
181.2,1.7,1.0,0.0,0.0
150.6,2.9,1.0,0.0,0.0
179.4,2.4,0.0,0.0,0.0
281.2,2.6,0.0,0.0,1.0
149.7,1.3,1.0,0.0,1.0
60.6,2.7,0.0,0.0,0.0
287.0,1.7,0.0,1.0,0.0
174.6,3.5,1.0,0.0,0.0
147.3,1.2,1.0,0.0,0.0
165.9,2.7,0.0,0.0,0.0
209.1,2.0,1.0,0.0,0.0
278.1,3.2,0.0,1.0,1.0
229.7,2.6,1.0,0.0,0.0
177.4,2.0,1.0,0.0,0.0
94.9,2.8,1.0,0.0,0.0
201.7,3.2,0.0,1.0,1.0
197.0,1.1,0.0,0.0,0.0
186.6,3.8,0.0,0.0,0.0
148.4,1.5,0.0,1.0,1.0
220.7,2.5,0.0,0.0,0.0
192.2,3.3,0.0,0.0,0.0
182.0,1.5,0.0,1.0,0.0
293.1,2.0,0.0,0.0,0.0
267.8,2.0,1.0,1.0,0.0
85.3,1.7,1.0,0.0,0.0
223.5,1.4,0.0,1.0,0.0
168.4,2.2,1.0,0.0,0.0
220.6,2.4,0.0,1.0,0.0
176.8,1.9,0.0,0.0,0.0
282.7,3.9,0.0,0.0,0.0
210.0,3.1,0.0,0.0,0.0
288.4,2.8,0.0,1.0,1.0
173.7,1.3,0.0,1.0,0.0
47.0,1.8,0.0,0.0,0.0
178.4,2.3,0.0,0.0,0.0
124.8,1.4,0.0,0.0,0.0
170.1,1.4,1.0,0.0,0.0
170.2,2.4,0.0,1.0,0.0
287.6,2.2,0.0,1.0,0.0
163.9,0.8,1.0,1.0,1.0
178.6,1.0,1.0,0.0,0.0
166.8,2.2,1.0,0.0,0.0
278.5,2.3,0.0,1.0,0.0
190.8,1.7,1.0,1.0,0.0
99.2,3.1,0.0,0.0,0.0
177.2,1.4,1.0,1.0,0.0
138.2,1.9,1.0,1.0,0.0
269.1,3.1,0.0,1.0,1.0
113.5,3.8,1.0,0.0,0.0
154.2,2.2,0.0,0.0,0.0
163.7,0.1,0.0,0.0,0.0
193.2,1.9,0.0,0.0,0.0
237.2,0.3,1.0,0.0,0.0
222.5,3.7,0.0,1.0,1.0
72.7,1.7,0.0,0.0,0.0
174.8,1.8,1.0,1.0,0.0
161.1,2.3,1.0,0.0,1.0
147.7,1.5,1.0,0.0,0.0
202.6,1.3,0.0,0.0,0.0
190.7,3.0,0.0,1.0,1.0
142.0,1.6,0.0,1.0,0.0
199.9,2.6,0.0,0.0,0.0
202.9,2.4,1.0,1.0,0.0
65.4,1.6,1.0,1.0,0.0
85.2,2.2,0.0,0.0,0.0
104.8,1.6,0.0,0.0,0.0
177.6,2.7,1.0,1.0,0.0
126.4,3.5,0.0,1.0,0.0
155.4,2.9,1.0,0.0,0.0
340.1,4.0,0.0,1.0,1.0
225.3,2.9,1.0,0.0,0.0
198.8,1.9,0.0,0.0,0.0
176.7,1.1,0.0,1.0,0.0
247.4,2.5,1.0,0.0,0.0
255.6,2.8,1.0,0.0,0.0
77.8,1.4,1.0,0.0,0.0
226.8,3.0,0.0,1.0,0.0
229.9,1.3,1.0,1.0,0.0
207.2,2.9,1.0,1.0,1.0
77.8,2.2,1.0,1.0,0.0
199.4,1.5,0.0,1.0,0.0
208.5,1.8,0.0,0.0,0.0
266.8,2.0,0.0,1.0,0.0
187.0,2.6,0.0,1.0,0.0
107.9,1.6,0.0,0.0,0.0
242.0,3.3,0.0,1.0,1.0
254.3,3.5,1.0,1.0,0.0
272.5,1.8,0.0,0.0,0.0
249.7,1.6,0.0,1.0,0.0
163.0,2.4,1.0,1.0,0.0
185.5,0.9,1.0,0.0,0.0
214.0,2.6,0.0,0.0,0.0
113.4,2.7,0.0,0.0,0.0
84.2,1.4,1.0,0.0,0.0
296.5,1.9,1.0,0.0,0.0
106.8,1.6,0.0,0.0,0.0
-32.2,2.5,1.0,1.0,0.0
213.6,1.5,1.0,0.0,0.0
152.3,2.7,0.0,0.0,0.0
72.8,1.3,1.0,1.0,0.0
143.3,3.4,1.0,0.0,1.0
190.1,1.8,1.0,1.0,0.0
148.9,0.4,0.0,0.0,0.0
219.8,2.5,0.0,1.0,1.0
185.3,1.9,0.0,0.0,0.0
174.6,2.5,0.0,1.0,0.0
131.6,1.8,1.0,1.0,0.0
120.5,2.2,0.0,0.0,0.0
125.1,1.0,0.0,0.0,0.0
177.1,2.9,1.0,0.0,1.0
143.9,3.1,0.0,1.0,0.0
156.7,2.4,0.0,0.0,0.0
223.4,0.6,1.0,0.0,0.0
228.9,4.0,1.0,0.0,0.0
201.8,1.4,1.0,1.0,0.0
31.3,2.8,0.0,0.0,0.0
227.1,1.8,1.0,1.0,1.0
229.8,1.3,0.0,0.0,0.0
198.6,1.3,0.0,0.0,0.0
278.0,2.6,0.0,1.0,1.0
152.6,1.7,0.0,0.0,0.0
245.1,0.0,1.0,0.0,0.0
260.3,1.5,1.0,1.0,0.0
245.7,2.8,0.0,0.0,0.0
171.0,1.0,1.0,1.0,0.0
197.3,1.8,0.0,0.0,0.0
169.3,2.7,0.0,0.0,0.0
168.2,0.3,1.0,0.0,0.0
154.3,1.6,0.0,1.0,0.0
142.8,2.1,1.0,0.0,0.0
279.4,1.8,0.0,0.0,0.0
266.4,0.6,1.0,0.0,0.0
208.5,0.7,0.0,1.0,0.0
163.8,0.9,0.0,0.0,0.0
286.2,3.1,0.0,0.0,0.0
180.8,2.3,1.0,0.0,0.0
255.2,3.7,1.0,1.0,1.0
194.3,1.1,0.0,1.0,0.0
123.2,2.9,1.0,1.0,1.0
200.8,1.4,0.0,0.0,0.0
167.5,0.4,1.0,0.0,0.0
232.2,0.7,1.0,1.0,0.0
229.8,1.9,0.0,1.0,0.0
114.4,1.5,0.0,1.0,0.0
160.5,1.9,0.0,0.0,0.0
333.7,2.7,1.0,1.0,1.0
-50.0,2.2,1.0,0.0,0.0
222.8,1.6,0.0,0.0,0.0
268.7,3.9,1.0,1.0,1.0
60.0,1.4,0.0,0.0,1.0
185.4,1.2,1.0,1.0,0.0
170.9,2.2,1.0,0.0,0.0
139.7,1.5,1.0,0.0,0.0
189.1,0.6,0.0,1.0,0.0
143.6,2.2,1.0,0.0,0.0
272.5,2.1,1.0,1.0,0.0
141.8,2.5,0.0,1.0,0.0
27.9,1.1,1.0,0.0,0.0
115.7,2.6,0.0,0.0,0.0
200.9,1.5,1.0,0.0,0.0
188.4,2.3,1.0,0.0,0.0
206.1,1.8,1.0,1.0,1.0
208.7,3.5,0.0,0.0,0.0
223.2,1.8,1.0,1.0,0.0
203.3,0.5,0.0,1.0,0.0
51.5,2.0,0.0,0.0,0.0
142.3,2.2,0.0,1.0,0.0
194.0,3.2,1.0,1.0,0.0
162.6,1.4,0.0,0.0,0.0
187.2,2.1,0.0,0.0,1.0
216.8,2.8,0.0,0.0,0.0
288.0,2.0,1.0,1.0,0.0
63.9,2.4,0.0,0.0,0.0
159.4,1.2,1.0,0.0,0.0
239.7,2.4,0.0,1.0,0.0
193.7,3.0,1.0,1.0,1.0
126.7,1.7,0.0,0.0,0.0
303.3,2.0,1.0,0.0,0.0
202.0,1.6,0.0,1.0,1.0
160.1,2.9,0.0,0.0,0.0
220.0,1.7,0.0,0.0,0.0
232.8,1.5,0.0,0.0,0.0
183.2,0.8,1.0,0.0,1.0
182.4,1.1,0.0,0.0,0.0
208.4,2.4,1.0,1.0,0.0
174.4,2.6,1.0,0.0,0.0
86.2,2.0,0.0,1.0,0.0
260.1,1.1,0.0,1.0,0.0
249.3,2.0,1.0,0.0,0.0
231.5,2.6,1.0,1.0,0.0
241.6,3.3,0.0,0.0,0.0
224.7,2.3,0.0,0.0,0.0
129.7,2.0,1.0,0.0,0.0
192.1,1.6,1.0,0.0,1.0
228.7,2.3,0.0,0.0,0.0
251.5,1.6,1.0,1.0,0.0
120.7,2.1,0.0,1.0,0.0
229.8,0.5,1.0,0.0,0.0
140.3,1.6,0.0,0.0,0.0
158.7,2.0,0.0,0.0,0.0
156.3,2.3,1.0,1.0,0.0
257.5,3.1,1.0,0.0,0.0
-13.2,1.9,1.0,1.0,0.0
225.2,2.5,0.0,0.0,0.0
179.5,2.7,0.0,0.0,0.0
203.6,2.5,0.0,0.0,0.0
157.3,1.9,1.0,1.0,0.0
303.3,0.6,0.0,1.0,0.0
228.0,3.1,0.0,0.0,0.0
269.8,2.4,0.0,1.0,0.0
155.1,1.4,1.0,0.0,0.0
165.5,2.4,0.0,0.0,0.0
202.6,2.2,1.0,0.0,0.0
202.8,2.0,0.0,1.0,0.0
209.1,2.5,0.0,1.0,0.0
259.4,2.2,0.0,0.0,0.0
179.7,1.5,0.0,1.0,0.0
138.8,1.3,1.0,1.0,0.0
111.9,1.8,0.0,1.0,0.0
220.8,1.7,0.0,1.0,0.0
242.7,2.0,1.0,1.0,0.0
201.5,1.7,1.0,0.0,0.0
220.0,1.7,0.0,0.0,0.0
139.9,3.1,0.0,0.0,0.0
204.8,1.5,0.0,1.0,0.0
224.4,1.0,0.0,1.0,0.0
203.7,2.3,0.0,1.0,0.0
150.1,1.9,1.0,0.0,0.0
121.3,1.0,1.0,0.0,0.0
204.4,4.1,1.0,1.0,1.0
129.6,3.0,0.0,1.0,0.0
253.4,2.8,1.0,1.0,0.0
194.3,1.4,0.0,1.0,0.0
312.1,0.1,1.0,0.0,0.0
233.5,2.2,1.0,1.0,0.0
235.1,2.6,0.0,1.0,0.0
103.8,3.3,0.0,0.0,0.0
159.7,3.0,0.0,0.0,0.0
165.0,1.6,1.0,0.0,0.0
86.1,2.6,0.0,0.0,0.0
123.1,2.0,0.0,0.0,0.0
239.8,2.0,0.0,0.0,0.0
152.5,1.5,0.0,1.0,0.0
284.6,2.7,1.0,1.0,0.0
234.8,2.3,0.0,1.0,0.0
101.2,2.2,0.0,0.0,0.0
235.4,1.0,0.0,1.0,0.0
148.9,2.4,1.0,0.0,0.0
214.7,2.4,0.0,0.0,0.0
176.6,2.0,0.0,1.0,0.0
169.4,1.5,0.0,1.0,0.0
285.4,2.6,0.0,0.0,0.0
137.5,1.9,1.0,0.0,0.0
155.5,2.0,0.0,0.0,0.0
324.0,4.2,0.0,1.0,0.0
93.8,1.9,0.0,0.0,0.0
198.8,2.3,0.0,1.0,0.0
193.3,1.8,1.0,0.0,0.0
144.3,2.5,1.0,0.0,0.0
174.4,1.6,0.0,0.0,0.0
274.8,1.7,1.0,0.0,0.0
96.2,1.1,1.0,1.0,0.0
226.6,0.6,1.0,0.0,0.0
209.2,2.7,0.0,1.0,0.0
121.7,2.1,1.0,1.0,0.0
198.5,1.9,0.0,0.0,0.0
128.6,1.3,0.0,1.0,0.0
105.4,2.7,0.0,0.0,0.0
188.0,2.1,0.0,1.0,0.0
208.7,1.9,0.0,1.0,0.0
124.0,1.4,1.0,0.0,1.0
182.7,1.9,1.0,1.0,0.0
280.3,1.2,0.0,0.0,0.0
191.9,2.8,0.0,0.0,0.0
193.7,2.8,0.0,0.0,0.0
100.1,2.1,0.0,1.0,0.0
267.5,2.8,1.0,1.0,0.0
170.5,2.0,1.0,1.0,0.0
104.4,2.0,1.0,1.0,0.0
90.9,2.2,0.0,1.0,0.0
105.9,0.0,1.0,1.0,0.0
193.0,4.2,0.0,1.0,1.0
170.4,1.9,0.0,0.0,0.0
255.9,2.8,0.0,0.0,0.0
92.9,3.3,0.0,0.0,0.0
277.4,2.7,0.0,0.0,0.0
296.6,2.9,0.0,1.0,0.0
281.9,1.7,0.0,0.0,0.0
261.1,2.4,0.0,0.0,0.0
242.6,1.1,1.0,1.0,1.0
134.9,1.9,0.0,0.0,0.0
143.7,1.6,0.0,0.0,0.0
305.1,1.8,0.0,1.0,1.0
257.9,2.1,0.0,1.0,0.0
267.3,3.6,1.0,1.0,1.0
178.5,2.4,0.0,1.0,0.0
256.2,2.2,0.0,0.0,0.0
238.8,3.3,0.0,0.0,0.0
216.8,1.4,1.0,0.0,0.0
207.7,2.3,0.0,0.0,0.0
113.2,3.5,0.0,0.0,0.0
224.0,1.6,0.0,0.0,0.0
90.2,3.1,0.0,0.0,0.0
186.5,2.6,1.0,1.0,0.0
268.3,1.4,1.0,1.0,0.0
159.6,1.8,1.0,0.0,0.0
165.7,2.3,0.0,0.0,0.0
196.5,1.9,1.0,0.0,0.0
164.1,2.5,0.0,0.0,0.0
218.1,2.0,0.0,1.0,0.0
64.8,0.6,1.0,0.0,0.0
-34.9,1.0,1.0,0.0,0.0
179.0,3.6,0.0,0.0,0.0
135.2,2.0,1.0,1.0,0.0
208.5,1.7,0.0,1.0,0.0
250.3,2.6,1.0,1.0,1.0
176.5,1.8,0.0,0.0,0.0
199.1,2.3,1.0,0.0,0.0
242.2,0.4,1.0,0.0,0.0
249.5,3.2,0.0,1.0,0.0
287.4,2.2,0.0,0.0,0.0
270.2,2.2,0.0,0.0,0.0
223.2,2.5,0.0,0.0,0.0
278.3,1.6,1.0,0.0,1.0
230.9,1.4,1.0,0.0,0.0
128.4,0.9,1.0,0.0,0.0
125.4,0.1,0.0,1.0,0.0
283.5,2.3,1.0,1.0,0.0
171.8,2.2,0.0,0.0,0.0
239.6,1.6,1.0,0.0,0.0
220.1,3.6,1.0,0.0,0.0
237.8,3.0,1.0,0.0,0.0
236.0,1.6,1.0,0.0,0.0
169.0,2.9,0.0,0.0,0.0
112.4,1.8,1.0,1.0,0.0
213.8,1.2,0.0,1.0,0.0
77.5,2.7,0.0,1.0,0.0
256.8,0.5,0.0,0.0,0.0
160.3,2.7,0.0,1.0,0.0
274.7,3.7,1.0,0.0,0.0
168.7,1.8,0.0,1.0,0.0
119.6,2.1,1.0,0.0,0.0
133.8,3.0,1.0,0.0,0.0
297.5,1.7,0.0,0.0,1.0
42.8,1.6,1.0,0.0,0.0
139.6,1.5,1.0,1.0,1.0
143.4,2.1,0.0,1.0,0.0
174.0,2.2,1.0,1.0,0.0
190.4,1.8,1.0,1.0,1.0
182.7,1.5,0.0,1.0,1.0
273.3,2.0,0.0,1.0,1.0
139.3,1.7,1.0,0.0,0.0
103.1,0.9,1.0,1.0,0.0
118.7,3.1,0.0,0.0,0.0
190.8,1.9,1.0,0.0,0.0
204.6,2.5,0.0,0.0,0.0
117.6,3.1,0.0,1.0,0.0
236.4,0.9,1.0,0.0,0.0
29.8,1.2,0.0,1.0,0.0
152.3,1.9,0.0,0.0,0.0
189.9,1.9,0.0,1.0,0.0
216.7,2.0,0.0,0.0,0.0
220.5,2.2,0.0,0.0,0.0
327.1,1.6,0.0,0.0,0.0
175.7,2.0,0.0,0.0,0.0
252.3,3.5,1.0,0.0,0.0
207.5,2.4,0.0,1.0,0.0
160.7,1.9,0.0,0.0,0.0
205.8,2.2,1.0,0.0,1.0
232.0,3.8,1.0,0.0,0.0
302.5,2.9,0.0,0.0,0.0
90.1,2.8,0.0,1.0,0.0
155.8,2.7,0.0,0.0,0.0
47.2,1.7,0.0,0.0,0.0
270.2,1.9,1.0,0.0,0.0
162.1,2.7,0.0,0.0,0.0
189.4,3.3,0.0,1.0,1.0
170.4,1.8,0.0,0.0,0.0
121.3,1.9,0.0,0.0,0.0
210.5,2.2,0.0,0.0,0.0
110.3,1.3,0.0,0.0,0.0
334.9,2.2,0.0,1.0,0.0
174.4,2.4,0.0,0.0,0.0
299.3,2.5,0.0,1.0,0.0
193.0,2.5,0.0,1.0,0.0
167.7,1.8,0.0,1.0,0.0
228.7,1.1,1.0,0.0,0.0
195.7,1.5,1.0,0.0,0.0
181.9,1.1,0.0,1.0,0.0
273.0,1.7,0.0,1.0,0.0
187.4,2.1,0.0,1.0,0.0
170.8,1.6,0.0,1.0,0.0
114.6,2.0,1.0,0.0,0.0
183.3,2.7,1.0,0.0,0.0
125.9,2.4,1.0,1.0,0.0
161.5,2.0,0.0,0.0,0.0
132.0,2.7,1.0,0.0,0.0
172.9,1.6,1.0,0.0,0.0
132.2,2.2,1.0,0.0,0.0
202.4,0.8,1.0,0.0,0.0
75.0,2.3,0.0,0.0,0.0
231.9,2.2,1.0,1.0,0.0
196.4,1.4,0.0,0.0,0.0
264.5,0.0,0.0,0.0,0.0
169.6,1.6,1.0,1.0,0.0
182.3,2.3,0.0,0.0,0.0
209.4,3.1,1.0,0.0,0.0
165.5,3.4,0.0,0.0,0.0
187.7,1.8,1.0,0.0,0.0
181.8,2.6,0.0,0.0,0.0
110.0,1.2,1.0,0.0,0.0
283.6,2.2,0.0,0.0,0.0
184.9,3.2,0.0,0.0,0.0
134.4,3.0,1.0,0.0,0.0
60.0,2.2,0.0,1.0,0.0
116.2,2.0,1.0,0.0,0.0
234.5,2.5,1.0,1.0,1.0
191.6,1.0,0.0,0.0,0.0
221.0,1.7,1.0,0.0,0.0
191.5,1.2,0.0,1.0,0.0
208.7,0.3,1.0,0.0,0.0
186.8,0.8,0.0,1.0,0.0
201.5,3.3,0.0,1.0,0.0
107.7,0.1,0.0,1.0,1.0
273.0,0.8,1.0,0.0,0.0
236.3,0.7,0.0,0.0,0.0
152.7,3.2,1.0,0.0,0.0
135.1,2.1,1.0,1.0,0.0
150.6,1.7,0.0,0.0,0.0
188.4,1.9,0.0,0.0,0.0
180.7,1.8,1.0,0.0,0.0
88.1,2.5,1.0,1.0,0.0
138.8,1.1,1.0,0.0,0.0
211.5,1.1,0.0,1.0,0.0
136.3,1.8,0.0,1.0,0.0
121.2,3.1,1.0,0.0,0.0
148.1,2.4,0.0,0.0,1.0
162.1,3.3,0.0,1.0,0.0
97.5,2.6,1.0,0.0,0.0
259.3,2.2,0.0,0.0,0.0
301.3,2.3,1.0,0.0,0.0
172.4,2.0,1.0,0.0,0.0
279.3,2.1,1.0,0.0,0.0
172.5,2.8,1.0,0.0,1.0
307.6,1.9,0.0,0.0,0.0
148.7,2.1,1.0,1.0,0.0
148.0,2.8,1.0,1.0,0.0
275.0,1.7,1.0,0.0,0.0
223.5,1.4,0.0,0.0,0.0
208.7,1.1,0.0,0.0,0.0
204.5,3.2,1.0,1.0,0.0
175.7,2.6,1.0,0.0,0.0
240.5,2.8,0.0,1.0,1.0
200.2,1.2,0.0,0.0,0.0
170.5,1.6,1.0,0.0,0.0
130.3,2.0,0.0,0.0,0.0
337.8,1.4,0.0,0.0,0.0
159.3,1.5,0.0,1.0,0.0
200.1,3.3,1.0,0.0,0.0
117.3,2.5,1.0,1.0,0.0
209.0,3.0,1.0,0.0,0.0
222.0,2.3,0.0,0.0,0.0
130.8,2.0,0.0,1.0,0.0
174.8,1.8,0.0,1.0,0.0
86.0,2.7,1.0,1.0,0.0
197.0,2.7,1.0,1.0,1.0
115.5,0.6,0.0,1.0,0.0
84.6,3.7,0.0,1.0,0.0
243.8,3.4,0.0,1.0,1.0
89.5,2.6,0.0,0.0,0.0
192.1,2.8,0.0,1.0,0.0
231.9,2.8,0.0,0.0,0.0
252.3,2.5,0.0,1.0,0.0
94.7,2.0,1.0,1.0,0.0
75.2,2.2,1.0,1.0,0.0
153.8,3.3,0.0,0.0,0.0
278.4,2.1,1.0,0.0,0.0
235.0,1.0,0.0,0.0,0.0
201.3,2.1,0.0,0.0,0.0
213.1,3.0,1.0,0.0,0.0
104.7,1.0,1.0,1.0,0.0
364.3,3.3,1.0,1.0,1.0
144.5,1.8,1.0,0.0,0.0
136.3,2.2,0.0,0.0,0.0
343.1,2.3,1.0,0.0,0.0
246.4,2.7,0.0,0.0,0.0
64.1,1.4,0.0,0.0,0.0
223.1,0.1,0.0,1.0,0.0
172.9,2.3,1.0,0.0,0.0
161.2,1.8,1.0,1.0,0.0
101.9,0.5,1.0,0.0,0.0
96.0,2.8,0.0,0.0,0.0
120.6,1.3,1.0,0.0,0.0
106.0,0.6,1.0,0.0,0.0
165.8,1.3,1.0,1.0,0.0
90.5,2.5,1.0,1.0,0.0
101.6,1.5,0.0,0.0,0.0
77.5,2.2,0.0,0.0,0.0
151.7,1.1,0.0,0.0,0.0
118.3,0.4,0.0,1.0,0.0
299.4,3.4,1.0,1.0,1.0
59.9,0.8,0.0,0.0,0.0
117.0,2.0,0.0,0.0,0.0
221.5,2.3,0.0,1.0,0.0
-17.9,2.7,0.0,0.0,0.0
138.5,2.2,0.0,0.0,0.0
354.5,1.2,0.0,0.0,0.0
230.8,2.3,0.0,0.0,0.0
202.7,2.4,0.0,1.0,0.0
107.9,1.5,1.0,0.0,0.0
33.5,1.8,1.0,1.0,0.0
183.2,1.6,0.0,0.0,0.0
111.1,2.7,1.0,1.0,0.0
252.5,2.2,0.0,0.0,0.0
199.2,2.5,0.0,0.0,0.0
177.8,1.7,0.0,0.0,1.0
72.6,1.3,1.0,1.0,0.0
148.4,2.1,1.0,0.0,0.0
94.6,2.5,0.0,1.0,0.0
194.5,1.9,1.0,0.0,0.0
118.2,3.3,0.0,1.0,1.0
169.6,0.8,0.0,1.0,0.0
138.1,0.1,1.0,0.0,0.0
198.0,2.3,1.0,0.0,0.0
103.7,0.4,0.0,0.0,0.0
185.5,3.6,1.0,0.0,0.0
100.1,1.7,1.0,1.0,0.0
240.5,2.7,0.0,0.0,0.0
272.1,4.4,1.0,1.0,1.0
303.7,2.4,0.0,0.0,0.0
179.4,4.5,0.0,1.0,0.0
54.1,2.2,1.0,1.0,0.0
277.9,2.1,0.0,0.0,0.0
134.6,1.4,0.0,1.0,0.0
90.5,1.5,0.0,1.0,0.0
179.5,1.1,1.0,0.0,0.0
19.1,2.0,0.0,0.0,0.0
290.9,2.5,0.0,0.0,0.0
205.9,0.6,0.0,0.0,0.0
71.2,1.7,0.0,0.0,0.0
153.0,1.5,0.0,1.0,0.0
335.4,3.9,0.0,1.0,1.0
161.9,1.4,0.0,0.0,1.0
221.8,3.2,0.0,1.0,0.0
210.6,2.3,1.0,0.0,0.0
109.6,1.5,0.0,0.0,0.0
211.6,1.6,1.0,0.0,0.0
254.2,1.9,1.0,0.0,0.0
239.9,3.0,0.0,1.0,1.0
177.6,1.7,1.0,1.0,0.0
231.7,1.8,0.0,0.0,0.0
218.9,1.9,0.0,0.0,0.0
290.2,2.2,1.0,1.0,0.0
91.0,2.2,0.0,0.0,0.0
194.0,1.3,1.0,1.0,0.0
139.0,1.7,0.0,0.0,0.0
198.6,3.1,0.0,0.0,0.0
215.8,1.1,0.0,1.0,0.0
241.0,1.7,1.0,0.0,0.0
160.3,1.9,0.0,1.0,1.0
218.3,0.7,0.0,1.0,0.0
221.5,3.0,1.0,1.0,0.0
286.3,2.5,0.0,0.0,0.0
166.6,1.7,1.0,0.0,0.0
125.8,0.8,0.0,0.0,0.0
207.3,1.7,1.0,0.0,0.0
188.0,1.5,0.0,0.0,0.0
103.7,2.9,0.0,0.0,0.0
158.4,2.0,0.0,0.0,0.0
188.1,1.4,0.0,1.0,0.0
203.1,3.3,1.0,0.0,0.0
183.0,1.5,0.0,0.0,0.0
106.1,1.3,1.0,1.0,0.0
250.1,1.5,0.0,1.0,0.0
234.6,2.9,1.0,0.0,0.0
207.1,3.3,0.0,1.0,0.0
167.2,0.3,0.0,1.0,0.0
230.5,2.3,0.0,0.0,0.0
184.6,1.1,0.0,1.0,0.0
267.9,2.3,1.0,0.0,0.0
259.4,1.9,1.0,1.0,0.0
141.6,3.7,0.0,1.0,0.0
199.1,2.0,1.0,1.0,0.0
154.9,2.5,1.0,0.0,0.0
167.1,2.2,1.0,1.0,1.0
127.2,1.6,0.0,1.0,0.0
252.3,1.7,0.0,0.0,0.0
144.7,2.4,1.0,1.0,0.0
144.1,1.5,0.0,0.0,0.0
121.2,1.1,0.0,1.0,0.0
123.3,1.6,1.0,1.0,0.0
106.3,1.8,0.0,1.0,0.0
148.5,2.1,1.0,0.0,0.0
163.9,2.1,0.0,0.0,0.0
145.2,3.3,0.0,0.0,0.0
195.7,2.2,1.0,0.0,0.0
145.8,2.6,1.0,0.0,0.0
246.9,1.2,1.0,1.0,0.0
168.5,2.4,0.0,0.0,0.0
115.2,1.9,1.0,0.0,0.0
209.6,2.3,1.0,1.0,0.0
179.4,0.1,1.0,0.0,0.0
218.7,1.5,0.0,0.0,0.0
234.4,1.2,0.0,1.0,0.0
195.4,2.9,1.0,0.0,0.0
209.5,1.4,1.0,0.0,0.0
228.3,2.4,0.0,1.0,0.0
248.5,3.4,0.0,1.0,1.0
166.4,3.1,0.0,0.0,1.0
181.5,1.2,0.0,1.0,0.0
275.0,2.7,0.0,0.0,0.0
226.4,2.7,0.0,1.0,0.0
179.9,1.4,1.0,1.0,0.0
225.0,1.2,0.0,0.0,0.0
211.5,1.2,0.0,0.0,0.0
219.6,3.5,1.0,1.0,0.0
88.2,1.8,0.0,1.0,0.0
293.0,0.8,0.0,0.0,0.0
150.7,1.1,0.0,1.0,0.0
177.9,0.6,1.0,1.0,0.0
262.2,2.4,0.0,0.0,0.0
198.2,2.6,0.0,1.0,0.0
147.0,1.9,1.0,0.0,1.0
45.5,2.0,0.0,0.0,0.0
264.3,4.2,0.0,0.0,0.0
177.5,1.2,0.0,0.0,0.0
158.4,1.9,1.0,1.0,0.0
73.2,2.1,0.0,0.0,0.0
135.4,1.9,0.0,0.0,0.0
147.2,2.8,1.0,0.0,0.0
172.5,1.4,1.0,1.0,0.0
186.6,2.1,0.0,0.0,0.0
175.7,4.2,1.0,1.0,1.0
222.3,1.2,1.0,0.0,0.0
49.4,1.0,0.0,0.0,0.0
190.0,4.5,0.0,1.0,1.0
159.3,2.2,0.0,1.0,0.0
95.4,2.4,0.0,0.0,1.0
132.6,2.6,1.0,0.0,0.0
229.1,1.1,0.0,0.0,0.0
182.7,1.8,0.0,1.0,0.0
347.4,2.8,0.0,0.0,0.0
159.1,2.0,1.0,0.0,0.0
225.9,1.8,0.0,0.0,0.0
145.6,2.6,1.0,1.0,0.0
243.3,0.7,0.0,0.0,0.0
164.6,1.7,1.0,0.0,0.0
193.0,2.5,0.0,0.0,0.0
135.4,2.4,1.0,0.0,0.0
185.1,2.8,1.0,0.0,0.0
140.0,1.4,0.0,0.0,0.0
185.7,2.0,0.0,1.0,0.0
126.1,1.3,0.0,0.0,0.0
115.8,1.5,0.0,0.0,0.0
179.6,1.7,1.0,1.0,0.0
180.3,3.3,0.0,0.0,0.0
-21.5,2.8,0.0,0.0,0.0
206.5,2.7,0.0,1.0,0.0
216.8,1.8,1.0,1.0,0.0
214.3,1.9,0.0,1.0,0.0
119.8,1.4,1.0,1.0,0.0
222.5,1.6,0.0,1.0,0.0
191.0,3.1,0.0,0.0,0.0
212.9,2.5,1.0,0.0,0.0
228.2,2.7,0.0,0.0,0.0
212.5,0.5,0.0,0.0,0.0
247.9,0.9,1.0,0.0,0.0
59.0,1.8,1.0,0.0,0.0
160.9,1.0,0.0,1.0,0.0
102.2,0.5,0.0,0.0,0.0
126.4,2.6,0.0,0.0,1.0
222.9,0.1,0.0,1.0,0.0
219.7,1.4,0.0,0.0,0.0
223.1,0.5,0.0,0.0,0.0
257.8,2.3,0.0,1.0,0.0
154.0,1.6,0.0,1.0,0.0
154.6,1.6,1.0,1.0,0.0
333.1,2.2,1.0,0.0,1.0
174.4,3.3,0.0,1.0,0.0
106.0,0.7,1.0,1.0,0.0
136.6,2.4,0.0,0.0,0.0
301.6,2.4,0.0,1.0,0.0
161.0,2.0,1.0,0.0,0.0
192.6,2.4,0.0,0.0,0.0
205.2,2.6,0.0,0.0,0.0
158.5,2.0,1.0,0.0,0.0
212.7,1.1,1.0,0.0,1.0
203.5,1.2,0.0,1.0,0.0
137.6,1.6,0.0,0.0,0.0
148.1,1.0,1.0,0.0,0.0
294.1,2.5,0.0,0.0,0.0
211.0,1.5,0.0,0.0,0.0
122.5,1.8,0.0,0.0,0.0
260.2,1.8,1.0,1.0,0.0
96.6,2.2,0.0,0.0,1.0
189.9,3.1,0.0,1.0,0.0
185.3,1.8,0.0,0.0,0.0
227.2,2.1,1.0,0.0,0.0
181.1,2.8,0.0,0.0,0.0
219.5,3.0,1.0,0.0,0.0
186.1,1.5,0.0,0.0,0.0
228.3,1.4,1.0,1.0,1.0
132.8,2.0,1.0,1.0,1.0
156.2,1.1,1.0,0.0,0.0
212.9,1.6,1.0,0.0,0.0
177.3,1.9,0.0,0.0,0.0
175.3,2.3,0.0,0.0,0.0
216.4,1.2,0.0,0.0,0.0
271.3,2.2,0.0,0.0,0.0
280.8,2.2,1.0,0.0,0.0
144.3,2.1,0.0,1.0,0.0
155.3,3.1,1.0,1.0,0.0
150.2,3.3,0.0,0.0,0.0
238.0,2.4,0.0,0.0,0.0
225.7,1.7,0.0,0.0,0.0
156.2,2.5,0.0,1.0,0.0
179.5,0.7,1.0,0.0,0.0
180.7,2.5,0.0,0.0,0.0
206.3,0.9,0.0,0.0,0.0
97.5,2.8,1.0,0.0,0.0
120.8,3.2,1.0,1.0,0.0
190.3,2.3,0.0,0.0,0.0
142.6,0.3,0.0,0.0,0.0
222.2,1.9,1.0,0.0,0.0
193.5,0.3,1.0,0.0,0.0
145.0,1.7,0.0,0.0,0.0
192.5,2.7,0.0,1.0,0.0
373.3,2.0,0.0,0.0,0.0
306.3,2.2,0.0,0.0,0.0
97.5,1.7,1.0,1.0,0.0
58.8,1.6,0.0,0.0,0.0
150.5,2.7,0.0,0.0,0.0
243.4,0.2,1.0,0.0,0.0
190.0,0.9,0.0,0.0,0.0
230.6,1.4,1.0,0.0,0.0
203.6,2.3,0.0,0.0,0.0
164.9,2.2,0.0,0.0,0.0
217.2,2.2,1.0,0.0,0.0
113.4,1.7,0.0,1.0,0.0
316.7,3.8,0.0,1.0,1.0
100.4,1.7,0.0,1.0,0.0
258.0,2.4,1.0,1.0,1.0
167.6,1.6,0.0,0.0,0.0
226.0,2.3,1.0,0.0,0.0
187.5,2.3,0.0,0.0,0.0
224.4,2.6,0.0,0.0,0.0
149.3,2.5,1.0,0.0,0.0
298.2,3.6,0.0,1.0,0.0
213.3,2.8,1.0,0.0,0.0
221.1,1.1,1.0,0.0,0.0
86.5,0.1,0.0,1.0,0.0
140.6,2.2,1.0,1.0,0.0
201.9,2.0,0.0,1.0,0.0
193.7,1.7,0.0,0.0,0.0
249.7,1.4,0.0,1.0,0.0
109.8,2.0,0.0,0.0,0.0
270.9,2.7,0.0,1.0,1.0
193.1,3.2,1.0,1.0,1.0
234.9,0.6,1.0,0.0,0.0
175.9,1.2,0.0,0.0,0.0
306.7,1.8,1.0,1.0,0.0
180.5,1.3,0.0,1.0,0.0
170.9,2.2,1.0,1.0,0.0
184.0,1.8,0.0,0.0,0.0
107.9,1.8,1.0,1.0,0.0
174.1,3.1,0.0,1.0,0.0
177.7,1.8,0.0,1.0,1.0
309.0,1.9,0.0,0.0,0.0
146.5,1.5,0.0,1.0,0.0
105.6,0.2,0.0,0.0,0.0
127.4,2.6,0.0,1.0,0.0
205.6,2.4,1.0,1.0,0.0
124.9,2.8,1.0,1.0,0.0
354.8,0.5,0.0,0.0,0.0
153.3,1.9,1.0,1.0,0.0
165.2,2.4,1.0,1.0,0.0
208.6,2.3,0.0,0.0,0.0
72.8,2.5,0.0,0.0,0.0
307.5,3.2,1.0,1.0,0.0
162.3,3.1,0.0,0.0,0.0
238.1,2.3,1.0,0.0,0.0
180.9,2.0,0.0,0.0,0.0
262.6,0.6,1.0,1.0,0.0
135.8,3.2,1.0,1.0,0.0
116.8,2.5,0.0,1.0,0.0
140.6,3.2,1.0,0.0,0.0
154.5,1.7,1.0,0.0,0.0
226.0,2.2,1.0,1.0,0.0
169.5,0.8,1.0,1.0,0.0
170.2,2.5,0.0,0.0,0.0
187.2,2.9,0.0,1.0,1.0
62.0,1.7,1.0,0.0,0.0
166.7,2.8,1.0,0.0,0.0
161.4,1.4,1.0,1.0,0.0
165.0,1.1,0.0,0.0,0.0
224.4,2.2,0.0,1.0,0.0
237.6,2.2,0.0,1.0,0.0
228.3,1.8,0.0,0.0,0.0
335.0,3.0,1.0,0.0,0.0
140.0,2.9,0.0,1.0,0.0
198.7,1.5,0.0,1.0,0.0
180.8,2.1,0.0,0.0,1.0
156.2,0.7,0.0,1.0,0.0
235.0,1.3,0.0,1.0,0.0
99.7,1.7,1.0,1.0,0.0
232.9,2.0,0.0,0.0,0.0
263.0,2.2,1.0,1.0,0.0
175.7,2.9,0.0,0.0,0.0
104.5,2.6,0.0,1.0,0.0
136.6,2.8,1.0,0.0,0.0
231.0,1.6,0.0,1.0,0.0
120.5,3.3,0.0,1.0,0.0
177.9,2.3,0.0,0.0,0.0
160.3,0.5,1.0,0.0,0.0
182.3,1.7,0.0,0.0,0.0
227.3,2.6,0.0,0.0,0.0
181.8,1.9,0.0,0.0,0.0
194.7,2.6,0.0,0.0,0.0
163.1,2.0,0.0,0.0,0.0
149.8,0.7,1.0,0.0,0.0
163.8,2.1,0.0,1.0,0.0
193.5,2.2,1.0,0.0,0.0
96.4,1.7,0.0,0.0,0.0
102.9,1.5,0.0,0.0,0.0
184.9,0.8,1.0,0.0,0.0
134.7,2.4,0.0,1.0,0.0
248.7,2.6,0.0,0.0,0.0
125.1,1.8,1.0,0.0,0.0
236.7,1.0,0.0,0.0,0.0
185.9,1.7,1.0,0.0,0.0
187.3,3.3,0.0,0.0,1.0
120.6,2.2,1.0,1.0,0.0
301.1,1.9,0.0,1.0,0.0
275.2,3.6,0.0,1.0,1.0
256.9,1.8,1.0,0.0,0.0
137.5,1.4,0.0,1.0,0.0
118.2,2.0,1.0,0.0,0.0
68.5,2.0,0.0,0.0,1.0
300.9,2.0,0.0,1.0,0.0
194.9,2.5,0.0,1.0,1.0
118.4,2.4,1.0,0.0,0.0
118.7,2.1,0.0,1.0,0.0
192.0,2.6,1.0,1.0,1.0
244.7,3.1,1.0,1.0,0.0
262.6,0.0,0.0,0.0,0.0
272.7,2.2,1.0,1.0,0.0
237.0,2.0,0.0,0.0,0.0
117.0,1.4,1.0,1.0,0.0
158.6,2.3,0.0,1.0,0.0
-45.9,1.3,1.0,0.0,0.0
125.8,2.8,1.0,1.0,0.0
339.1,3.5,1.0,1.0,1.0
254.2,2.4,1.0,1.0,0.0
155.8,2.6,1.0,1.0,0.0
177.7,1.7,0.0,0.0,0.0
133.9,3.5,0.0,0.0,0.0
174.9,2.5,0.0,0.0,0.0
166.7,2.1,1.0,0.0,0.0
112.5,1.1,1.0,1.0,0.0
211.1,1.7,0.0,1.0,0.0
147.6,1.0,0.0,1.0,0.0
214.5,2.3,1.0,1.0,0.0
196.9,3.9,1.0,0.0,0.0
79.9,1.2,0.0,0.0,0.0
317.3,1.9,1.0,0.0,0.0
164.5,2.1,1.0,1.0,0.0
92.4,2.0,1.0,0.0,0.0
66.5,1.4,0.0,0.0,0.0
168.1,1.7,1.0,0.0,0.0
137.0,2.9,0.0,0.0,0.0
226.5,1.7,0.0,0.0,0.0
164.5,1.8,1.0,0.0,0.0
76.4,3.1,1.0,0.0,0.0
167.4,0.8,0.0,1.0,0.0
161.9,2.4,0.0,0.0,0.0
52.3,2.1,1.0,1.0,0.0
263.7,1.8,1.0,1.0,0.0
188.8,2.4,0.0,0.0,0.0
125.1,3.0,0.0,0.0,1.0
122.7,1.3,0.0,1.0,0.0
101.1,3.1,0.0,0.0,0.0
18.2,2.9,1.0,0.0,0.0
123.6,3.2,0.0,0.0,0.0
157.7,0.5,1.0,0.0,0.0
289.9,2.0,1.0,0.0,0.0
194.9,1.9,1.0,0.0,0.0
183.1,2.8,0.0,1.0,0.0
215.5,1.9,1.0,1.0,0.0
145.1,2.0,1.0,1.0,0.0
257.1,2.1,1.0,1.0,0.0
226.4,2.1,0.0,0.0,0.0
287.4,3.7,0.0,1.0,1.0
238.2,2.3,0.0,1.0,0.0
233.5,2.1,1.0,1.0,0.0
23.0,3.0,0.0,0.0,0.0
245.5,1.8,0.0,0.0,0.0
184.1,1.4,0.0,1.0,0.0
235.7,0.3,1.0,0.0,0.0
209.1,2.0,1.0,1.0,0.0
238.8,1.7,0.0,0.0,0.0
177.8,1.7,1.0,0.0,0.0
155.9,1.7,0.0,1.0,0.0
88.6,1.8,1.0,0.0,1.0
193.5,0.7,1.0,0.0,0.0
71.6,2.7,0.0,0.0,0.0
106.9,1.8,0.0,1.0,0.0
167.0,2.6,1.0,0.0,0.0
197.6,2.8,1.0,0.0,0.0
245.3,1.5,0.0,0.0,0.0
141.9,2.6,0.0,0.0,0.0
62.3,2.1,0.0,0.0,0.0
200.5,1.8,0.0,0.0,0.0
229.4,1.8,1.0,1.0,0.0
178.5,0.8,0.0,0.0,0.0
287.3,2.2,1.0,0.0,0.0
284.0,1.4,0.0,0.0,0.0
166.1,2.5,0.0,0.0,0.0
192.3,1.7,0.0,1.0,0.0
274.8,2.1,1.0,1.0,0.0
237.1,2.3,0.0,0.0,0.0
176.8,2.2,0.0,0.0,0.0
231.0,2.3,0.0,0.0,0.0
143.8,2.1,0.0,1.0,0.0
170.5,0.9,1.0,0.0,0.0
210.8,2.0,0.0,1.0,0.0
190.3,2.4,0.0,0.0,0.0
271.5,1.8,0.0,0.0,1.0
48.9,2.1,0.0,0.0,0.0
188.4,0.0,1.0,0.0,0.0
135.2,1.6,0.0,0.0,0.0
209.5,1.9,0.0,1.0,0.0
169.8,2.2,0.0,1.0,0.0
133.1,1.8,0.0,1.0,0.0
189.3,0.8,0.0,1.0,0.0
130.7,3.1,0.0,0.0,0.0
150.9,1.7,1.0,1.0,0.0
147.9,3.3,0.0,1.0,1.0
84.7,2.0,1.0,1.0,0.0
98.6,0.7,1.0,0.0,0.0
191.9,1.5,1.0,1.0,0.0
230.4,3.2,1.0,1.0,1.0
235.6,3.1,1.0,0.0,0.0
118.7,2.5,0.0,1.0,0.0
141.9,2.5,1.0,0.0,0.0
146.8,2.5,0.0,1.0,0.0
359.5,1.7,1.0,0.0,0.0
105.4,0.8,1.0,0.0,0.0
284.5,1.9,0.0,0.0,0.0
111.7,2.4,0.0,1.0,0.0
194.2,3.5,1.0,0.0,1.0
267.0,1.4,1.0,0.0,0.0
165.9,2.1,0.0,0.0,0.0
209.3,3.0,1.0,0.0,0.0
209.5,4.4,0.0,1.0,1.0
254.9,3.7,0.0,1.0,0.0
158.2,1.2,0.0,0.0,0.0
118.6,1.4,1.0,0.0,0.0
307.5,2.0,1.0,1.0,0.0
-50.0,1.3,1.0,0.0,0.0
247.9,1.9,0.0,0.0,0.0
178.9,2.2,1.0,0.0,0.0
199.7,1.3,0.0,1.0,0.0
153.2,0.0,1.0,1.0,1.0
103.9,2.4,0.0,0.0,1.0
214.0,1.7,0.0,0.0,0.0
167.2,1.4,1.0,1.0,0.0
166.9,2.0,1.0,1.0,0.0
202.3,2.4,1.0,0.0,0.0
113.2,2.7,1.0,0.0,0.0
256.2,2.5,0.0,1.0,1.0
197.8,1.2,1.0,0.0,0.0
229.3,1.7,1.0,0.0,0.0
234.1,1.4,0.0,0.0,0.0
112.0,2.1,0.0,0.0,0.0
208.7,1.4,1.0,0.0,0.0
225.6,2.3,1.0,1.0,1.0
168.2,2.4,1.0,0.0,0.0
113.3,2.0,1.0,1.0,0.0
119.3,2.4,1.0,1.0,1.0
83.9,2.1,0.0,0.0,0.0
236.7,1.2,0.0,0.0,0.0
222.0,2.0,0.0,0.0,0.0
167.1,2.3,0.0,0.0,0.0
308.5,1.8,1.0,1.0,1.0
100.1,1.6,1.0,1.0,0.0
167.2,0.9,0.0,1.0,0.0
256.5,3.3,1.0,1.0,0.0
197.8,2.3,1.0,1.0,0.0
133.3,2.5,1.0,0.0,0.0
179.7,2.4,0.0,0.0,0.0
95.7,3.1,0.0,0.0,0.0
190.5,1.1,0.0,1.0,0.0
193.5,2.0,1.0,0.0,0.0
85.6,1.2,1.0,0.0,0.0
187.6,2.7,0.0,0.0,0.0
250.7,1.6,0.0,0.0,0.0
141.9,2.1,0.0,1.0,0.0
163.9,1.6,0.0,0.0,0.0
273.4,3.0,0.0,1.0,0.0
203.8,1.6,0.0,1.0,0.0
95.2,0.9,0.0,0.0,0.0
138.4,2.5,0.0,1.0,0.0
160.9,3.0,1.0,0.0,0.0
246.7,2.0,0.0,1.0,0.0
90.8,3.8,0.0,0.0,0.0
193.2,2.1,0.0,0.0,1.0
195.7,2.6,1.0,1.0,1.0
69.2,0.4,0.0,0.0,0.0
139.2,2.9,1.0,0.0,0.0
140.7,0.5,1.0,1.0,0.0
160.1,1.1,1.0,0.0,0.0
199.6,1.5,0.0,1.0,0.0
132.0,1.4,1.0,0.0,0.0
117.2,1.5,0.0,0.0,0.0
269.9,3.6,0.0,1.0,0.0
127.8,2.5,0.0,0.0,0.0
169.2,1.3,0.0,0.0,0.0
300.9,1.1,1.0,0.0,0.0
190.2,2.1,0.0,0.0,0.0
176.3,0.9,1.0,0.0,0.0
187.4,2.1,1.0,1.0,0.0
232.3,0.9,0.0,0.0,0.0
96.2,1.0,1.0,1.0,0.0
154.2,1.9,1.0,0.0,0.0
169.4,2.5,1.0,0.0,0.0
98.0,2.3,0.0,1.0,0.0
192.1,1.7,0.0,0.0,0.0
191.5,2.0,0.0,0.0,0.0
267.2,0.2,0.0,0.0,0.0
185.4,1.2,0.0,0.0,0.0
229.9,3.4,1.0,1.0,0.0
218.0,1.0,1.0,0.0,0.0
160.6,2.1,0.0,1.0,0.0
169.4,0.6,0.0,1.0,0.0
339.5,1.4,0.0,0.0,0.0
186.6,1.7,0.0,0.0,0.0
205.3,1.6,1.0,1.0,0.0
209.7,1.2,0.0,0.0,0.0
230.8,2.5,1.0,0.0,1.0
212.7,1.6,1.0,0.0,0.0
147.5,2.6,1.0,1.0,0.0
136.3,2.0,0.0,0.0,0.0
251.5,2.5,0.0,0.0,0.0
168.8,2.0,1.0,1.0,1.0
177.7,1.6,0.0,1.0,0.0
253.7,2.4,0.0,1.0,0.0
230.6,1.6,0.0,1.0,0.0
180.0,2.6,1.0,0.0,0.0
244.7,1.6,0.0,1.0,0.0
267.2,2.2,0.0,0.0,0.0
147.2,2.6,0.0,1.0,0.0
67.3,2.1,0.0,0.0,0.0
238.9,1.1,0.0,0.0,0.0
143.3,2.2,0.0,1.0,0.0
152.8,1.4,0.0,0.0,1.0
382.1,2.4,0.0,1.0,0.0
152.5,1.8,1.0,0.0,0.0
144.9,2.0,1.0,0.0,0.0
29.5,3.5,1.0,0.0,0.0
228.4,1.5,1.0,0.0,0.0
276.8,2.1,1.0,0.0,0.0
100.5,2.4,0.0,0.0,0.0
98.4,1.9,0.0,0.0,0.0
158.5,0.5,0.0,1.0,1.0
215.3,2.0,0.0,0.0,0.0
177.9,3.0,0.0,0.0,0.0
147.4,3.4,0.0,0.0,0.0
236.2,2.6,0.0,0.0,0.0
231.8,1.5,0.0,0.0,0.0
150.3,4.1,1.0,0.0,0.0
197.0,2.4,0.0,1.0,0.0
200.2,3.0,0.0,1.0,0.0
123.8,2.1,0.0,0.0,0.0
170.0,2.4,1.0,1.0,1.0
40.8,1.3,0.0,1.0,0.0
74.9,1.5,0.0,1.0,0.0
254.3,1.5,0.0,1.0,0.0
248.0,1.0,0.0,1.0,0.0
60.4,1.0,1.0,1.0,0.0
221.5,1.5,0.0,0.0,0.0
294.4,2.3,0.0,0.0,0.0
174.4,2.0,1.0,1.0,0.0
279.0,1.5,0.0,0.0,0.0
163.5,2.9,0.0,1.0,0.0
19.1,1.4,0.0,0.0,0.0
198.6,1.6,0.0,0.0,0.0
177.9,1.6,1.0,0.0,0.0
180.8,1.3,1.0,0.0,0.0
218.4,1.2,0.0,1.0,0.0
183.1,1.4,0.0,1.0,0.0
221.7,1.5,1.0,0.0,0.0
130.4,2.4,1.0,1.0,0.0
65.2,1.0,1.0,0.0,0.0
218.7,1.3,0.0,1.0,1.0
148.6,2.0,0.0,0.0,0.0
181.5,2.4,1.0,0.0,1.0
98.5,1.2,1.0,1.0,0.0
167.6,2.4,0.0,0.0,0.0
154.7,0.6,1.0,0.0,0.0
154.9,1.5,0.0,1.0,0.0
232.9,1.6,0.0,0.0,0.0
253.0,1.9,1.0,0.0,0.0
151.9,0.4,1.0,1.0,0.0
107.9,4.2,1.0,0.0,0.0
192.5,1.4,0.0,0.0,0.0
141.3,2.2,1.0,0.0,0.0
109.4,2.4,1.0,1.0,0.0
177.6,2.9,0.0,1.0,0.0
119.8,2.1,1.0,0.0,0.0
106.6,2.7,0.0,0.0,0.0
131.5,2.0,0.0,1.0,0.0
131.9,3.1,1.0,1.0,0.0
227.1,1.4,1.0,0.0,0.0
199.2,2.8,0.0,0.0,0.0
157.9,1.8,0.0,0.0,0.0
141.3,1.9,0.0,0.0,0.0
87.4,2.4,1.0,0.0,0.0
90.5,1.6,1.0,0.0,0.0
189.9,3.1,0.0,0.0,0.0
160.3,1.8,1.0,1.0,0.0
178.9,1.0,1.0,0.0,0.0
255.9,1.4,1.0,0.0,1.0
278.8,0.7,0.0,0.0,0.0
101.2,1.6,0.0,1.0,0.0
227.2,1.9,1.0,0.0,0.0
66.2,2.5,0.0,0.0,0.0
255.0,1.3,0.0,1.0,0.0
233.9,3.2,0.0,1.0,0.0
166.1,2.2,1.0,1.0,0.0
270.0,3.7,0.0,1.0,1.0
203.2,2.8,0.0,1.0,0.0
166.6,1.4,1.0,1.0,0.0
195.7,3.7,0.0,1.0,1.0
129.4,2.1,0.0,1.0,0.0
246.3,2.6,0.0,0.0,0.0
326.0,2.3,1.0,0.0,0.0
170.2,0.8,1.0,0.0,0.0
218.4,1.0,0.0,0.0,0.0
297.5,1.5,0.0,0.0,0.0
156.2,2.8,0.0,0.0,0.0
39.1,2.5,0.0,0.0,0.0
152.3,2.6,1.0,1.0,0.0
54.1,1.6,0.0,1.0,0.0
255.1,1.5,1.0,1.0,0.0
185.9,1.8,0.0,0.0,0.0
248.3,2.8,0.0,0.0,0.0
224.4,1.8,1.0,0.0,0.0
163.4,2.5,1.0,0.0,0.0
135.8,2.2,1.0,0.0,0.0
121.8,0.9,0.0,0.0,0.0
122.3,2.9,0.0,1.0,0.0
170.0,2.5,1.0,0.0,0.0
161.8,2.7,0.0,0.0,0.0
147.0,2.7,0.0,0.0,0.0
202.6,1.8,0.0,1.0,0.0
279.9,1.6,0.0,0.0,0.0
225.5,1.9,0.0,1.0,0.0
151.1,1.6,0.0,1.0,0.0
253.6,0.3,0.0,1.0,0.0
126.4,3.2,1.0,0.0,0.0
130.4,2.9,0.0,1.0,0.0
178.0,0.7,1.0,0.0,0.0
131.0,1.7,0.0,0.0,0.0
136.8,3.1,1.0,0.0,0.0
158.9,1.7,1.0,1.0,0.0
227.4,2.0,0.0,0.0,0.0
317.3,2.1,0.0,0.0,0.0
224.1,2.7,0.0,0.0,0.0
120.2,1.9,0.0,0.0,0.0
341.9,2.3,1.0,1.0,1.0
247.2,1.5,0.0,1.0,1.0
91.1,2.1,0.0,1.0,0.0
178.3,4.3,1.0,1.0,1.0
190.6,2.1,1.0,0.0,0.0
294.1,1.9,0.0,0.0,0.0
143.1,2.2,0.0,1.0,0.0
75.5,2.5,0.0,0.0,0.0
209.2,2.1,0.0,0.0,0.0
169.4,3.6,1.0,0.0,0.0
200.8,1.9,0.0,0.0,0.0
106.7,2.2,1.0,1.0,0.0
82.1,1.5,0.0,0.0,0.0
119.8,3.2,1.0,0.0,0.0
271.0,3.0,1.0,1.0,1.0
183.1,1.4,0.0,0.0,0.0
186.1,2.9,0.0,1.0,0.0
196.6,1.6,0.0,1.0,0.0
224.0,1.5,1.0,1.0,1.0
176.3,2.8,1.0,0.0,1.0
216.2,1.7,0.0,0.0,0.0
116.3,2.1,0.0,0.0,0.0
199.3,1.1,0.0,1.0,0.0
74.8,1.9,0.0,1.0,1.0
209.2,3.0,1.0,0.0,0.0
320.2,2.5,1.0,0.0,0.0
196.5,2.0,1.0,1.0,0.0
218.9,3.5,0.0,0.0,0.0
129.5,1.7,0.0,0.0,0.0
103.0,2.8,1.0,1.0,0.0
243.6,1.6,0.0,0.0,0.0
150.3,2.0,0.0,0.0,0.0
212.0,3.1,0.0,1.0,1.0
296.1,2.2,0.0,0.0,0.0
247.2,2.0,1.0,1.0,1.0
210.1,1.5,0.0,0.0,0.0
187.8,1.2,1.0,1.0,0.0
96.7,1.8,0.0,1.0,0.0
93.5,2.5,1.0,1.0,0.0
153.1,2.5,0.0,1.0,0.0
130.2,1.5,0.0,0.0,0.0
215.2,1.1,0.0,0.0,0.0
97.8,2.5,0.0,1.0,0.0
179.7,1.6,0.0,1.0,0.0
52.6,0.4,1.0,1.0,0.0
305.2,1.2,0.0,0.0,0.0
121.2,3.1,0.0,0.0,0.0
151.7,1.8,1.0,1.0,0.0
228.8,3.0,1.0,1.0,1.0
216.8,0.8,0.0,0.0,0.0
278.7,3.1,1.0,1.0,0.0
207.6,2.2,1.0,1.0,1.0
283.0,2.1,0.0,0.0,0.0
215.9,2.6,1.0,0.0,0.0
230.8,2.0,1.0,0.0,0.0
233.0,3.1,0.0,1.0,0.0
121.4,2.6,0.0,1.0,0.0
99.8,2.0,0.0,0.0,0.0
167.5,1.1,1.0,0.0,0.0
177.6,2.5,0.0,1.0,0.0
251.5,2.4,1.0,0.0,1.0
286.9,1.1,0.0,0.0,0.0
154.1,2.2,1.0,0.0,0.0
206.6,2.3,0.0,1.0,0.0
175.8,2.6,1.0,0.0,0.0
191.4,1.2,0.0,0.0,0.0
143.7,1.2,0.0,0.0,0.0
26.0,2.3,1.0,1.0,0.0
158.0,2.1,0.0,0.0,0.0
128.7,1.7,0.0,0.0,0.0
153.0,1.9,1.0,0.0,0.0
73.5,2.0,0.0,0.0,0.0
243.6,3.4,0.0,1.0,0.0
117.4,2.3,0.0,0.0,0.0
160.7,3.4,0.0,0.0,0.0
187.9,2.0,0.0,1.0,0.0
240.3,3.1,0.0,1.0,1.0
94.3,2.7,0.0,0.0,0.0
213.6,2.8,1.0,1.0,0.0
271.9,0.7,1.0,0.0,0.0
144.7,2.9,0.0,0.0,0.0
214.7,0.4,0.0,1.0,0.0
228.3,3.7,1.0,1.0,0.0
181.5,1.3,1.0,1.0,0.0
127.8,1.8,1.0,0.0,0.0
129.0,1.2,0.0,1.0,0.0
230.6,0.0,1.0,0.0,0.0
311.5,1.8,0.0,0.0,0.0
210.1,1.1,1.0,0.0,0.0
198.6,2.2,0.0,0.0,0.0
279.3,3.1,0.0,0.0,0.0
218.9,1.0,0.0,1.0,0.0
97.3,1.9,0.0,0.0,0.0
210.7,1.7,0.0,0.0,0.0
235.5,0.5,0.0,1.0,0.0
178.0,2.1,1.0,0.0,0.0
216.4,0.8,1.0,0.0,0.0
457.6,3.0,0.0,1.0,1.0
246.9,3.4,1.0,1.0,0.0
320.0,2.7,1.0,0.0,1.0
266.5,1.7,0.0,0.0,0.0
176.8,2.7,0.0,1.0,0.0
132.0,2.0,1.0,0.0,0.0
232.2,1.3,0.0,1.0,0.0
252.6,1.7,0.0,0.0,0.0
172.0,2.0,0.0,0.0,0.0
276.9,0.0,0.0,0.0,0.0
244.4,2.3,0.0,0.0,0.0
194.9,2.6,0.0,0.0,0.0
180.6,1.9,1.0,1.0,0.0
137.3,1.7,1.0,1.0,1.0
239.0,3.2,0.0,1.0,1.0
150.9,2.5,1.0,1.0,0.0
108.9,1.4,0.0,1.0,0.0
106.3,1.3,1.0,1.0,0.0
226.2,1.6,0.0,1.0,1.0
185.6,1.9,0.0,0.0,0.0
176.3,1.9,0.0,0.0,0.0
282.9,2.1,0.0,0.0,1.0
204.7,0.7,1.0,0.0,0.0
199.2,2.6,1.0,0.0,0.0
267.5,2.9,1.0,1.0,1.0
184.9,4.4,0.0,1.0,0.0
143.7,0.6,0.0,1.0,0.0
157.4,0.6,1.0,1.0,0.0
178.3,2.2,0.0,1.0,0.0
234.6,2.4,1.0,1.0,0.0
105.0,3.2,1.0,0.0,0.0
164.6,1.6,1.0,0.0,0.0
141.0,1.6,0.0,1.0,0.0
232.1,3.3,0.0,0.0,0.0
218.5,2.8,1.0,1.0,0.0
178.7,1.7,0.0,0.0,0.0
132.2,2.9,1.0,0.0,0.0
233.5,2.2,0.0,1.0,0.0
234.1,1.7,0.0,0.0,0.0
159.4,1.9,1.0,0.0,0.0
191.4,2.2,0.0,0.0,0.0
270.1,2.0,1.0,1.0,0.0
164.5,2.7,1.0,1.0,0.0
169.4,1.3,1.0,0.0,0.0
227.8,2.1,1.0,0.0,0.0
201.1,1.9,0.0,0.0,0.0
124.0,0.0,1.0,0.0,0.0
106.0,2.3,0.0,0.0,0.0
89.0,2.6,0.0,1.0,0.0
212.5,2.7,0.0,1.0,0.0
207.9,1.7,1.0,1.0,0.0
256.8,2.1,1.0,1.0,0.0
137.3,3.5,0.0,0.0,0.0
235.7,1.2,1.0,1.0,0.0
185.7,2.2,0.0,1.0,0.0
28.1,2.0,0.0,0.0,0.0
46.8,1.9,0.0,0.0,0.0
129.2,1.9,0.0,0.0,0.0
229.1,2.0,0.0,0.0,0.0
108.9,0.8,0.0,0.0,0.0
294.1,1.6,0.0,1.0,0.0
274.7,1.9,1.0,0.0,0.0
297.7,2.4,1.0,0.0,0.0
80.3,1.5,1.0,0.0,0.0
179.8,2.2,1.0,0.0,0.0
174.8,2.5,1.0,1.0,1.0
253.4,2.8,1.0,1.0,0.0
178.7,1.4,1.0,0.0,0.0
223.6,1.7,0.0,0.0,0.0
68.1,2.3,0.0,0.0,0.0
233.9,1.6,0.0,0.0,0.0
114.3,2.5,0.0,0.0,0.0
249.6,1.0,0.0,0.0,0.0
148.1,1.8,1.0,0.0,0.0
231.0,1.4,1.0,0.0,0.0
137.4,1.5,0.0,0.0,0.0
201.6,1.5,1.0,1.0,0.0
176.0,2.7,0.0,1.0,0.0
116.5,2.2,0.0,0.0,0.0
125.6,1.7,0.0,0.0,0.0
108.2,1.3,0.0,1.0,0.0
117.2,1.2,1.0,0.0,0.0
197.4,2.2,1.0,1.0,0.0
147.4,2.2,1.0,0.0,0.0
90.4,1.5,1.0,0.0,0.0
160.4,1.9,0.0,1.0,0.0
123.2,2.0,0.0,0.0,0.0
138.9,0.9,0.0,0.0,0.0
137.0,1.5,0.0,0.0,0.0
189.6,2.2,0.0,0.0,0.0
120.0,2.5,0.0,1.0,0.0
147.2,2.2,0.0,0.0,0.0
236.5,1.1,0.0,1.0,0.0
60.0,2.0,1.0,0.0,0.0
125.9,2.7,0.0,0.0,0.0
253.7,2.0,0.0,0.0,0.0
167.8,2.3,1.0,0.0,1.0
227.3,1.7,0.0,1.0,0.0
158.1,1.2,0.0,0.0,0.0
301.6,2.2,1.0,0.0,0.0
234.8,0.9,0.0,0.0,0.0
10.0,1.6,1.0,1.0,1.0
199.7,2.1,0.0,0.0,0.0
335.4,2.4,0.0,0.0,0.0
157.4,2.3,0.0,0.0,0.0
215.8,1.9,0.0,1.0,0.0
160.4,2.2,1.0,0.0,0.0
198.1,1.8,1.0,0.0,0.0
145.6,2.3,0.0,0.0,0.0
302.4,1.0,0.0,1.0,0.0
215.5,1.5,0.0,1.0,0.0
50.3,1.8,0.0,1.0,0.0
294.4,1.9,1.0,1.0,0.0
286.0,1.2,1.0,0.0,0.0
193.0,3.4,0.0,0.0,0.0
207.4,1.9,1.0,1.0,0.0
253.1,1.4,1.0,0.0,0.0
209.3,2.3,0.0,0.0,0.0
73.7,1.3,1.0,0.0,0.0
72.8,1.8,1.0,0.0,0.0
89.3,2.7,1.0,0.0,0.0
119.0,3.0,0.0,0.0,0.0
191.0,0.3,1.0,0.0,0.0
106.2,3.2,0.0,0.0,0.0
144.9,0.6,0.0,1.0,0.0
226.3,1.0,0.0,0.0,0.0
78.1,2.1,0.0,0.0,0.0
293.5,1.5,0.0,1.0,0.0
227.3,1.9,0.0,0.0,0.0
204.2,0.9,0.0,0.0,0.0
266.1,2.4,0.0,1.0,0.0
417.6,3.1,0.0,1.0,0.0
239.8,2.1,0.0,1.0,0.0
207.3,2.3,0.0,0.0,0.0
281.6,2.5,0.0,1.0,0.0
85.7,1.1,0.0,0.0,0.0
123.2,2.3,1.0,0.0,0.0
171.2,0.7,0.0,1.0,0.0
158.9,2.2,0.0,0.0,0.0
336.5,0.7,0.0,0.0,1.0
166.4,2.4,1.0,1.0,0.0
85.5,2.6,0.0,0.0,0.0
271.5,2.3,1.0,1.0,0.0
319.4,1.8,1.0,0.0,0.0
176.9,1.4,0.0,1.0,0.0
196.5,1.7,1.0,1.0,0.0
183.3,1.5,0.0,1.0,0.0
184.3,1.0,0.0,1.0,0.0
109.0,1.9,0.0,0.0,1.0
259.4,3.0,0.0,0.0,0.0
233.5,1.7,0.0,0.0,0.0
149.5,2.3,1.0,1.0,0.0
161.3,2.0,0.0,1.0,0.0
139.5,2.6,0.0,0.0,0.0
141.1,2.0,0.0,0.0,0.0
240.6,3.6,0.0,1.0,1.0
287.7,3.0,1.0,1.0,1.0
192.4,1.5,1.0,0.0,0.0
208.7,1.1,1.0,0.0,0.0
308.8,1.4,0.0,0.0,0.0
251.5,2.4,1.0,1.0,0.0
127.5,1.9,0.0,0.0,0.0
143.5,0.0,1.0,1.0,0.0
221.4,2.9,0.0,1.0,1.0
205.6,2.8,1.0,1.0,0.0
180.2,1.9,0.0,0.0,0.0
181.4,1.7,0.0,0.0,0.0
176.1,1.9,1.0,0.0,0.0
79.1,1.4,1.0,0.0,0.0
121.4,0.4,0.0,1.0,0.0
330.5,2.7,1.0,0.0,1.0
91.6,1.0,0.0,1.0,0.0
148.1,2.3,0.0,0.0,0.0
145.2,1.4,0.0,0.0,0.0
101.8,2.1,0.0,0.0,0.0
73.9,1.9,0.0,1.0,0.0
190.4,3.1,1.0,0.0,1.0
172.9,1.8,0.0,0.0,0.0
115.4,2.7,1.0,0.0,0.0
148.9,1.4,0.0,1.0,0.0
244.5,3.1,1.0,1.0,0.0
250.9,3.1,1.0,0.0,0.0
98.6,1.3,0.0,1.0,1.0
186.1,2.1,1.0,1.0,0.0
168.2,3.0,1.0,1.0,1.0
232.7,1.9,1.0,1.0,0.0
243.4,1.0,1.0,0.0,0.0
179.6,2.1,0.0,1.0,0.0
181.9,3.8,0.0,0.0,0.0
275.7,0.6,0.0,0.0,0.0
196.0,2.0,1.0,1.0,0.0
129.1,1.8,1.0,0.0,0.0
217.5,2.8,0.0,0.0,0.0
114.5,2.0,0.0,1.0,0.0
131.1,1.9,1.0,0.0,0.0
250.9,1.0,1.0,0.0,0.0
129.2,1.5,1.0,0.0,0.0
251.7,2.3,1.0,1.0,1.0
211.0,2.2,0.0,0.0,0.0
188.0,2.1,1.0,0.0,0.0
200.3,1.2,0.0,0.0,0.0
145.7,2.3,0.0,0.0,0.0
250.6,1.5,1.0,0.0,0.0
230.0,3.9,1.0,1.0,0.0
158.0,1.3,1.0,1.0,0.0
262.7,2.4,1.0,0.0,0.0
151.8,1.8,1.0,0.0,0.0
126.6,3.5,0.0,1.0,0.0
266.2,0.8,0.0,0.0,0.0
172.2,2.0,1.0,1.0,0.0
298.3,0.9,0.0,0.0,0.0
145.8,3.7,0.0,0.0,1.0
177.6,1.2,0.0,0.0,0.0
169.4,1.6,0.0,0.0,0.0
197.4,2.8,0.0,0.0,0.0
259.3,2.9,0.0,1.0,1.0
297.6,2.7,1.0,1.0,1.0
100.7,2.3,1.0,1.0,0.0
149.9,1.4,0.0,0.0,0.0
235.2,2.5,0.0,1.0,1.0
121.9,1.4,0.0,0.0,1.0
224.8,2.2,0.0,0.0,0.0
122.4,1.7,0.0,1.0,0.0
198.9,0.8,0.0,0.0,0.0
194.5,2.6,0.0,0.0,0.0
88.5,2.8,1.0,0.0,1.0
266.8,0.7,1.0,0.0,0.0
113.4,1.9,0.0,1.0,0.0
123.0,0.8,1.0,1.0,0.0
152.0,3.4,1.0,0.0,0.0
247.8,2.1,0.0,1.0,0.0
51.1,2.2,1.0,1.0,0.0
153.9,2.2,1.0,0.0,0.0
160.8,1.6,1.0,0.0,0.0
175.1,1.7,0.0,1.0,0.0
203.3,2.6,1.0,0.0,0.0
192.2,2.2,0.0,1.0,0.0
205.2,1.5,1.0,1.0,0.0
164.0,1.5,1.0,0.0,0.0
209.3,0.3,0.0,0.0,0.0
220.9,2.6,1.0,0.0,0.0
143.7,2.1,0.0,1.0,0.0
218.4,1.9,0.0,1.0,0.0
191.9,2.9,1.0,0.0,0.0
217.2,2.5,1.0,0.0,0.0
134.9,2.7,0.0,1.0,0.0
250.8,3.2,1.0,0.0,1.0
204.7,0.5,0.0,1.0,0.0
265.2,2.2,1.0,0.0,0.0
193.2,2.8,0.0,0.0,0.0
103.4,0.7,1.0,0.0,0.0
179.6,2.7,0.0,1.0,0.0
230.0,1.4,0.0,0.0,0.0
80.4,0.9,1.0,0.0,0.0
240.8,0.9,0.0,1.0,0.0
296.5,4.3,0.0,1.0,1.0
101.4,2.0,0.0,1.0,0.0
187.5,3.2,0.0,1.0,1.0
229.3,3.0,0.0,0.0,0.0
168.4,1.9,1.0,0.0,0.0
285.9,2.6,1.0,1.0,1.0
319.1,1.9,1.0,0.0,0.0
157.1,2.1,0.0,0.0,0.0
210.2,1.0,0.0,0.0,0.0
200.8,2.0,0.0,1.0,0.0
150.7,2.0,0.0,1.0,0.0
108.8,3.2,0.0,1.0,0.0
229.1,2.0,0.0,0.0,1.0
96.2,1.4,1.0,0.0,0.0
209.0,1.4,0.0,1.0,0.0
148.9,1.5,0.0,0.0,0.0
76.8,2.0,0.0,0.0,0.0
305.5,1.3,1.0,0.0,0.0
185.9,1.4,0.0,0.0,0.0
142.2,1.9,1.0,1.0,0.0
40.3,0.9,0.0,1.0,0.0
142.2,3.3,1.0,0.0,0.0
209.9,1.4,0.0,1.0,0.0
155.8,1.2,0.0,0.0,0.0
115.2,2.6,1.0,1.0,1.0
147.9,1.8,0.0,0.0,0.0
84.5,1.7,1.0,1.0,0.0
299.8,2.2,0.0,0.0,0.0
254.2,4.1,0.0,1.0,1.0
226.5,1.7,1.0,0.0,0.0
86.4,2.3,0.0,1.0,0.0
224.3,1.8,0.0,0.0,0.0
174.0,1.3,1.0,1.0,0.0
241.0,2.3,0.0,0.0,0.0
257.5,1.1,0.0,0.0,0.0
148.1,1.8,0.0,0.0,1.0
203.0,1.8,1.0,1.0,0.0
202.6,1.4,0.0,0.0,0.0
160.3,3.2,1.0,1.0,0.0
195.7,1.4,1.0,1.0,0.0
150.1,2.3,0.0,0.0,1.0
139.4,2.6,0.0,0.0,0.0
97.6,1.4,0.0,1.0,0.0
197.6,1.7,1.0,0.0,0.0
215.8,2.1,1.0,0.0,0.0
193.0,1.9,1.0,0.0,0.0
211.8,0.5,1.0,1.0,0.0
158.2,2.9,1.0,1.0,0.0
122.4,2.3,0.0,0.0,0.0
187.6,2.5,0.0,0.0,0.0
122.9,1.5,1.0,1.0,0.0
125.2,1.8,1.0,1.0,0.0
265.3,2.2,0.0,0.0,0.0
221.1,1.3,1.0,0.0,1.0
140.8,2.3,0.0,1.0,0.0
149.0,1.6,0.0,0.0,0.0
157.0,1.5,1.0,0.0,0.0
152.6,1.8,1.0,0.0,1.0
309.6,2.0,1.0,1.0,0.0
152.0,1.0,1.0,0.0,0.0
121.4,1.8,0.0,1.0,0.0
310.2,2.6,0.0,1.0,1.0
191.2,2.8,1.0,0.0,0.0
296.8,1.7,0.0,1.0,0.0
129.4,2.4,0.0,0.0,0.0
223.2,1.4,0.0,0.0,0.0
319.8,2.1,0.0,1.0,0.0
171.8,2.5,1.0,0.0,0.0
170.3,1.9,0.0,1.0,0.0
382.8,2.1,0.0,0.0,0.0
66.5,2.4,0.0,0.0,0.0
203.1,2.1,0.0,0.0,0.0
76.0,1.5,1.0,0.0,0.0
263.9,2.3,0.0,0.0,0.0
231.7,2.3,0.0,1.0,1.0
156.1,2.2,1.0,0.0,0.0
143.8,0.8,1.0,0.0,0.0
300.0,1.9,1.0,1.0,0.0
127.2,2.0,1.0,1.0,0.0
207.3,3.7,1.0,0.0,0.0
195.9,1.1,1.0,1.0,0.0
320.4,2.1,0.0,0.0,0.0
114.9,1.7,0.0,0.0,0.0
263.0,2.3,1.0,0.0,0.0
140.1,3.0,0.0,1.0,0.0
191.6,0.0,0.0,0.0,0.0
223.8,2.3,0.0,0.0,0.0
74.1,0.8,1.0,1.0,0.0
174.1,2.0,1.0,0.0,0.0
272.9,2.7,0.0,0.0,0.0
195.1,1.4,0.0,1.0,0.0
222.8,2.4,1.0,0.0,0.0
206.9,2.0,0.0,0.0,0.0
79.7,0.7,0.0,1.0,0.0
159.1,2.4,0.0,1.0,0.0
189.2,2.6,0.0,1.0,1.0
241.4,1.3,0.0,1.0,0.0
215.9,0.3,1.0,0.0,1.0
182.8,2.4,0.0,1.0,0.0
151.4,2.7,0.0,0.0,0.0
176.4,2.1,0.0,1.0,0.0
98.1,1.8,1.0,1.0,0.0
167.5,2.2,0.0,0.0,0.0
121.9,2.7,1.0,0.0,0.0
195.3,2.3,0.0,0.0,0.0
142.9,1.4,0.0,0.0,0.0
139.0,2.4,0.0,0.0,0.0
303.9,1.7,1.0,0.0,0.0
198.3,2.1,0.0,0.0,0.0
133.8,2.9,0.0,1.0,0.0
134.4,2.2,0.0,0.0,0.0
229.4,1.3,0.0,0.0,0.0
42.6,2.9,0.0,1.0,0.0
232.8,2.2,0.0,0.0,0.0
205.0,2.1,0.0,0.0,0.0
157.3,3.3,0.0,0.0,0.0
143.1,2.4,1.0,0.0,0.0
177.1,1.9,1.0,1.0,0.0
178.5,1.8,0.0,0.0,0.0
145.9,3.2,1.0,0.0,0.0
308.1,2.2,0.0,1.0,0.0
271.2,2.2,0.0,0.0,0.0
199.0,2.5,0.0,1.0,0.0
252.0,3.6,1.0,1.0,1.0
256.0,3.6,0.0,1.0,1.0
269.3,1.7,1.0,0.0,0.0
125.7,2.7,1.0,0.0,0.0
316.1,1.7,0.0,0.0,1.0
111.4,0.9,0.0,1.0,0.0
117.4,0.4,1.0,0.0,0.0
118.0,2.3,0.0,0.0,0.0
138.7,2.4,0.0,1.0,0.0
227.1,1.8,0.0,0.0,0.0
163.3,1.8,0.0,0.0,0.0
172.8,0.9,0.0,0.0,0.0
166.0,1.1,0.0,0.0,0.0
66.5,1.7,0.0,0.0,0.0
175.5,2.9,0.0,0.0,0.0
86.3,1.3,1.0,1.0,0.0
206.6,1.9,0.0,0.0,0.0
177.2,1.4,0.0,0.0,0.0
158.2,0.3,0.0,0.0,0.0
129.1,2.5,0.0,0.0,0.0
169.7,0.8,1.0,0.0,0.0
170.6,2.2,1.0,0.0,0.0
174.1,1.2,0.0,1.0,0.0
206.9,3.3,0.0,1.0,0.0
170.2,2.2,0.0,1.0,0.0
226.1,2.4,1.0,1.0,0.0
198.2,1.9,1.0,1.0,0.0
92.8,3.0,1.0,0.0,0.0
152.5,2.9,1.0,0.0,0.0
294.1,2.3,0.0,1.0,0.0
129.3,2.3,0.0,0.0,0.0
164.0,2.2,1.0,0.0,0.0
262.8,0.9,0.0,0.0,0.0
146.3,2.2,0.0,0.0,0.0
124.4,3.0,0.0,1.0,0.0
254.0,1.6,0.0,0.0,0.0
217.8,1.9,0.0,1.0,0.0
287.4,3.7,1.0,0.0,0.0
137.5,1.9,1.0,0.0,0.0
114.9,1.5,0.0,1.0,0.0
136.1,0.4,0.0,0.0,0.0
180.5,3.8,0.0,0.0,0.0
70.0,2.2,0.0,0.0,0.0
171.1,2.3,0.0,1.0,0.0
167.2,2.5,1.0,0.0,0.0
114.1,2.7,1.0,0.0,0.0
134.8,2.2,0.0,1.0,0.0
270.8,2.3,1.0,0.0,1.0
302.2,1.8,0.0,0.0,0.0
211.3,2.3,0.0,0.0,0.0
139.3,2.4,1.0,1.0,0.0
207.4,0.8,0.0,1.0,0.0
212.5,1.5,0.0,1.0,0.0
181.5,1.5,0.0,1.0,0.0
131.0,2.2,1.0,1.0,0.0
251.8,0.7,1.0,0.0,0.0
216.1,2.9,0.0,0.0,0.0
122.4,1.4,0.0,1.0,0.0
207.0,2.3,1.0,0.0,0.0
186.4,0.2,0.0,0.0,0.0
129.1,1.4,0.0,1.0,0.0
350.4,1.3,0.0,0.0,0.0
94.4,1.4,0.0,0.0,1.0
204.5,2.0,1.0,1.0,1.0
89.9,0.9,0.0,0.0,0.0
155.0,1.7,1.0,1.0,0.0
125.6,2.5,0.0,1.0,0.0
183.1,1.8,0.0,1.0,0.0
140.1,2.9,1.0,0.0,0.0
127.4,1.5,0.0,1.0,0.0
159.8,0.7,1.0,1.0,0.0
231.0,1.2,0.0,0.0,0.0
62.0,1.4,0.0,0.0,0.0
197.2,0.0,1.0,1.0,0.0
313.6,3.0,1.0,0.0,1.0
261.4,1.8,1.0,0.0,1.0
183.8,1.5,1.0,0.0,0.0
192.8,3.1,1.0,0.0,0.0
202.6,2.9,0.0,1.0,0.0
201.0,3.3,0.0,1.0,1.0
292.7,2.2,0.0,1.0,0.0
206.7,1.5,0.0,0.0,0.0
31.6,1.7,1.0,0.0,0.0
258.2,1.2,1.0,0.0,0.0
202.5,2.0,1.0,0.0,0.0
119.2,3.1,0.0,1.0,0.0
233.0,2.2,1.0,1.0,0.0
206.8,1.8,0.0,1.0,1.0
101.6,1.8,1.0,0.0,0.0
223.3,2.8,1.0,0.0,0.0
225.2,1.7,1.0,1.0,1.0
175.0,2.0,1.0,1.0,0.0
180.8,2.0,1.0,0.0,1.0
145.6,3.0,0.0,0.0,0.0
200.2,2.8,0.0,1.0,0.0
134.9,2.2,0.0,0.0,0.0
162.0,0.8,1.0,1.0,0.0
175.5,2.3,1.0,0.0,0.0
194.4,1.7,0.0,0.0,0.0
444.9,2.5,0.0,1.0,1.0
103.7,2.3,0.0,1.0,0.0
200.2,2.3,0.0,0.0,0.0
225.8,2.1,0.0,0.0,0.0
273.3,2.8,0.0,1.0,0.0
113.9,2.6,0.0,0.0,0.0
213.3,2.2,1.0,1.0,0.0
183.9,1.8,1.0,0.0,0.0
214.1,2.4,0.0,0.0,0.0
136.8,1.9,1.0,1.0,0.0
225.7,0.4,0.0,0.0,0.0
77.5,1.3,0.0,0.0,0.0
238.5,2.1,1.0,0.0,0.0
193.1,3.5,1.0,1.0,0.0
174.5,1.0,1.0,1.0,0.0
242.7,2.7,0.0,0.0,0.0
191.0,2.0,0.0,0.0,0.0
234.5,2.0,1.0,1.0,0.0
202.9,3.1,0.0,0.0,0.0
147.0,2.1,0.0,1.0,0.0
167.8,1.8,1.0,0.0,0.0
114.6,0.7,0.0,0.0,0.0
221.1,1.4,1.0,0.0,0.0
173.7,2.7,0.0,1.0,0.0
136.0,2.2,1.0,1.0,0.0
157.8,2.4,0.0,0.0,0.0
159.8,1.9,0.0,1.0,0.0
202.3,2.9,1.0,0.0,0.0
265.3,2.3,1.0,1.0,1.0
133.7,1.5,0.0,1.0,0.0
54.9,2.5,0.0,1.0,0.0
311.8,3.6,1.0,0.0,0.0
174.8,2.2,0.0,0.0,0.0
171.1,1.9,1.0,0.0,0.0
292.8,1.2,1.0,1.0,0.0
206.9,2.3,1.0,0.0,0.0
195.7,2.9,0.0,0.0,0.0
39.9,1.0,0.0,0.0,0.0
226.5,2.4,0.0,0.0,0.0
212.7,2.5,1.0,0.0,0.0
224.5,2.9,0.0,0.0,0.0
186.9,2.6,0.0,1.0,0.0
257.6,2.1,0.0,0.0,0.0
307.3,2.3,1.0,0.0,0.0
141.0,2.3,0.0,0.0,0.0
125.8,2.7,0.0,0.0,0.0
87.4,1.8,0.0,0.0,0.0
156.6,4.1,1.0,1.0,0.0
254.2,1.2,0.0,0.0,0.0
296.3,2.4,0.0,1.0,0.0
236.8,0.8,0.0,0.0,0.0
172.8,2.4,1.0,0.0,0.0
283.3,2.8,0.0,1.0,1.0
242.4,2.6,1.0,1.0,1.0
117.2,0.8,1.0,0.0,0.0
69.6,2.7,0.0,0.0,0.0
194.8,2.4,1.0,0.0,0.0
206.8,0.7,1.0,1.0,0.0
90.4,2.5,0.0,0.0,0.0
158.1,2.8,1.0,0.0,0.0
252.6,2.8,0.0,0.0,0.0
194.9,0.8,0.0,1.0,0.0
313.1,3.4,1.0,1.0,1.0
198.8,1.7,0.0,0.0,0.0
120.3,2.0,0.0,0.0,0.0
177.1,1.6,0.0,1.0,0.0
308.0,3.4,1.0,0.0,1.0
191.1,4.3,1.0,1.0,1.0
208.7,2.1,0.0,1.0,0.0
203.4,1.6,1.0,0.0,0.0
266.4,2.6,1.0,1.0,0.0
180.3,1.4,0.0,0.0,0.0
293.2,2.6,0.0,0.0,0.0
164.7,1.5,1.0,1.0,0.0
268.3,3.9,1.0,0.0,1.0
334.4,2.2,0.0,0.0,0.0
262.3,2.3,0.0,0.0,1.0
190.9,3.1,1.0,0.0,0.0
299.6,2.9,1.0,0.0,0.0
269.3,1.1,0.0,1.0,1.0
220.3,2.2,0.0,0.0,0.0
154.2,3.1,0.0,1.0,0.0
163.1,2.3,1.0,0.0,0.0
224.9,0.8,1.0,0.0,0.0
211.4,2.3,1.0,1.0,1.0
225.8,1.2,1.0,0.0,0.0
90.0,2.0,0.0,1.0,0.0
133.6,1.8,0.0,1.0,0.0
174.4,2.5,0.0,0.0,0.0
96.5,2.0,0.0,0.0,0.0
227.1,1.1,0.0,1.0,0.0
335.4,3.1,0.0,1.0,1.0
50.7,2.7,0.0,1.0,0.0
119.4,2.0,1.0,1.0,0.0
124.8,1.1,1.0,1.0,0.0
149.3,0.9,1.0,1.0,0.0
202.7,3.0,0.0,0.0,0.0
125.5,1.7,0.0,0.0,0.0
151.0,1.8,0.0,0.0,0.0
158.7,0.4,0.0,0.0,0.0
200.0,2.3,0.0,1.0,0.0
179.5,2.2,1.0,0.0,0.0
254.4,2.4,1.0,0.0,0.0
141.1,2.4,0.0,1.0,0.0
135.4,2.2,0.0,0.0,0.0
261.6,1.1,1.0,0.0,0.0
179.3,2.2,0.0,0.0,0.0
227.3,1.3,0.0,0.0,0.0
118.6,2.4,0.0,0.0,0.0
247.0,2.1,0.0,0.0,0.0
151.5,2.5,0.0,0.0,0.0
160.5,2.6,1.0,0.0,0.0
306.6,4.0,0.0,1.0,1.0
179.1,2.9,0.0,1.0,0.0
176.4,1.2,1.0,0.0,0.0
121.7,2.9,0.0,1.0,0.0
173.5,1.2,0.0,1.0,1.0
189.3,2.3,1.0,0.0,0.0
212.4,2.0,1.0,0.0,0.0
207.6,2.6,0.0,1.0,0.0
108.8,1.9,0.0,0.0,1.0
237.9,2.0,1.0,0.0,0.0
176.4,2.0,0.0,0.0,0.0
300.3,1.9,1.0,0.0,0.0
183.9,1.7,0.0,1.0,0.0
85.2,3.3,0.0,0.0,0.0
210.0,1.7,0.0,0.0,0.0
108.0,2.5,0.0,1.0,0.0
255.5,1.3,0.0,0.0,0.0
149.2,2.2,0.0,0.0,0.0
124.5,2.3,0.0,0.0,0.0
122.7,1.8,0.0,0.0,0.0
103.7,1.7,0.0,0.0,0.0
167.6,2.2,0.0,0.0,0.0
245.9,2.7,0.0,1.0,0.0
263.2,1.7,0.0,0.0,0.0
185.8,3.4,1.0,0.0,0.0
220.5,1.0,0.0,0.0,0.0
147.9,2.0,0.0,0.0,0.0
249.8,0.3,0.0,0.0,0.0
275.3,1.9,0.0,0.0,0.0
223.7,1.6,0.0,0.0,0.0
243.3,0.7,1.0,0.0,0.0
291.6,0.6,0.0,0.0,0.0
196.6,1.4,0.0,0.0,0.0
207.5,2.6,1.0,0.0,0.0
271.7,0.2,0.0,1.0,0.0
169.5,1.7,0.0,1.0,1.0
244.7,1.6,1.0,0.0,1.0
258.5,1.5,1.0,1.0,0.0
166.9,0.7,1.0,0.0,0.0
173.5,3.4,1.0,0.0,0.0
225.8,1.3,0.0,0.0,0.0
177.8,2.5,0.0,1.0,0.0
160.1,2.3,1.0,1.0,0.0
226.7,3.8,1.0,0.0,0.0
174.2,2.3,1.0,1.0,0.0
110.9,1.9,0.0,1.0,1.0
113.5,2.1,0.0,0.0,0.0
219.8,2.1,1.0,1.0,0.0
93.5,1.8,1.0,0.0,0.0
252.1,2.3,0.0,0.0,0.0
283.9,3.3,1.0,1.0,1.0
177.2,2.4,1.0,0.0,0.0
201.3,2.5,0.0,0.0,0.0
120.8,2.3,0.0,0.0,0.0
177.7,2.3,0.0,0.0,0.0
166.7,0.8,0.0,0.0,0.0
180.0,2.3,0.0,0.0,0.0
157.2,2.0,0.0,0.0,0.0
240.6,2.1,0.0,1.0,0.0
97.4,3.6,0.0,0.0,0.0
37.4,2.7,0.0,0.0,0.0
289.1,2.5,0.0,1.0,0.0
176.8,2.6,0.0,0.0,0.0
173.1,1.4,0.0,0.0,0.0
163.9,2.5,0.0,0.0,0.0
174.0,2.3,0.0,0.0,0.0
314.4,1.8,0.0,0.0,0.0
107.7,2.8,0.0,1.0,0.0
224.5,2.0,0.0,0.0,0.0
226.9,3.9,1.0,0.0,0.0
310.5,2.2,0.0,0.0,0.0
153.7,3.5,0.0,1.0,0.0
208.5,2.5,0.0,0.0,0.0
148.1,2.6,0.0,0.0,0.0
162.6,3.0,0.0,0.0,0.0
158.2,2.5,1.0,1.0,0.0
204.6,2.4,1.0,0.0,0.0
257.6,3.1,0.0,0.0,0.0
190.4,1.7,1.0,1.0,0.0
260.3,2.1,0.0,1.0,0.0
125.2,2.0,1.0,1.0,0.0
159.7,1.2,0.0,1.0,0.0
194.4,1.1,1.0,1.0,0.0
164.2,2.1,0.0,1.0,0.0
184.3,0.6,0.0,0.0,0.0
212.4,0.5,1.0,0.0,0.0
255.3,1.8,1.0,0.0,0.0
142.2,1.9,0.0,0.0,0.0
158.2,2.4,0.0,0.0,0.0
188.7,2.0,0.0,0.0,0.0
243.3,0.4,0.0,1.0,0.0
205.6,1.1,1.0,0.0,0.0
186.8,0.2,0.0,1.0,0.0
259.4,2.7,0.0,0.0,0.0
188.8,2.6,1.0,0.0,0.0
165.2,0.3,1.0,0.0,0.0
139.3,0.1,0.0,0.0,0.0
66.8,1.2,1.0,0.0,0.0
222.6,2.5,1.0,0.0,0.0
129.5,0.7,1.0,0.0,0.0
83.8,0.8,0.0,1.0,0.0
177.2,1.5,0.0,0.0,0.0
204.2,1.8,0.0,0.0,0.0
164.5,1.7,1.0,1.0,0.0
183.1,2.6,0.0,0.0,0.0
68.3,2.7,0.0,0.0,1.0
222.2,2.9,1.0,1.0,0.0
228.5,1.4,0.0,0.0,0.0
251.4,2.0,0.0,0.0,0.0
126.9,2.4,1.0,0.0,0.0
130.5,1.5,1.0,1.0,0.0
198.4,2.5,0.0,0.0,0.0
137.3,3.2,0.0,1.0,0.0
158.4,1.9,0.0,0.0,0.0
201.1,2.1,0.0,0.0,0.0
102.4,0.8,1.0,0.0,0.0
200.1,2.3,0.0,0.0,0.0
110.2,2.7,0.0,0.0,0.0
225.1,3.5,1.0,1.0,0.0
171.0,2.0,0.0,0.0,0.0
301.1,0.8,0.0,0.0,0.0
68.3,3.9,0.0,0.0,0.0
193.6,2.2,0.0,1.0,0.0
119.8,2.1,0.0,0.0,0.0
218.6,2.1,0.0,0.0,0.0
262.7,3.4,0.0,1.0,1.0
139.0,1.5,1.0,0.0,0.0
299.9,0.8,0.0,0.0,0.0
196.7,2.4,0.0,0.0,0.0
132.2,1.1,0.0,0.0,0.0
212.7,1.5,1.0,1.0,0.0
178.0,1.5,0.0,1.0,0.0
118.2,2.4,1.0,1.0,1.0
216.8,2.1,0.0,1.0,0.0
286.2,1.9,1.0,1.0,0.0
298.9,2.0,1.0,1.0,0.0
230.3,2.6,1.0,0.0,0.0
225.5,2.4,1.0,0.0,0.0
172.9,1.0,1.0,0.0,0.0
307.5,2.8,0.0,1.0,1.0
-5.8,2.2,0.0,0.0,0.0
125.8,0.1,0.0,1.0,0.0
105.1,3.3,0.0,1.0,1.0
296.8,3.0,1.0,0.0,0.0
188.3,2.0,1.0,0.0,0.0
154.2,1.9,1.0,0.0,0.0
218.2,1.9,1.0,0.0,0.0
206.2,2.4,0.0,0.0,0.0
80.8,1.7,1.0,1.0,0.0
181.5,1.9,1.0,0.0,0.0
111.0,1.0,0.0,0.0,0.0
234.3,2.5,1.0,1.0,1.0
210.3,3.1,0.0,1.0,0.0
191.7,2.2,1.0,0.0,0.0
213.9,1.2,1.0,0.0,0.0
127.8,0.9,1.0,1.0,0.0
51.1,1.3,0.0,1.0,0.0
163.1,2.3,0.0,1.0,0.0
174.9,1.7,0.0,0.0,0.0
170.7,1.4,0.0,0.0,0.0
232.0,3.2,0.0,0.0,1.0
117.8,1.5,0.0,0.0,0.0
217.5,3.0,0.0,1.0,0.0
205.5,2.0,1.0,1.0,0.0
245.0,3.2,1.0,1.0,0.0
169.2,1.3,0.0,0.0,0.0
293.8,1.4,1.0,0.0,0.0
194.4,2.6,0.0,0.0,0.0
201.6,2.6,0.0,1.0,0.0
56.6,2.2,1.0,1.0,0.0
70.9,2.1,0.0,0.0,0.0
146.7,2.1,0.0,0.0,0.0
215.4,3.4,0.0,1.0,1.0
191.6,3.8,0.0,1.0,1.0
193.7,3.4,0.0,1.0,0.0
170.6,1.6,1.0,0.0,0.0
233.2,2.5,1.0,0.0,0.0
232.6,1.8,0.0,0.0,0.0
113.9,2.3,0.0,0.0,1.0
151.5,2.2,1.0,0.0,1.0
127.5,1.7,1.0,1.0,0.0
15.6,1.0,0.0,1.0,0.0
153.4,1.6,0.0,1.0,0.0
102.5,3.6,1.0,0.0,0.0
289.1,0.5,0.0,0.0,0.0
224.2,2.9,0.0,0.0,0.0
164.3,1.7,0.0,1.0,0.0
293.5,2.3,0.0,0.0,0.0
82.5,1.7,1.0,0.0,0.0
274.2,2.5,1.0,0.0,1.0
138.9,1.7,1.0,0.0,0.0
145.9,2.0,1.0,0.0,0.0
300.8,2.2,0.0,1.0,0.0
197.3,2.5,0.0,0.0,0.0
193.6,1.7,0.0,0.0,0.0
162.5,1.1,0.0,0.0,0.0
50.1,0.9,1.0,0.0,0.0
160.8,2.9,0.0,1.0,0.0
200.6,1.4,0.0,0.0,0.0
159.4,1.1,0.0,1.0,0.0
185.7,2.6,1.0,1.0,0.0
197.7,1.6,1.0,0.0,0.0
106.4,1.4,0.0,1.0,0.0
145.6,3.0,0.0,1.0,0.0
227.4,3.0,0.0,0.0,0.0
262.9,1.8,0.0,0.0,0.0
169.9,2.7,1.0,1.0,1.0
218.4,2.8,1.0,1.0,0.0
136.3,1.2,0.0,0.0,0.0
208.4,2.4,0.0,0.0,0.0
143.0,3.4,0.0,0.0,0.0
332.1,1.6,1.0,0.0,0.0
314.5,1.4,0.0,0.0,0.0
260.7,2.0,1.0,0.0,0.0
48.8,2.9,1.0,0.0,0.0
268.9,2.7,0.0,0.0,0.0
196.9,0.4,0.0,0.0,0.0
144.9,2.5,0.0,0.0,0.0
178.8,1.7,1.0,0.0,0.0
225.2,1.6,1.0,0.0,0.0
188.0,1.6,0.0,0.0,0.0
49.3,1.8,0.0,0.0,0.0
171.5,2.1,0.0,0.0,0.0
194.0,2.1,1.0,0.0,0.0
175.8,2.2,1.0,1.0,0.0
118.1,2.1,1.0,1.0,0.0
221.7,1.2,1.0,0.0,0.0
186.7,2.3,0.0,0.0,0.0
172.4,3.3,0.0,0.0,0.0
169.7,2.6,1.0,1.0,0.0
231.7,1.9,0.0,1.0,0.0
152.9,3.0,0.0,1.0,0.0
97.3,2.0,0.0,0.0,0.0
131.2,1.8,0.0,1.0,0.0
213.7,1.6,0.0,0.0,0.0
174.4,4.0,0.0,1.0,0.0
198.6,2.9,0.0,0.0,0.0
233.4,1.4,1.0,0.0,0.0
210.1,2.3,0.0,0.0,0.0
101.8,2.0,0.0,0.0,0.0
118.1,2.5,1.0,1.0,0.0
291.4,1.9,1.0,0.0,0.0
77.2,2.1,1.0,1.0,1.0
252.4,3.8,0.0,0.0,0.0
307.7,0.6,1.0,0.0,0.0
174.3,1.5,0.0,0.0,0.0
173.6,0.2,1.0,1.0,0.0
122.2,1.8,0.0,0.0,0.0
99.2,2.7,0.0,1.0,0.0
172.7,1.8,0.0,0.0,0.0
141.2,1.6,0.0,0.0,0.0
144.6,2.0,0.0,0.0,0.0
175.1,3.0,0.0,0.0,0.0
213.5,2.1,0.0,1.0,0.0
124.0,2.0,1.0,0.0,0.0
173.9,1.5,0.0,1.0,1.0
161.2,2.5,1.0,1.0,0.0
119.4,1.5,0.0,1.0,0.0
164.7,1.2,0.0,1.0,0.0
239.2,3.1,0.0,1.0,1.0
210.2,3.2,1.0,0.0,0.0
216.8,2.5,0.0,1.0,0.0
109.7,2.5,1.0,1.0,0.0
160.5,3.6,0.0,0.0,0.0
190.7,1.9,0.0,0.0,0.0
165.5,2.9,0.0,0.0,0.0
179.8,1.7,1.0,0.0,1.0
319.3,2.3,0.0,0.0,0.0
227.5,3.6,0.0,1.0,1.0
139.3,1.6,0.0,0.0,0.0
232.3,0.7,0.0,1.0,0.0
197.4,2.3,0.0,1.0,0.0
117.5,2.6,0.0,0.0,0.0
250.9,3.0,1.0,1.0,0.0
171.5,2.2,1.0,1.0,0.0
145.4,3.3,1.0,1.0,0.0
212.0,0.0,1.0,0.0,0.0
156.5,3.0,0.0,1.0,0.0
255.8,1.9,0.0,0.0,0.0
218.4,2.3,0.0,0.0,0.0
169.7,2.4,0.0,1.0,0.0
267.6,1.6,0.0,0.0,1.0
129.4,2.7,0.0,0.0,0.0
136.5,1.7,0.0,0.0,0.0
237.6,2.8,0.0,1.0,0.0
101.4,2.3,1.0,1.0,0.0
84.7,1.9,0.0,0.0,0.0
117.5,0.9,0.0,0.0,0.0
123.2,2.2,0.0,0.0,0.0
131.4,2.3,1.0,0.0,0.0
103.9,1.5,1.0,1.0,0.0
226.9,3.9,0.0,1.0,0.0
154.7,2.7,1.0,0.0,0.0
254.7,1.0,1.0,0.0,0.0
131.0,3.3,0.0,1.0,0.0
393.0,1.1,1.0,0.0,0.0
155.3,2.7,0.0,0.0,0.0
280.7,1.2,1.0,1.0,0.0
214.6,4.0,0.0,1.0,0.0
245.9,2.1,0.0,0.0,0.0
80.3,1.5,0.0,0.0,0.0
134.3,1.0,1.0,0.0,0.0
212.7,2.0,0.0,1.0,0.0
83.7,1.6,0.0,0.0,0.0
249.5,3.5,0.0,1.0,1.0
239.4,1.4,0.0,0.0,0.0
91.1,2.0,0.0,1.0,1.0
251.6,2.8,1.0,1.0,0.0
158.5,1.9,1.0,0.0,0.0
289.1,2.4,1.0,0.0,0.0
182.4,1.6,1.0,0.0,0.0
177.2,2.8,1.0,0.0,0.0
154.8,2.0,1.0,1.0,0.0
181.0,2.6,1.0,1.0,0.0
138.0,1.6,0.0,0.0,0.0
208.1,2.4,0.0,0.0,0.0
251.6,2.8,0.0,0.0,0.0
226.6,2.7,0.0,0.0,0.0
248.2,1.4,0.0,0.0,0.0
182.8,1.5,1.0,1.0,0.0
138.3,2.7,1.0,0.0,0.0
93.2,2.2,1.0,0.0,0.0
155.8,2.0,0.0,0.0,0.0
97.0,1.8,0.0,0.0,0.0
164.3,1.3,0.0,1.0,0.0
159.4,1.8,0.0,1.0,0.0
186.9,1.7,0.0,1.0,0.0
172.3,0.5,1.0,0.0,0.0
405.0,1.8,1.0,1.0,0.0
41.4,1.5,0.0,0.0,0.0
185.2,2.5,0.0,0.0,0.0
296.9,2.6,0.0,0.0,1.0
225.6,3.0,1.0,1.0,1.0
232.9,2.6,0.0,1.0,0.0
125.7,3.0,1.0,0.0,0.0
168.8,1.7,1.0,1.0,0.0
130.3,2.4,0.0,0.0,0.0
170.5,2.0,0.0,1.0,0.0
159.6,1.3,0.0,1.0,0.0
191.7,1.4,1.0,0.0,0.0
158.4,1.5,1.0,0.0,0.0
114.2,3.1,0.0,0.0,0.0
82.9,2.5,0.0,1.0,0.0
162.6,1.8,0.0,0.0,0.0
317.5,1.8,1.0,0.0,0.0
163.9,1.2,1.0,0.0,0.0
169.1,1.7,0.0,1.0,0.0
246.8,1.7,0.0,0.0,0.0
190.3,1.8,0.0,1.0,0.0
222.0,1.4,0.0,0.0,0.0
152.1,2.2,1.0,1.0,0.0
173.9,2.4,0.0,0.0,0.0
305.0,3.3,0.0,1.0,1.0
138.4,2.1,1.0,0.0,0.0
155.7,1.7,1.0,0.0,0.0
155.9,1.6,0.0,0.0,0.0
132.2,2.3,0.0,1.0,0.0
19.7,3.3,0.0,0.0,0.0
59.0,2.1,0.0,1.0,0.0
146.8,2.9,1.0,0.0,0.0
97.1,1.4,0.0,0.0,0.0
267.0,1.5,1.0,0.0,0.0
192.4,3.0,0.0,1.0,0.0
137.0,2.8,0.0,0.0,0.0
69.2,2.1,0.0,0.0,0.0
170.6,2.1,1.0,1.0,0.0
144.3,3.1,0.0,0.0,0.0
257.9,1.7,0.0,0.0,0.0
220.3,1.2,0.0,1.0,0.0
126.6,1.8,1.0,1.0,0.0
234.4,1.6,1.0,1.0,0.0
180.3,1.6,0.0,0.0,0.0
152.6,1.7,0.0,1.0,0.0
262.2,2.5,0.0,0.0,0.0
116.2,2.6,0.0,0.0,0.0
115.2,1.0,1.0,1.0,0.0
112.4,2.2,1.0,0.0,0.0
136.0,1.4,0.0,0.0,0.0
156.2,0.7,1.0,1.0,0.0
189.2,2.1,1.0,0.0,0.0
66.7,2.5,0.0,1.0,0.0
152.3,1.8,1.0,0.0,1.0
333.0,3.2,0.0,0.0,0.0
227.3,1.8,0.0,1.0,0.0
322.2,1.6,0.0,1.0,0.0
200.1,1.4,0.0,0.0,0.0
293.9,2.2,1.0,1.0,0.0
224.1,1.7,0.0,0.0,0.0
167.3,1.9,0.0,0.0,0.0
182.8,1.7,0.0,0.0,0.0
301.7,3.7,1.0,0.0,1.0
108.1,1.9,0.0,1.0,0.0
117.7,3.1,0.0,0.0,0.0
231.6,1.3,0.0,1.0,0.0
174.1,1.5,0.0,0.0,0.0
266.2,2.2,0.0,1.0,0.0
146.6,2.1,1.0,1.0,0.0
162.3,1.5,1.0,1.0,1.0
204.1,1.9,1.0,1.0,0.0
202.4,2.7,0.0,1.0,0.0
187.4,3.4,1.0,0.0,0.0
218.6,1.2,0.0,0.0,0.0
205.5,1.0,0.0,0.0,0.0
159.0,0.9,0.0,1.0,0.0
106.1,3.7,0.0,0.0,0.0
19.9,2.2,0.0,0.0,0.0
127.8,2.7,1.0,1.0,0.0
239.1,1.7,1.0,0.0,0.0
210.1,1.7,1.0,0.0,0.0
187.3,3.4,1.0,1.0,0.0
79.3,3.9,0.0,0.0,0.0
216.5,1.7,0.0,0.0,0.0
305.7,1.7,0.0,0.0,0.0
173.1,0.5,1.0,1.0,0.0
270.2,2.7,0.0,1.0,0.0
262.0,1.9,1.0,0.0,0.0
175.9,3.4,1.0,1.0,1.0
27.3,1.2,0.0,1.0,0.0
117.5,3.5,0.0,0.0,0.0
184.6,1.5,0.0,1.0,1.0
227.5,1.9,1.0,1.0,0.0
255.5,2.3,0.0,0.0,0.0
190.5,1.0,1.0,1.0,0.0
2.9,2.7,1.0,1.0,0.0
176.8,2.6,0.0,0.0,0.0
87.2,0.2,1.0,1.0,0.0
172.3,1.5,1.0,1.0,0.0
203.2,2.0,0.0,1.0,0.0
138.6,3.7,0.0,1.0,0.0
172.5,2.0,1.0,0.0,1.0
248.9,1.6,0.0,0.0,0.0
175.3,2.3,0.0,0.0,0.0
129.7,2.3,0.0,1.0,1.0
335.0,2.7,0.0,0.0,1.0
153.5,4.9,1.0,1.0,1.0
114.9,1.9,0.0,0.0,0.0
228.4,2.1,1.0,0.0,0.0
96.1,2.1,0.0,1.0,1.0
162.6,1.6,1.0,0.0,0.0
104.1,3.2,1.0,1.0,0.0
168.3,2.0,0.0,1.0,0.0
256.3,2.3,1.0,1.0,0.0
239.4,3.5,1.0,1.0,1.0
96.4,2.1,0.0,0.0,0.0
205.2,0.7,1.0,0.0,0.0
241.6,3.1,0.0,0.0,0.0
80.8,1.6,0.0,1.0,1.0
272.0,1.0,0.0,0.0,0.0
163.2,2.7,1.0,0.0,0.0
41.5,2.2,0.0,0.0,0.0
167.3,0.5,1.0,1.0,0.0
45.4,1.0,1.0,0.0,0.0
59.0,0.9,0.0,0.0,1.0
297.1,2.3,0.0,0.0,0.0
204.6,1.6,0.0,0.0,0.0
152.4,3.0,0.0,0.0,0.0
331.8,2.8,1.0,1.0,1.0
21.6,2.6,0.0,0.0,0.0
211.3,1.5,0.0,0.0,0.0
256.3,1.5,0.0,1.0,0.0
193.6,3.2,1.0,0.0,0.0
201.0,2.0,1.0,0.0,0.0
68.2,2.2,0.0,0.0,0.0
148.3,3.0,0.0,1.0,0.0
135.2,3.0,0.0,1.0,0.0
82.5,2.2,0.0,1.0,0.0
83.7,2.1,0.0,0.0,0.0
142.3,1.6,1.0,0.0,0.0
171.2,1.3,1.0,1.0,0.0
263.5,2.1,1.0,1.0,0.0
97.3,1.2,1.0,0.0,0.0
193.4,1.5,0.0,0.0,0.0
250.1,1.2,1.0,1.0,1.0
314.8,2.2,0.0,0.0,0.0
224.0,1.8,1.0,1.0,0.0
125.3,2.2,0.0,0.0,0.0
208.4,1.6,0.0,1.0,1.0
197.9,2.6,0.0,0.0,0.0
222.9,2.4,1.0,1.0,0.0
200.7,3.9,1.0,1.0,1.0
225.1,3.3,1.0,0.0,0.0
222.0,1.5,0.0,0.0,0.0
126.9,2.4,0.0,0.0,0.0
147.2,1.6,0.0,0.0,0.0
29.2,2.6,0.0,0.0,0.0
190.6,1.1,1.0,0.0,0.0
263.8,2.3,0.0,1.0,0.0
329.5,2.7,1.0,0.0,0.0
135.0,1.2,0.0,0.0,0.0
183.3,1.6,1.0,1.0,0.0
221.5,2.6,0.0,1.0,0.0
213.0,2.1,0.0,1.0,0.0
172.1,2.1,0.0,1.0,0.0
186.1,1.7,0.0,0.0,0.0
321.5,2.2,0.0,0.0,0.0
191.5,2.7,1.0,0.0,0.0
222.6,1.4,0.0,1.0,0.0
224.4,2.4,1.0,1.0,0.0
155.9,2.1,1.0,1.0,0.0
237.5,2.6,1.0,0.0,0.0
109.8,1.9,0.0,0.0,1.0
287.0,2.3,0.0,1.0,0.0
305.0,1.6,1.0,0.0,0.0
133.9,2.1,0.0,0.0,0.0
262.4,1.8,1.0,1.0,0.0
136.0,1.7,0.0,0.0,1.0
293.3,4.1,0.0,1.0,1.0
51.3,2.1,0.0,1.0,0.0
146.4,1.0,1.0,0.0,0.0
244.9,1.6,0.0,0.0,0.0
122.1,0.9,0.0,0.0,0.0
175.4,2.1,1.0,0.0,0.0
232.1,0.6,0.0,0.0,0.0
253.5,2.6,0.0,0.0,0.0
328.5,2.8,1.0,0.0,0.0
151.2,1.4,0.0,1.0,0.0
149.2,2.1,1.0,0.0,0.0
262.3,1.6,0.0,0.0,0.0
74.9,1.7,1.0,1.0,0.0
95.6,1.6,0.0,0.0,0.0
266.1,0.4,0.0,1.0,0.0
256.1,2.4,0.0,0.0,0.0
157.9,1.3,0.0,1.0,0.0
297.7,3.7,1.0,0.0,0.0
197.6,1.0,0.0,0.0,0.0
146.8,2.1,0.0,0.0,0.0
175.2,1.9,0.0,1.0,0.0
131.3,1.6,1.0,0.0,0.0
86.4,2.3,0.0,1.0,0.0
138.0,2.1,0.0,0.0,0.0
224.3,2.3,1.0,0.0,0.0
291.6,3.9,1.0,0.0,1.0
212.6,2.7,1.0,1.0,0.0
143.8,1.2,0.0,1.0,0.0
127.4,1.2,1.0,1.0,0.0
206.1,1.4,0.0,1.0,0.0
248.3,1.8,0.0,1.0,0.0
231.7,1.2,0.0,0.0,0.0
206.3,3.2,1.0,1.0,1.0
140.9,1.4,0.0,1.0,0.0
134.3,1.2,1.0,0.0,0.0
168.2,1.2,1.0,0.0,0.0
215.7,0.8,0.0,0.0,0.0
221.1,0.6,0.0,1.0,0.0
228.9,3.1,0.0,0.0,0.0
164.9,1.8,1.0,0.0,0.0
165.9,2.2,1.0,1.0,0.0
172.2,2.3,1.0,0.0,0.0
177.8,2.2,1.0,1.0,0.0
124.9,1.4,0.0,1.0,0.0
181.4,0.8,0.0,1.0,0.0
211.0,1.4,0.0,0.0,0.0
181.4,1.5,0.0,0.0,0.0
140.4,1.4,0.0,0.0,0.0
48.6,1.6,0.0,0.0,0.0
222.4,1.6,1.0,1.0,1.0
139.5,0.3,1.0,0.0,0.0
314.4,1.9,0.0,0.0,0.0
162.7,2.4,1.0,1.0,0.0
226.7,2.1,1.0,1.0,0.0
247.7,2.8,0.0,1.0,1.0
302.4,1.8,1.0,1.0,1.0
11.9,3.0,1.0,0.0,0.0
160.8,3.5,0.0,1.0,1.0
157.0,2.5,0.0,0.0,0.0
227.1,3.4,0.0,0.0,1.0
183.5,2.1,0.0,1.0,0.0
227.1,3.1,0.0,1.0,1.0
122.3,2.3,1.0,0.0,0.0
215.1,1.4,0.0,1.0,0.0
232.5,1.1,0.0,0.0,0.0
201.7,2.2,0.0,0.0,0.0
52.9,2.4,0.0,0.0,0.0
114.8,2.7,0.0,1.0,0.0
146.7,2.2,1.0,1.0,0.0
206.7,2.3,0.0,1.0,0.0
195.6,1.4,1.0,1.0,0.0
65.3,2.5,1.0,1.0,0.0
222.5,1.2,1.0,0.0,0.0
274.7,3.5,1.0,0.0,1.0
160.4,2.6,0.0,1.0,0.0
238.3,3.2,0.0,1.0,1.0
217.3,1.5,0.0,0.0,0.0
137.7,0.5,1.0,0.0,0.0
320.7,3.2,0.0,1.0,1.0
99.0,1.7,1.0,1.0,0.0
165.2,2.3,0.0,0.0,0.0
132.6,1.9,0.0,0.0,0.0
206.5,1.5,1.0,0.0,0.0
205.2,0.8,1.0,1.0,0.0
93.2,1.9,0.0,0.0,0.0
277.5,2.8,1.0,0.0,0.0
299.0,1.5,1.0,0.0,0.0
226.9,2.3,0.0,1.0,0.0
117.1,2.8,0.0,0.0,0.0
143.6,3.1,1.0,0.0,0.0
255.1,1.8,0.0,1.0,0.0
138.1,2.1,1.0,1.0,0.0
90.5,1.7,1.0,1.0,0.0
92.7,2.6,1.0,0.0,1.0
204.9,2.1,0.0,0.0,0.0
220.5,2.2,0.0,0.0,0.0
32.3,2.6,1.0,0.0,0.0
244.7,0.5,0.0,0.0,0.0
71.7,2.6,1.0,1.0,0.0
131.7,2.4,0.0,0.0,0.0
205.8,2.7,1.0,0.0,0.0
190.4,2.2,0.0,0.0,0.0
209.0,1.1,0.0,0.0,0.0
277.5,3.2,0.0,0.0,0.0
232.5,2.2,0.0,1.0,1.0
198.1,1.6,0.0,0.0,0.0
208.1,1.3,0.0,1.0,0.0
76.9,1.9,1.0,1.0,0.0
169.8,2.0,0.0,1.0,0.0
125.5,2.5,1.0,1.0,0.0
154.5,1.6,1.0,1.0,0.0
181.5,1.0,0.0,0.0,1.0
122.0,0.1,0.0,0.0,0.0
205.9,1.6,1.0,0.0,0.0
207.1,2.9,0.0,1.0,1.0
189.9,2.6,0.0,0.0,0.0
255.8,4.0,0.0,1.0,1.0
154.9,1.0,1.0,0.0,0.0
108.7,2.1,1.0,0.0,0.0
164.7,2.1,0.0,0.0,0.0
234.3,1.5,1.0,1.0,0.0
165.8,0.6,0.0,1.0,0.0
204.8,1.8,1.0,0.0,0.0
208.8,2.0,1.0,1.0,0.0
133.2,1.7,0.0,1.0,0.0
208.3,2.5,0.0,0.0,0.0
183.4,2.2,0.0,1.0,0.0
138.1,2.3,1.0,1.0,0.0
189.1,2.7,0.0,1.0,0.0
202.2,3.5,1.0,0.0,0.0
112.1,1.8,0.0,1.0,0.0
167.8,2.8,0.0,0.0,0.0
238.5,0.3,1.0,1.0,0.0
81.2,2.9,0.0,0.0,0.0
181.2,1.7,0.0,0.0,0.0
162.5,1.6,0.0,1.0,0.0
277.1,1.6,1.0,0.0,0.0
196.9,1.5,0.0,1.0,0.0
250.7,2.2,0.0,0.0,0.0
92.0,2.7,0.0,0.0,1.0
187.4,2.5,1.0,1.0,0.0
226.6,3.7,1.0,0.0,0.0
268.9,2.9,1.0,0.0,0.0
121.0,3.7,0.0,0.0,0.0
236.5,1.6,1.0,1.0,1.0
198.6,1.9,1.0,1.0,0.0
56.5,1.7,1.0,0.0,0.0
218.3,3.1,1.0,1.0,0.0
256.7,1.4,0.0,1.0,0.0
141.7,2.7,0.0,0.0,0.0
193.7,3.2,0.0,0.0,0.0
81.1,0.5,1.0,0.0,0.0
239.1,2.9,0.0,1.0,0.0
201.2,2.7,1.0,0.0,0.0
147.3,2.3,0.0,0.0,0.0
260.8,2.3,1.0,1.0,0.0
200.4,2.0,0.0,0.0,0.0
208.7,1.8,0.0,1.0,0.0
223.7,2.2,0.0,0.0,0.0
299.1,2.4,0.0,1.0,0.0
222.1,1.1,0.0,0.0,0.0
122.4,3.7,0.0,0.0,0.0
132.8,3.0,1.0,1.0,0.0
205.9,1.9,1.0,1.0,0.0
60.7,2.2,0.0,1.0,0.0
192.8,2.6,0.0,0.0,0.0
112.6,2.0,0.0,0.0,0.0
150.3,1.4,0.0,0.0,0.0
349.2,2.0,1.0,1.0,0.0
216.3,2.7,0.0,1.0,0.0
194.5,2.5,0.0,1.0,0.0
126.7,1.6,0.0,1.0,0.0
246.2,3.4,0.0,1.0,0.0
102.0,1.2,1.0,0.0,0.0
55.5,1.1,0.0,1.0,0.0
137.0,1.9,0.0,1.0,0.0
199.0,2.7,0.0,0.0,0.0
250.3,2.7,1.0,0.0,0.0
223.0,2.1,0.0,1.0,0.0
284.3,1.0,0.0,1.0,0.0
403.7,1.8,0.0,1.0,1.0
262.8,2.5,1.0,0.0,0.0
88.2,1.8,0.0,0.0,0.0
206.4,0.7,0.0,1.0,0.0
227.0,1.8,1.0,0.0,0.0
227.6,1.0,0.0,1.0,0.0
216.6,2.9,1.0,0.0,0.0
164.0,1.6,1.0,0.0,1.0
176.4,1.9,0.0,1.0,0.0
273.4,2.1,0.0,0.0,0.0
295.5,2.9,0.0,1.0,1.0
173.2,3.1,0.0,1.0,0.0
243.7,2.0,1.0,1.0,0.0
209.3,2.4,0.0,0.0,1.0
235.7,2.4,0.0,0.0,0.0
200.6,1.3,1.0,1.0,0.0
55.6,0.5,0.0,0.0,0.0
186.3,1.5,0.0,1.0,0.0
103.0,1.4,0.0,1.0,0.0
270.6,2.0,0.0,1.0,0.0
125.6,2.2,1.0,0.0,0.0
268.8,1.7,1.0,0.0,0.0
127.8,2.3,0.0,0.0,0.0
142.0,1.9,0.0,0.0,0.0
136.1,1.4,1.0,1.0,0.0
310.7,2.1,1.0,0.0,0.0
217.2,2.7,0.0,0.0,0.0
114.9,2.0,1.0,1.0,0.0
203.0,1.0,0.0,0.0,0.0
180.6,2.1,1.0,0.0,0.0
161.5,1.7,0.0,1.0,0.0
349.1,1.5,0.0,0.0,0.0
256.4,2.3,0.0,1.0,0.0
231.9,0.8,0.0,0.0,0.0
242.6,2.6,1.0,1.0,0.0
99.8,1.4,1.0,1.0,0.0
208.0,2.3,0.0,0.0,0.0
159.3,2.3,1.0,0.0,1.0
182.1,1.3,0.0,0.0,0.0
217.1,1.1,0.0,1.0,0.0
341.9,3.3,1.0,1.0,1.0
223.5,1.5,0.0,0.0,0.0
217.4,1.9,1.0,0.0,0.0
311.6,1.8,0.0,0.0,0.0
177.2,1.2,1.0,1.0,0.0
138.5,1.5,0.0,0.0,0.0
60.5,1.0,0.0,1.0,0.0
235.0,2.2,0.0,0.0,0.0
218.0,2.2,1.0,0.0,0.0
98.2,1.7,0.0,1.0,0.0
211.3,1.6,0.0,0.0,0.0
162.4,2.2,0.0,1.0,0.0
252.9,2.3,1.0,0.0,0.0
279.8,2.3,1.0,0.0,0.0
220.5,2.8,1.0,1.0,0.0
90.0,2.5,0.0,0.0,0.0
219.1,1.5,1.0,0.0,0.0
167.9,2.6,0.0,1.0,0.0
149.4,1.2,0.0,0.0,0.0
272.9,2.6,1.0,1.0,1.0
260.5,2.2,1.0,1.0,0.0
298.4,2.9,1.0,1.0,1.0
141.2,2.5,0.0,0.0,0.0
236.1,2.0,0.0,0.0,0.0
215.5,1.0,1.0,0.0,0.0
270.7,3.1,0.0,1.0,0.0
123.8,2.5,0.0,0.0,0.0
128.0,1.7,0.0,1.0,0.0
146.8,2.2,1.0,0.0,0.0
210.6,1.5,0.0,0.0,0.0
92.8,0.8,0.0,1.0,0.0
174.7,4.4,1.0,1.0,1.0
203.3,2.2,0.0,1.0,0.0
206.6,2.1,0.0,1.0,0.0
93.6,2.8,0.0,0.0,0.0
190.8,2.4,1.0,0.0,0.0
222.9,1.6,0.0,0.0,0.0
204.7,1.4,1.0,1.0,0.0
213.8,2.1,0.0,0.0,0.0
105.8,1.3,1.0,1.0,0.0
173.6,1.5,0.0,1.0,0.0
251.1,1.6,0.0,0.0,0.0
218.4,1.8,0.0,0.0,0.0
197.8,1.6,0.0,1.0,0.0
146.2,2.0,0.0,0.0,0.0
193.0,1.3,0.0,0.0,0.0
212.7,1.9,0.0,0.0,0.0
97.2,2.3,1.0,1.0,0.0
130.9,1.4,1.0,0.0,0.0
119.4,3.5,1.0,0.0,0.0
344.7,1.8,0.0,0.0,0.0
80.0,2.7,0.0,0.0,0.0
198.5,3.3,0.0,0.0,0.0
271.1,1.1,1.0,0.0,0.0
255.1,0.8,0.0,1.0,1.0
178.1,2.7,1.0,1.0,0.0
158.1,2.8,1.0,1.0,0.0
238.3,1.6,1.0,1.0,0.0
179.1,3.1,1.0,0.0,0.0
198.5,2.8,0.0,0.0,0.0
146.7,2.3,0.0,0.0,0.0
336.4,1.9,0.0,0.0,0.0
132.2,1.6,1.0,1.0,0.0
239.6,2.3,0.0,0.0,0.0
177.4,2.2,0.0,0.0,0.0
157.8,1.8,0.0,0.0,0.0
119.1,2.8,0.0,1.0,0.0
166.3,1.0,0.0,0.0,0.0
189.2,0.0,1.0,0.0,0.0
217.1,1.4,1.0,1.0,1.0
244.8,1.7,0.0,1.0,0.0
276.6,0.9,0.0,0.0,0.0
167.1,1.8,0.0,0.0,1.0
130.1,0.7,1.0,0.0,0.0
146.5,2.5,0.0,0.0,0.0
140.7,1.4,1.0,1.0,0.0
235.4,2.7,0.0,0.0,0.0
170.5,1.7,0.0,0.0,0.0
77.1,2.0,0.0,1.0,0.0
195.9,2.6,0.0,1.0,0.0
183.4,3.3,0.0,1.0,0.0
167.3,3.0,1.0,0.0,1.0
141.3,1.4,1.0,1.0,0.0
149.2,2.7,1.0,1.0,0.0
214.4,2.8,0.0,0.0,0.0
201.1,1.9,0.0,0.0,0.0
291.3,1.9,0.0,1.0,0.0
163.1,3.2,0.0,0.0,0.0
154.8,2.4,0.0,1.0,0.0
232.2,0.7,0.0,1.0,0.0
259.8,2.1,1.0,0.0,0.0
227.4,3.0,0.0,0.0,0.0
265.0,1.6,0.0,0.0,0.0
176.5,1.8,0.0,0.0,0.0
181.1,2.1,1.0,1.0,0.0
209.7,1.9,0.0,1.0,0.0
271.8,2.1,0.0,1.0,0.0
279.6,3.7,0.0,0.0,1.0
115.5,0.8,0.0,0.0,0.0
101.6,1.8,1.0,0.0,0.0
142.7,2.8,0.0,1.0,0.0
250.6,0.7,0.0,1.0,0.0
180.5,2.3,0.0,0.0,0.0
101.2,1.4,1.0,1.0,1.0
130.5,1.7,0.0,1.0,0.0
137.4,2.6,1.0,0.0,0.0
233.4,1.7,1.0,0.0,0.0
204.6,2.4,0.0,0.0,0.0
62.5,1.2,0.0,0.0,0.0
152.1,0.6,0.0,0.0,0.0
210.5,0.8,0.0,1.0,0.0
234.2,1.9,0.0,0.0,0.0
157.8,1.5,1.0,0.0,0.0
200.7,2.9,0.0,0.0,0.0
253.9,3.1,0.0,0.0,0.0
185.0,0.5,0.0,1.0,0.0
190.7,1.9,0.0,1.0,0.0
193.5,1.2,1.0,1.0,0.0
214.2,2.1,0.0,1.0,0.0
153.6,1.6,0.0,1.0,0.0
242.0,2.9,0.0,1.0,0.0
258.8,3.4,1.0,1.0,0.0
152.9,1.9,1.0,1.0,0.0
307.8,2.8,1.0,1.0,1.0
202.1,2.8,1.0,0.0,0.0
187.5,2.0,0.0,0.0,0.0
282.0,1.6,1.0,0.0,0.0
69.3,2.0,1.0,1.0,0.0
99.9,1.9,0.0,0.0,1.0
68.5,2.8,1.0,1.0,0.0
211.0,1.7,1.0,0.0,0.0
195.6,1.7,0.0,0.0,0.0
46.1,0.8,0.0,0.0,0.0
199.8,2.0,0.0,1.0,0.0
209.3,2.6,0.0,1.0,0.0
68.9,2.2,1.0,0.0,0.0
256.8,2.3,1.0,0.0,0.0
125.2,2.0,0.0,0.0,0.0
201.1,3.8,0.0,1.0,0.0
267.0,2.4,0.0,0.0,0.0
246.2,2.0,0.0,0.0,0.0
169.5,2.3,0.0,0.0,0.0
173.8,1.1,0.0,1.0,0.0
193.7,1.2,1.0,0.0,0.0
211.6,1.4,1.0,0.0,0.0
201.6,0.6,0.0,1.0,0.0
160.8,1.9,0.0,0.0,0.0
151.6,1.8,1.0,0.0,0.0
114.7,2.4,0.0,1.0,0.0
118.4,1.8,0.0,1.0,0.0
199.6,1.9,0.0,0.0,0.0
258.6,2.0,0.0,0.0,0.0
281.2,2.8,0.0,1.0,0.0
196.0,3.1,0.0,1.0,1.0
231.9,2.1,0.0,1.0,0.0
244.6,3.0,0.0,1.0,0.0
148.3,2.8,0.0,0.0,0.0
140.5,2.2,1.0,1.0,0.0
277.1,1.3,0.0,0.0,0.0
140.5,2.3,0.0,0.0,0.0
345.2,2.3,0.0,0.0,0.0
148.4,1.1,0.0,1.0,0.0
94.8,3.4,0.0,0.0,0.0
202.9,2.2,1.0,0.0,0.0
118.0,1.9,1.0,0.0,0.0
284.2,2.8,0.0,0.0,0.0
214.5,1.4,0.0,1.0,0.0
329.9,2.2,0.0,0.0,0.0
146.2,0.7,0.0,1.0,0.0
258.6,1.6,0.0,0.0,0.0
303.9,2.4,1.0,0.0,0.0
133.9,0.3,0.0,0.0,0.0
174.8,3.0,1.0,1.0,0.0
125.7,1.9,0.0,1.0,0.0
315.2,3.2,0.0,0.0,0.0
188.9,1.8,0.0,0.0,0.0
292.6,1.5,1.0,1.0,1.0
218.2,2.2,0.0,0.0,0.0
257.7,3.6,0.0,1.0,0.0
242.6,0.3,0.0,1.0,0.0
263.6,3.2,1.0,0.0,0.0
301.6,3.0,1.0,0.0,0.0
192.5,2.2,0.0,1.0,0.0
196.5,2.0,1.0,0.0,0.0
166.6,1.9,1.0,1.0,0.0
111.4,1.9,0.0,0.0,0.0
259.9,2.0,0.0,1.0,0.0
110.7,1.7,0.0,1.0,0.0
109.2,1.6,1.0,0.0,0.0
129.2,2.3,0.0,0.0,0.0
145.0,2.3,1.0,1.0,0.0
106.8,2.4,0.0,0.0,1.0
284.1,1.8,1.0,0.0,0.0
166.3,2.7,1.0,0.0,0.0
286.0,1.7,1.0,1.0,0.0
181.0,2.3,1.0,0.0,0.0
204.3,2.3,0.0,0.0,0.0
90.7,2.9,0.0,1.0,0.0
272.2,1.9,0.0,0.0,0.0
269.3,1.1,0.0,1.0,0.0
95.5,1.6,1.0,0.0,1.0
157.6,1.5,1.0,1.0,0.0
148.8,2.4,0.0,1.0,0.0
131.1,1.7,0.0,0.0,0.0
80.4,0.9,1.0,1.0,0.0
175.9,2.0,0.0,0.0,0.0
293.5,0.6,0.0,0.0,0.0
121.4,2.9,0.0,0.0,1.0
63.2,3.3,1.0,0.0,0.0
159.5,1.8,1.0,0.0,0.0
202.9,2.0,0.0,0.0,0.0
156.9,2.1,1.0,0.0,0.0
189.9,2.7,0.0,1.0,0.0
179.0,2.3,1.0,1.0,0.0
204.6,2.1,0.0,0.0,0.0
109.6,2.7,0.0,1.0,0.0
209.4,2.2,1.0,0.0,0.0
256.6,0.4,1.0,0.0,0.0
230.5,2.3,1.0,1.0,1.0
108.9,2.4,0.0,1.0,0.0
242.2,1.0,0.0,1.0,0.0
107.9,1.5,1.0,1.0,0.0
192.8,1.7,0.0,0.0,0.0
162.2,1.9,0.0,1.0,0.0
183.3,0.6,1.0,0.0,0.0
188.3,2.6,0.0,1.0,1.0
220.0,1.8,1.0,0.0,1.0
151.8,3.8,0.0,0.0,0.0
194.5,2.3,0.0,0.0,0.0
229.2,2.5,0.0,1.0,1.0
223.7,1.4,0.0,1.0,0.0
247.7,1.7,0.0,0.0,0.0
193.1,2.1,0.0,0.0,0.0
55.5,1.6,0.0,0.0,0.0
243.3,2.4,1.0,1.0,0.0
216.9,2.4,1.0,0.0,0.0
178.2,1.7,1.0,1.0,0.0
112.2,2.6,0.0,1.0,0.0
181.5,2.7,0.0,0.0,0.0
107.3,1.7,0.0,1.0,0.0
199.9,2.4,0.0,0.0,0.0
26.4,2.8,1.0,1.0,0.0
165.3,4.7,1.0,1.0,1.0
221.5,0.6,1.0,0.0,0.0
163.6,2.9,0.0,1.0,0.0
194.9,2.6,0.0,0.0,0.0
194.8,1.7,1.0,0.0,0.0
128.1,2.2,1.0,0.0,0.0
166.4,1.8,0.0,1.0,0.0
270.8,1.2,1.0,1.0,0.0
133.2,2.0,1.0,0.0,0.0
156.4,2.6,0.0,0.0,0.0
288.1,3.2,0.0,0.0,0.0
153.7,0.5,0.0,1.0,0.0
85.7,3.1,1.0,0.0,0.0
69.5,2.9,0.0,0.0,0.0
324.4,3.4,0.0,1.0,1.0
229.5,1.4,0.0,1.0,0.0
192.0,1.9,0.0,0.0,0.0
202.5,1.6,0.0,0.0,0.0
290.7,2.3,0.0,0.0,0.0
159.7,2.1,1.0,1.0,0.0
204.4,1.3,0.0,1.0,0.0
307.7,1.6,0.0,0.0,0.0
283.6,2.4,0.0,0.0,0.0
277.7,1.9,0.0,0.0,0.0
177.9,1.6,0.0,1.0,0.0
114.9,1.5,0.0,0.0,0.0
170.9,2.0,0.0,0.0,0.0
207.1,0.5,0.0,1.0,0.0
61.7,1.1,0.0,1.0,0.0
304.4,2.5,0.0,0.0,0.0
217.8,1.1,1.0,1.0,1.0
40.7,1.4,1.0,0.0,0.0
226.2,2.7,0.0,0.0,0.0
198.4,2.2,0.0,0.0,0.0
73.1,1.5,0.0,0.0,0.0
215.8,1.7,1.0,0.0,0.0
179.5,0.8,0.0,0.0,0.0
168.5,2.7,0.0,0.0,0.0
120.7,2.2,1.0,1.0,0.0
282.2,1.8,0.0,0.0,0.0
228.7,2.1,0.0,1.0,0.0
234.3,3.4,1.0,0.0,0.0
232.8,1.8,0.0,1.0,0.0
87.9,1.6,1.0,1.0,0.0
278.2,2.0,1.0,1.0,0.0
135.7,2.1,0.0,1.0,0.0
167.9,2.2,1.0,0.0,0.0
134.3,2.7,1.0,0.0,0.0
333.3,2.5,1.0,0.0,0.0
171.1,2.2,0.0,1.0,0.0
152.8,2.1,1.0,1.0,0.0
156.2,2.7,1.0,0.0,0.0
149.0,0.8,0.0,0.0,0.0
126.8,2.3,0.0,1.0,0.0
133.5,0.8,1.0,0.0,0.0
157.1,2.0,0.0,0.0,0.0
150.9,3.7,1.0,0.0,0.0
56.5,2.2,0.0,0.0,0.0
260.6,2.3,1.0,0.0,0.0
282.6,2.4,1.0,1.0,0.0
136.9,2.3,1.0,1.0,0.0
169.2,2.1,0.0,0.0,0.0
136.0,3.0,0.0,0.0,0.0
174.2,1.7,1.0,1.0,1.0
126.3,1.8,0.0,1.0,0.0
108.4,2.3,0.0,1.0,0.0
145.8,1.1,0.0,1.0,0.0
145.8,3.4,0.0,1.0,0.0
178.7,0.0,1.0,0.0,1.0
210.3,1.0,0.0,1.0,0.0
153.2,2.7,1.0,0.0,0.0
187.4,2.2,0.0,0.0,0.0
176.7,1.8,1.0,1.0,0.0
110.6,0.8,1.0,1.0,0.0
147.3,1.9,1.0,0.0,0.0
184.4,0.9,1.0,0.0,0.0
195.6,1.9,0.0,1.0,0.0
176.5,2.7,1.0,1.0,1.0
163.6,3.8,0.0,1.0,0.0
178.8,0.5,1.0,1.0,0.0
179.0,1.9,0.0,0.0,0.0
230.6,2.1,0.0,0.0,0.0
169.8,1.0,1.0,0.0,0.0
217.9,2.4,0.0,1.0,0.0
186.6,0.5,0.0,0.0,0.0
189.9,3.4,0.0,0.0,0.0
154.9,1.7,0.0,0.0,0.0
174.0,0.9,1.0,1.0,0.0
18.4,1.5,0.0,1.0,0.0
183.7,1.4,1.0,0.0,0.0
154.6,0.8,1.0,1.0,0.0
239.0,0.6,1.0,0.0,0.0
258.8,3.5,1.0,0.0,0.0
129.0,2.4,1.0,1.0,0.0
189.2,2.5,0.0,0.0,0.0
66.6,2.9,0.0,1.0,0.0
155.9,3.0,0.0,1.0,0.0
165.5,1.8,0.0,0.0,0.0
91.9,0.6,1.0,0.0,0.0
141.7,1.4,0.0,1.0,0.0
248.0,0.7,1.0,0.0,0.0
108.1,1.4,1.0,1.0,0.0
176.3,2.8,0.0,0.0,0.0
165.4,2.6,0.0,0.0,0.0
176.2,1.2,1.0,0.0,0.0
89.2,2.6,0.0,1.0,0.0
174.6,2.1,0.0,1.0,0.0
173.5,1.7,0.0,1.0,0.0
153.8,1.2,0.0,0.0,0.0
-0.8,3.5,0.0,0.0,0.0
103.3,2.4,0.0,0.0,1.0
271.0,2.2,0.0,0.0,0.0
145.2,2.8,0.0,0.0,0.0
176.2,2.1,0.0,0.0,0.0
174.5,2.3,0.0,0.0,0.0
222.8,2.6,1.0,0.0,0.0
209.8,3.2,1.0,0.0,1.0
69.8,1.7,1.0,1.0,1.0
147.7,2.9,0.0,0.0,0.0
186.6,3.3,1.0,0.0,0.0
206.5,2.9,0.0,0.0,0.0
222.8,1.5,0.0,0.0,0.0
161.8,3.8,0.0,1.0,0.0
140.5,1.9,0.0,0.0,0.0
166.0,2.3,0.0,0.0,0.0
169.7,1.6,1.0,1.0,0.0
116.2,1.8,0.0,1.0,0.0
231.9,1.3,0.0,0.0,0.0
101.1,2.8,1.0,0.0,0.0
166.3,1.2,1.0,1.0,0.0
79.2,3.0,0.0,0.0,0.0
50.1,2.8,0.0,0.0,0.0
207.4,2.2,1.0,1.0,0.0
172.0,1.0,0.0,0.0,0.0
151.3,1.9,0.0,1.0,0.0
234.2,3.6,1.0,1.0,1.0
181.2,2.4,0.0,1.0,0.0
48.7,1.3,1.0,0.0,1.0
160.8,3.0,1.0,0.0,1.0
229.2,3.2,0.0,0.0,0.0
309.8,2.1,1.0,0.0,0.0
216.9,3.3,1.0,1.0,1.0
283.6,1.5,1.0,0.0,0.0
71.2,2.5,0.0,0.0,0.0
189.1,1.7,1.0,1.0,0.0
138.3,3.0,0.0,0.0,0.0
98.1,1.7,0.0,0.0,0.0
167.3,2.1,0.0,0.0,0.0
191.1,0.7,0.0,1.0,0.0
173.9,2.4,0.0,0.0,0.0
160.0,1.9,1.0,0.0,0.0
99.1,2.5,0.0,1.0,0.0
153.1,2.7,0.0,0.0,0.0
179.5,1.6,0.0,1.0,0.0
237.1,2.7,1.0,1.0,1.0
175.4,2.8,0.0,0.0,0.0
160.5,1.3,0.0,0.0,0.0
162.6,1.5,1.0,1.0,0.0
181.5,1.5,1.0,0.0,0.0
113.5,2.2,0.0,0.0,0.0
59.9,2.1,1.0,0.0,0.0
229.3,0.1,0.0,1.0,0.0
213.1,3.2,1.0,0.0,0.0
138.5,1.6,0.0,0.0,0.0
195.4,2.2,0.0,0.0,0.0
212.0,2.1,0.0,0.0,0.0
204.4,2.7,0.0,1.0,0.0
161.3,2.0,0.0,1.0,0.0
270.5,2.2,0.0,1.0,1.0
156.4,2.7,0.0,0.0,0.0
226.2,2.1,0.0,0.0,0.0
196.3,2.3,1.0,1.0,0.0
187.0,0.6,0.0,1.0,0.0
152.5,2.1,0.0,0.0,0.0
155.0,0.7,1.0,0.0,0.0
146.2,1.7,0.0,0.0,0.0
158.8,1.8,1.0,1.0,0.0
71.1,1.8,0.0,0.0,0.0
139.8,1.9,0.0,0.0,0.0
149.8,1.8,1.0,0.0,0.0
193.6,1.0,1.0,1.0,0.0
100.2,2.3,0.0,0.0,0.0
98.3,2.1,0.0,0.0,0.0
247.1,2.4,1.0,0.0,0.0
257.8,0.8,0.0,0.0,1.0
309.1,4.0,0.0,1.0,0.0
236.4,0.8,1.0,0.0,0.0
115.3,2.5,1.0,1.0,0.0
155.2,3.8,0.0,0.0,0.0
142.8,1.9,0.0,1.0,0.0
170.5,2.5,1.0,0.0,0.0
324.2,3.2,0.0,1.0,1.0
310.5,2.5,0.0,1.0,1.0
212.7,2.4,0.0,0.0,0.0
222.7,2.4,0.0,0.0,0.0
130.5,2.2,1.0,1.0,0.0
278.7,2.2,0.0,0.0,0.0
169.5,1.7,0.0,1.0,0.0
149.9,3.1,0.0,1.0,0.0
188.9,0.0,0.0,0.0,0.0
190.7,1.4,0.0,0.0,0.0
67.3,1.0,0.0,1.0,0.0
176.8,0.5,0.0,0.0,0.0
156.4,2.1,1.0,0.0,0.0
213.2,2.2,0.0,0.0,1.0
134.9,0.7,0.0,0.0,0.0
191.3,1.3,0.0,1.0,0.0
165.5,2.2,0.0,1.0,0.0
230.5,2.7,0.0,1.0,1.0
146.2,2.2,0.0,0.0,0.0
210.8,1.5,0.0,0.0,0.0
214.1,1.3,1.0,0.0,0.0
250.6,0.7,0.0,1.0,0.0
206.2,2.8,1.0,0.0,0.0
117.3,1.4,0.0,0.0,0.0
175.3,1.7,0.0,1.0,0.0
171.6,1.9,0.0,0.0,0.0
266.7,2.3,0.0,0.0,0.0
86.3,2.0,0.0,0.0,0.0
191.0,1.5,0.0,0.0,0.0
184.3,2.1,0.0,1.0,0.0
187.7,2.9,0.0,0.0,0.0
143.3,2.1,1.0,0.0,0.0
84.5,2.5,0.0,1.0,0.0
173.2,1.7,0.0,1.0,0.0
155.4,1.8,0.0,0.0,0.0
201.4,1.9,0.0,0.0,0.0
356.0,2.4,0.0,0.0,0.0
227.8,2.3,0.0,0.0,0.0
217.6,3.4,1.0,1.0,1.0
101.6,2.1,0.0,1.0,0.0
223.8,2.0,0.0,0.0,0.0
160.0,1.4,0.0,0.0,0.0
281.9,1.7,1.0,1.0,1.0
252.9,1.6,1.0,0.0,0.0
122.0,1.7,0.0,1.0,0.0
178.9,2.1,0.0,1.0,0.0
308.5,1.8,0.0,0.0,1.0
174.3,0.6,0.0,0.0,0.0
100.5,1.9,1.0,1.0,0.0
135.0,1.2,0.0,0.0,0.0
180.9,3.0,1.0,0.0,0.0
243.3,2.9,1.0,0.0,0.0
187.3,2.7,0.0,1.0,0.0
179.3,1.7,0.0,1.0,1.0
61.2,1.0,0.0,0.0,0.0
187.2,1.8,0.0,0.0,0.0
247.6,2.6,0.0,0.0,0.0
126.0,1.4,1.0,1.0,0.0
104.7,2.8,0.0,0.0,0.0
120.6,2.1,0.0,0.0,0.0
154.2,1.3,1.0,0.0,0.0
161.0,2.6,1.0,0.0,0.0
268.2,0.7,1.0,1.0,0.0
190.7,0.9,0.0,0.0,0.0
194.6,2.3,0.0,1.0,0.0
121.3,3.2,0.0,1.0,0.0
176.2,3.6,0.0,0.0,0.0
252.2,1.2,1.0,0.0,0.0
180.0,2.3,1.0,1.0,0.0
167.4,2.3,0.0,0.0,0.0
228.5,3.3,0.0,1.0,0.0
263.6,1.9,0.0,1.0,0.0
238.8,1.3,0.0,1.0,0.0
126.7,2.9,0.0,0.0,0.0
257.7,2.1,0.0,0.0,0.0
61.0,0.9,0.0,0.0,0.0
206.6,1.8,0.0,1.0,0.0
212.1,1.8,1.0,0.0,0.0
245.3,1.2,0.0,1.0,0.0
151.0,1.6,1.0,0.0,1.0
105.8,2.2,0.0,0.0,0.0
220.9,2.5,1.0,1.0,0.0
180.5,1.7,1.0,0.0,0.0
137.6,0.0,1.0,1.0,0.0
227.8,0.9,0.0,0.0,0.0
209.5,2.0,1.0,0.0,0.0
110.3,3.3,0.0,0.0,0.0
209.1,2.2,0.0,1.0,0.0
159.0,2.1,0.0,0.0,0.0
11.9,2.5,1.0,0.0,0.0
171.7,2.7,0.0,0.0,0.0
193.6,2.5,1.0,1.0,0.0
166.8,1.5,0.0,1.0,0.0
118.3,2.3,1.0,0.0,0.0
266.7,2.9,1.0,1.0,0.0
237.7,1.8,1.0,1.0,0.0
192.8,0.0,0.0,1.0,0.0
233.2,2.0,0.0,0.0,0.0
263.6,3.2,0.0,1.0,0.0
182.9,2.6,0.0,1.0,0.0
259.3,2.3,1.0,0.0,0.0
229.2,1.7,1.0,1.0,0.0
216.9,2.4,0.0,0.0,0.0
237.3,1.9,0.0,1.0,0.0
192.8,0.2,0.0,1.0,0.0
175.8,1.2,0.0,1.0,0.0
251.5,3.3,0.0,0.0,0.0
229.9,2.2,1.0,0.0,0.0
261.7,2.0,1.0,0.0,0.0
249.2,3.5,0.0,1.0,0.0
254.6,2.7,0.0,1.0,0.0
218.9,3.3,0.0,1.0,1.0
160.4,0.2,1.0,0.0,0.0
123.5,1.7,1.0,0.0,0.0
191.9,2.4,0.0,1.0,1.0
159.7,1.8,0.0,0.0,0.0
198.4,2.0,0.0,0.0,0.0
124.5,1.8,1.0,0.0,0.0
178.1,2.3,0.0,1.0,0.0
159.5,1.8,1.0,1.0,0.0
185.3,3.7,1.0,0.0,0.0
322.8,1.8,0.0,1.0,0.0
229.3,1.9,0.0,0.0,0.0
98.0,2.3,1.0,1.0,0.0
227.2,2.5,0.0,0.0,0.0
314.2,3.6,0.0,0.0,0.0
155.8,2.0,1.0,0.0,0.0
217.7,1.0,1.0,0.0,0.0
263.2,0.7,0.0,0.0,0.0
209.2,1.3,0.0,0.0,0.0
250.4,3.6,1.0,0.0,0.0
164.0,0.4,0.0,1.0,0.0
141.5,2.0,1.0,0.0,0.0
192.4,1.7,0.0,1.0,0.0
179.7,2.9,0.0,1.0,1.0
207.0,2.1,0.0,1.0,0.0
240.5,1.7,1.0,0.0,0.0
212.2,0.5,1.0,0.0,0.0
290.9,1.8,0.0,1.0,0.0
121.9,1.4,1.0,1.0,0.0
179.9,2.3,0.0,0.0,0.0
169.1,4.8,1.0,1.0,1.0
232.4,4.5,0.0,1.0,1.0
125.2,1.4,0.0,0.0,0.0
183.3,2.4,0.0,1.0,0.0
167.1,3.0,1.0,0.0,0.0
191.9,3.8,0.0,1.0,0.0
221.6,2.4,0.0,1.0,0.0
120.9,4.0,1.0,0.0,0.0
265.5,2.5,1.0,1.0,0.0
176.6,1.7,0.0,0.0,0.0
199.0,1.1,0.0,0.0,0.0
59.2,2.6,1.0,1.0,0.0
22.3,1.3,1.0,1.0,0.0
301.4,2.1,0.0,0.0,0.0
179.0,1.6,0.0,0.0,0.0
235.8,3.4,0.0,1.0,1.0
256.5,0.3,0.0,1.0,0.0
314.5,2.8,1.0,0.0,0.0
93.5,2.4,0.0,1.0,0.0
195.9,3.0,1.0,1.0,0.0
280.1,1.4,0.0,0.0,0.0
196.9,1.5,0.0,1.0,0.0
183.9,1.7,0.0,0.0,0.0
161.3,2.4,0.0,0.0,0.0
152.2,2.2,0.0,0.0,0.0
151.9,2.2,0.0,1.0,0.0
95.9,1.3,1.0,0.0,0.0
96.7,2.2,1.0,1.0,0.0
191.5,2.9,0.0,1.0,0.0
131.8,2.2,1.0,1.0,0.0
241.6,2.1,0.0,1.0,0.0
202.7,1.7,1.0,1.0,0.0
299.2,2.9,0.0,0.0,0.0
175.6,3.7,1.0,0.0,0.0
189.1,3.0,1.0,0.0,0.0
221.2,1.4,1.0,0.0,0.0
113.4,2.3,0.0,0.0,0.0
160.6,2.6,0.0,0.0,0.0
222.0,2.6,0.0,0.0,0.0
257.1,1.5,1.0,0.0,0.0
220.6,2.3,0.0,0.0,0.0
229.1,2.0,1.0,1.0,0.0
209.8,1.1,0.0,0.0,0.0
60.2,1.0,0.0,0.0,0.0
43.0,2.3,1.0,1.0,0.0
105.9,1.7,1.0,0.0,0.0
219.8,1.7,0.0,0.0,0.0
196.8,0.0,0.0,1.0,0.0
162.5,1.6,1.0,0.0,0.0
105.7,3.1,1.0,0.0,0.0
78.6,2.3,0.0,0.0,0.0
194.1,2.7,1.0,1.0,0.0
267.3,1.5,0.0,0.0,0.0
248.7,2.6,1.0,0.0,0.0
168.7,3.2,0.0,1.0,0.0
93.3,1.1,0.0,1.0,0.0
235.7,1.9,0.0,1.0,0.0
148.3,1.9,1.0,1.0,0.0
119.4,2.1,0.0,0.0,0.0
143.2,2.1,0.0,0.0,0.0
202.0,3.0,0.0,0.0,0.0
117.7,2.4,1.0,1.0,0.0
195.8,1.0,0.0,0.0,0.0
78.7,1.7,0.0,0.0,1.0
156.3,2.0,0.0,1.0,0.0
107.6,1.4,0.0,0.0,0.0
63.7,1.1,1.0,0.0,0.0
222.2,1.1,0.0,0.0,0.0
230.1,1.9,1.0,0.0,0.0
163.7,2.8,1.0,1.0,0.0
183.5,3.9,1.0,0.0,0.0
141.3,2.3,0.0,0.0,0.0
130.1,1.3,0.0,1.0,0.0
216.9,1.8,0.0,0.0,0.0
254.1,0.8,1.0,0.0,0.0
186.3,1.5,0.0,1.0,0.0
226.3,1.9,1.0,0.0,0.0
175.0,1.0,1.0,1.0,0.0
215.2,2.8,0.0,0.0,0.0
129.8,1.9,1.0,0.0,0.0
258.2,0.7,0.0,0.0,0.0
230.5,2.1,0.0,0.0,0.0
188.4,1.8,0.0,0.0,0.0
221.0,2.1,1.0,1.0,0.0
218.0,1.6,0.0,1.0,0.0
170.4,1.5,1.0,0.0,0.0
220.8,2.1,0.0,1.0,0.0
141.5,1.7,0.0,1.0,0.0
351.9,3.4,1.0,0.0,0.0
130.7,1.5,0.0,0.0,0.0
191.9,1.0,0.0,1.0,0.0
61.5,3.2,1.0,0.0,0.0
186.0,1.8,0.0,0.0,0.0
172.6,0.9,1.0,0.0,0.0
209.8,1.4,1.0,1.0,0.0
163.2,1.3,1.0,0.0,0.0
227.3,2.0,1.0,0.0,0.0
86.5,2.6,0.0,1.0,0.0
161.0,1.8,0.0,0.0,0.0
172.4,1.7,1.0,0.0,0.0
152.2,1.8,0.0,0.0,0.0
228.5,2.6,0.0,1.0,0.0
211.8,2.3,0.0,0.0,0.0
224.3,2.5,0.0,0.0,1.0
49.1,1.9,1.0,0.0,0.0
100.5,2.2,0.0,1.0,0.0
78.0,2.3,0.0,1.0,0.0
206.7,2.8,0.0,1.0,0.0
124.8,1.4,0.0,0.0,0.0
173.9,3.7,0.0,1.0,0.0
256.0,4.5,0.0,1.0,0.0
273.2,2.8,0.0,0.0,0.0
115.2,3.3,1.0,0.0,0.0
145.2,2.2,1.0,0.0,0.0
252.0,1.7,1.0,1.0,0.0
229.4,1.8,0.0,0.0,0.0
175.0,1.5,0.0,0.0,0.0
238.3,2.4,0.0,1.0,0.0
156.1,1.2,0.0,1.0,0.0
160.0,2.4,0.0,0.0,0.0
137.4,1.8,1.0,0.0,0.0
160.0,2.6,0.0,0.0,0.0
136.1,2.4,1.0,0.0,0.0
274.6,3.3,0.0,1.0,0.0
196.2,1.2,0.0,0.0,0.0
171.6,2.7,0.0,1.0,0.0
140.6,2.5,0.0,0.0,0.0
176.1,2.9,0.0,0.0,1.0
147.6,1.5,1.0,0.0,0.0
247.7,3.8,1.0,1.0,1.0
253.1,2.9,0.0,0.0,0.0
163.8,2.2,1.0,1.0,0.0
180.9,2.8,0.0,1.0,0.0
230.6,1.5,0.0,1.0,0.0
300.5,1.8,0.0,1.0,0.0
175.1,0.8,1.0,0.0,0.0
213.0,2.0,0.0,0.0,0.0
147.0,1.7,0.0,0.0,1.0
149.2,2.0,0.0,0.0,0.0
257.3,2.6,1.0,0.0,1.0
104.2,2.5,0.0,1.0,1.0
200.4,2.4,0.0,0.0,1.0
201.9,2.8,0.0,0.0,0.0
-31.7,3.4,0.0,0.0,0.0
123.6,0.9,0.0,0.0,0.0
78.4,2.5,1.0,1.0,0.0
226.2,2.7,0.0,1.0,0.0
216.6,2.8,1.0,0.0,0.0
172.0,2.6,0.0,0.0,0.0
169.0,3.6,1.0,0.0,0.0
224.4,1.6,1.0,0.0,0.0
183.5,1.3,1.0,0.0,0.0
142.5,2.0,1.0,1.0,0.0
149.2,0.9,0.0,1.0,0.0
85.7,3.4,0.0,0.0,1.0
284.6,1.1,0.0,1.0,0.0
84.0,1.4,1.0,1.0,0.0
217.2,2.5,0.0,1.0,0.0
275.4,1.9,0.0,1.0,0.0
273.2,2.2,0.0,0.0,0.0
86.2,3.4,0.0,1.0,0.0
162.6,1.3,0.0,1.0,0.0
154.0,1.7,0.0,0.0,0.0
255.7,3.6,1.0,1.0,0.0
140.8,2.0,1.0,0.0,0.0
182.6,2.4,0.0,0.0,0.0
215.7,2.4,1.0,0.0,0.0
287.7,3.1,0.0,0.0,1.0
236.3,2.8,0.0,1.0,1.0
124.7,1.6,0.0,0.0,0.0
266.3,2.6,0.0,1.0,0.0
124.2,1.8,1.0,1.0,0.0
162.8,0.3,0.0,0.0,0.0
213.3,0.8,1.0,0.0,0.0
168.7,3.1,1.0,1.0,0.0
77.8,2.0,1.0,0.0,0.0
95.5,2.9,0.0,1.0,0.0
84.7,1.1,1.0,0.0,0.0
311.2,1.9,0.0,1.0,1.0
211.3,1.4,1.0,0.0,0.0
157.4,2.8,1.0,0.0,0.0
186.0,1.6,0.0,0.0,0.0
177.5,2.9,0.0,0.0,0.0
179.3,0.3,0.0,0.0,0.0
75.7,1.5,0.0,0.0,0.0
167.6,2.7,0.0,1.0,0.0
238.2,2.6,0.0,1.0,0.0
271.0,0.8,1.0,0.0,0.0
255.7,1.2,1.0,0.0,0.0
164.5,0.9,1.0,0.0,0.0
182.4,2.3,0.0,0.0,0.0
176.1,2.6,0.0,1.0,1.0
317.4,2.3,0.0,0.0,0.0
160.1,3.6,0.0,1.0,0.0
287.0,2.4,0.0,0.0,0.0
234.4,2.4,0.0,0.0,0.0
172.9,0.6,0.0,0.0,0.0
137.2,2.7,0.0,0.0,0.0
40.0,1.6,1.0,1.0,0.0
141.2,2.7,0.0,1.0,0.0
234.4,2.3,0.0,0.0,0.0
246.3,2.3,0.0,1.0,0.0
92.5,1.4,1.0,1.0,0.0
265.3,2.0,1.0,0.0,0.0
200.7,0.4,0.0,1.0,0.0
116.5,1.9,0.0,1.0,0.0
192.5,1.8,1.0,0.0,0.0
101.4,2.9,0.0,1.0,0.0
132.2,1.1,0.0,0.0,0.0
177.1,2.1,1.0,0.0,0.0
252.4,2.3,0.0,0.0,0.0
217.9,2.9,0.0,0.0,0.0
239.2,2.3,1.0,0.0,1.0
123.2,2.7,0.0,0.0,0.0
221.8,1.8,1.0,0.0,0.0
200.0,1.8,0.0,0.0,0.0
162.3,1.9,0.0,1.0,0.0
260.4,2.0,1.0,1.0,0.0
254.0,2.8,1.0,1.0,0.0
21.1,2.1,1.0,0.0,0.0
195.1,2.1,0.0,0.0,0.0
224.5,3.7,0.0,0.0,0.0
270.5,4.5,0.0,1.0,1.0
213.3,1.8,0.0,0.0,0.0
201.5,2.5,1.0,0.0,0.0
136.1,0.6,0.0,1.0,0.0
152.4,3.2,1.0,0.0,0.0
131.2,2.4,1.0,1.0,0.0
269.2,0.8,0.0,0.0,0.0
171.5,1.5,1.0,0.0,0.0
141.6,0.2,0.0,0.0,0.0
174.9,2.1,1.0,1.0,0.0
169.9,2.5,0.0,1.0,0.0
123.5,1.9,1.0,1.0,0.0
213.0,2.5,1.0,0.0,0.0
158.5,1.5,1.0,0.0,0.0
213.4,2.3,1.0,0.0,0.0
220.9,3.7,0.0,0.0,0.0
282.4,1.7,1.0,0.0,0.0
257.0,2.5,1.0,0.0,0.0
145.7,1.4,0.0,1.0,0.0
160.8,3.0,1.0,0.0,0.0
213.8,2.6,1.0,0.0,0.0
226.1,1.7,0.0,0.0,0.0
217.9,1.3,0.0,1.0,0.0
220.6,2.9,0.0,1.0,0.0
152.6,0.6,0.0,0.0,0.0
220.5,1.0,1.0,0.0,0.0
204.2,1.9,0.0,0.0,0.0
84.5,0.6,1.0,0.0,0.0
141.2,2.0,1.0,1.0,0.0
138.6,2.2,0.0,1.0,0.0
145.2,3.0,0.0,1.0,0.0
191.8,0.7,1.0,1.0,0.0
206.7,1.9,0.0,0.0,0.0
182.6,4.0,1.0,0.0,0.0
134.2,1.6,0.0,1.0,0.0
135.9,2.3,1.0,1.0,0.0
176.9,1.4,1.0,0.0,0.0
132.0,1.0,0.0,1.0,0.0
78.8,3.0,0.0,1.0,0.0
207.2,1.9,1.0,0.0,0.0
41.5,2.4,0.0,0.0,0.0
110.6,1.7,1.0,1.0,0.0
86.5,1.8,0.0,0.0,0.0
156.1,2.3,0.0,1.0,0.0
152.2,1.0,0.0,0.0,0.0
201.7,0.1,0.0,1.0,0.0
190.9,2.2,1.0,0.0,0.0
151.8,2.2,0.0,1.0,0.0
277.8,0.5,0.0,0.0,0.0
160.8,1.8,1.0,1.0,0.0
80.6,2.6,0.0,1.0,0.0
187.7,3.5,0.0,0.0,0.0
134.8,1.6,1.0,0.0,0.0
167.6,2.1,0.0,0.0,0.0
204.2,2.6,0.0,0.0,0.0
142.5,2.6,1.0,0.0,0.0
278.4,1.3,0.0,0.0,0.0
110.8,1.9,0.0,0.0,0.0
189.2,3.2,0.0,0.0,0.0
116.0,3.3,0.0,0.0,0.0
179.4,2.3,1.0,0.0,0.0
120.9,2.4,0.0,1.0,0.0
87.3,2.8,1.0,0.0,0.0
242.5,2.9,1.0,0.0,0.0
206.6,2.0,0.0,1.0,0.0
201.0,2.9,1.0,0.0,0.0
285.4,1.2,0.0,0.0,0.0
189.0,1.9,1.0,0.0,0.0
255.9,3.6,1.0,1.0,1.0
135.0,1.6,1.0,0.0,0.0
191.3,2.6,1.0,0.0,0.0
105.2,1.5,0.0,0.0,0.0
200.2,1.3,0.0,0.0,0.0
127.7,1.7,1.0,0.0,0.0
133.6,1.6,1.0,0.0,0.0
152.6,1.3,0.0,1.0,0.0
142.1,2.4,1.0,0.0,0.0
188.4,1.6,0.0,0.0,0.0
242.2,2.8,1.0,0.0,0.0
199.2,2.0,0.0,0.0,0.0
329.8,2.4,0.0,0.0,0.0
241.3,2.5,0.0,1.0,0.0
290.9,1.9,1.0,0.0,0.0
171.7,2.0,0.0,0.0,0.0
230.5,1.4,1.0,1.0,0.0
174.7,1.9,1.0,0.0,0.0
149.2,2.0,1.0,0.0,0.0
181.1,0.9,0.0,0.0,0.0
260.3,0.9,1.0,1.0,0.0
157.9,1.6,1.0,0.0,0.0
169.0,1.1,1.0,1.0,0.0
117.4,2.1,0.0,0.0,0.0
300.3,3.8,0.0,1.0,1.0
179.3,2.6,1.0,0.0,0.0
170.4,0.6,1.0,1.0,0.0
186.4,1.7,0.0,1.0,0.0
213.6,1.7,0.0,1.0,0.0
218.0,1.6,1.0,0.0,0.0
202.7,2.1,1.0,1.0,0.0
75.9,1.5,1.0,0.0,1.0
255.0,1.6,0.0,1.0,0.0
387.1,2.6,0.0,1.0,0.0
204.1,1.6,0.0,0.0,0.0
288.4,2.2,0.0,0.0,0.0
196.7,2.3,1.0,0.0,1.0
248.2,2.2,0.0,1.0,0.0
165.7,1.7,0.0,1.0,0.0
127.9,1.8,1.0,0.0,0.0
172.6,1.8,1.0,1.0,0.0
243.8,2.1,0.0,0.0,0.0
201.1,1.4,0.0,0.0,0.0
155.6,3.1,1.0,0.0,0.0
144.9,2.3,1.0,1.0,0.0
165.8,2.3,1.0,0.0,0.0
95.7,1.6,1.0,1.0,0.0
106.7,1.6,0.0,1.0,0.0
188.2,2.7,0.0,0.0,0.0
188.4,3.3,0.0,0.0,0.0
54.1,2.3,1.0,1.0,0.0
116.4,0.7,1.0,0.0,0.0
181.7,2.6,0.0,0.0,0.0
211.3,2.7,0.0,1.0,1.0
277.2,1.9,0.0,1.0,0.0
215.6,1.7,1.0,0.0,0.0
238.4,1.7,1.0,1.0,0.0
200.7,2.1,0.0,0.0,0.0
204.7,2.8,0.0,1.0,0.0
111.3,1.4,1.0,1.0,0.0
170.8,1.5,1.0,1.0,0.0
181.4,2.1,1.0,0.0,0.0
261.5,3.0,0.0,1.0,1.0
208.9,1.7,0.0,0.0,0.0
224.7,2.5,1.0,1.0,0.0
186.8,1.0,0.0,0.0,0.0
223.5,2.6,0.0,0.0,0.0
185.0,1.1,1.0,0.0,1.0
88.7,2.8,0.0,1.0,0.0
-0.2,2.3,1.0,0.0,0.0
85.1,2.1,1.0,0.0,1.0
289.1,1.5,0.0,0.0,0.0
189.8,0.9,0.0,1.0,0.0
188.3,2.5,0.0,1.0,0.0
200.1,2.0,0.0,0.0,0.0
210.6,2.3,1.0,1.0,0.0
369.7,2.6,0.0,1.0,1.0
262.4,0.6,1.0,0.0,0.0
220.6,2.9,0.0,1.0,0.0
216.7,1.5,1.0,1.0,0.0
251.7,2.4,0.0,1.0,0.0
103.4,2.3,0.0,1.0,0.0
164.4,0.3,1.0,0.0,0.0
195.5,1.3,1.0,0.0,0.0
132.9,3.2,1.0,1.0,0.0
197.0,2.3,0.0,0.0,0.0
215.0,2.2,0.0,0.0,0.0
232.0,1.6,0.0,0.0,1.0
153.4,1.6,0.0,0.0,0.0
128.3,1.9,0.0,1.0,1.0
203.4,1.2,0.0,0.0,0.0
230.7,1.2,0.0,1.0,0.0
220.1,1.5,0.0,1.0,0.0
265.3,2.2,0.0,0.0,0.0
192.1,1.0,0.0,0.0,0.0
178.6,1.5,0.0,0.0,0.0
286.2,1.7,1.0,0.0,0.0
99.5,0.5,0.0,1.0,0.0
253.9,1.7,0.0,1.0,0.0
171.5,2.2,0.0,1.0,0.0
240.4,2.3,0.0,0.0,0.0
167.6,2.2,1.0,0.0,0.0
86.2,1.4,0.0,0.0,0.0
215.9,2.8,0.0,0.0,0.0
235.5,2.2,0.0,0.0,0.0
249.0,2.2,1.0,1.0,0.0
221.1,1.6,0.0,0.0,0.0
178.9,1.9,0.0,1.0,0.0
249.6,0.4,1.0,1.0,0.0
159.5,2.2,1.0,0.0,0.0
69.4,1.9,0.0,1.0,0.0
209.4,1.7,1.0,0.0,0.0
145.3,2.7,0.0,1.0,0.0
120.4,3.3,1.0,0.0,0.0
219.5,1.3,0.0,1.0,0.0
40.0,1.9,1.0,0.0,0.0
238.0,1.2,0.0,0.0,0.0
162.5,2.5,0.0,0.0,0.0
126.2,2.6,1.0,0.0,0.0
138.5,2.0,1.0,1.0,1.0
136.7,2.3,0.0,0.0,0.0
199.0,2.9,1.0,0.0,0.0
26.4,2.6,1.0,0.0,1.0
193.4,2.2,1.0,1.0,1.0
215.0,1.1,1.0,0.0,0.0
130.0,1.7,1.0,1.0,0.0
213.2,1.5,0.0,0.0,0.0
152.3,2.4,1.0,0.0,0.0
190.6,2.4,0.0,1.0,0.0
157.9,1.4,0.0,0.0,0.0
269.8,2.3,0.0,1.0,0.0
240.0,1.0,0.0,0.0,0.0
233.7,1.8,1.0,1.0,0.0
193.0,0.9,0.0,0.0,0.0
179.6,2.1,0.0,1.0,0.0
204.0,2.7,1.0,1.0,1.0
121.4,1.3,1.0,0.0,0.0
137.3,1.5,1.0,0.0,0.0
186.4,1.7,0.0,0.0,0.0
191.9,1.9,0.0,1.0,0.0
97.9,2.8,0.0,0.0,0.0
166.7,2.0,1.0,0.0,0.0
166.5,0.9,0.0,1.0,0.0
166.4,2.3,0.0,0.0,1.0
230.4,2.3,0.0,0.0,0.0
269.1,3.3,0.0,1.0,1.0
188.1,3.2,0.0,0.0,0.0
127.4,2.1,1.0,0.0,0.0
139.0,2.8,1.0,1.0,0.0
103.1,1.9,0.0,0.0,0.0
260.4,2.5,1.0,0.0,0.0
205.0,1.9,0.0,0.0,0.0
156.1,0.9,1.0,1.0,0.0
159.6,1.7,1.0,0.0,0.0
108.0,2.5,0.0,0.0,0.0
166.3,1.5,0.0,0.0,0.0
203.7,1.8,0.0,0.0,0.0
108.6,3.7,1.0,1.0,0.0
210.5,3.5,1.0,1.0,1.0
203.9,1.4,1.0,1.0,1.0
157.4,2.7,0.0,1.0,0.0
144.1,2.3,0.0,0.0,0.0
146.1,1.7,0.0,0.0,0.0
172.8,3.4,0.0,0.0,0.0
228.4,1.8,0.0,0.0,0.0
64.3,2.0,0.0,0.0,0.0
91.7,1.3,0.0,0.0,0.0
141.1,2.4,0.0,1.0,0.0
177.3,3.2,0.0,0.0,0.0
203.1,2.2,0.0,0.0,0.0
93.1,0.9,0.0,1.0,1.0
181.5,1.8,1.0,0.0,0.0
209.5,2.0,0.0,1.0,0.0
251.2,1.4,0.0,1.0,0.0
155.5,1.9,0.0,1.0,0.0
210.6,0.8,0.0,0.0,0.0
263.6,0.7,0.0,0.0,0.0
144.3,2.3,0.0,1.0,0.0
81.9,3.1,1.0,1.0,0.0
121.6,4.5,1.0,1.0,1.0
124.1,2.9,1.0,1.0,0.0
172.4,4.7,0.0,1.0,1.0
173.5,3.2,1.0,0.0,0.0
156.5,1.1,0.0,0.0,0.0
261.3,2.1,0.0,0.0,0.0
107.9,2.2,0.0,1.0,0.0
149.7,1.9,1.0,0.0,0.0
189.8,2.7,0.0,1.0,0.0
161.5,2.0,0.0,0.0,0.0
163.3,0.6,0.0,0.0,0.0
145.3,1.1,0.0,0.0,0.0
194.8,3.6,1.0,1.0,1.0
66.5,2.0,0.0,0.0,0.0
123.7,2.6,1.0,0.0,0.0
125.6,1.9,1.0,0.0,0.0
323.7,2.1,0.0,0.0,0.0
164.0,0.9,1.0,0.0,0.0
107.1,2.0,0.0,0.0,0.0
98.6,1.7,0.0,0.0,0.0
143.6,1.1,1.0,0.0,0.0
138.5,2.2,0.0,1.0,0.0
364.7,2.9,0.0,0.0,0.0
182.0,1.5,0.0,1.0,0.0
161.5,1.3,1.0,0.0,0.0
183.9,1.7,1.0,1.0,0.0
124.2,2.8,1.0,1.0,0.0
212.0,3.0,0.0,0.0,0.0
193.9,2.3,0.0,0.0,0.0
203.8,0.9,1.0,1.0,1.0
182.0,2.5,1.0,1.0,0.0
210.9,1.8,1.0,0.0,0.0
133.0,2.1,0.0,1.0,0.0
115.0,0.9,0.0,1.0,0.0
206.2,2.4,1.0,1.0,0.0
101.2,1.1,0.0,1.0,0.0
241.9,2.1,1.0,0.0,0.0
145.6,1.5,0.0,0.0,0.0
219.6,1.9,0.0,0.0,0.0
80.5,1.6,1.0,0.0,0.0
158.9,0.5,1.0,1.0,1.0
235.2,1.3,0.0,0.0,0.0
209.9,2.3,1.0,1.0,0.0
163.3,2.0,1.0,0.0,0.0
202.9,2.1,1.0,0.0,0.0
183.6,2.2,1.0,0.0,0.0
113.4,2.0,0.0,0.0,0.0
217.9,1.4,0.0,0.0,0.0
131.4,1.4,0.0,0.0,0.0
234.6,1.8,0.0,0.0,0.0
144.3,4.4,1.0,0.0,0.0
91.8,1.7,1.0,0.0,0.0
119.0,0.9,1.0,0.0,0.0
192.7,2.0,0.0,0.0,0.0
224.1,2.1,0.0,0.0,0.0
74.1,1.0,0.0,0.0,0.0
325.3,1.9,1.0,0.0,0.0
115.4,2.4,1.0,0.0,0.0
116.5,0.2,1.0,1.0,0.0
75.7,2.4,0.0,0.0,0.0
284.7,1.4,0.0,0.0,0.0
107.7,2.5,0.0,0.0,0.0
79.5,2.1,0.0,1.0,0.0
226.8,2.3,0.0,1.0,0.0
173.1,2.3,1.0,0.0,0.0
272.8,1.9,0.0,0.0,0.0
107.7,1.3,1.0,0.0,0.0
250.7,1.0,1.0,1.0,0.0
128.4,2.3,0.0,0.0,0.0
214.4,1.7,0.0,1.0,0.0
119.7,2.2,0.0,1.0,0.0
209.7,2.2,0.0,1.0,0.0
175.9,1.0,0.0,1.0,0.0
161.7,2.9,1.0,1.0,0.0
174.2,2.4,1.0,1.0,0.0
212.4,1.2,0.0,1.0,0.0
177.5,1.1,0.0,0.0,0.0
109.6,1.7,0.0,0.0,0.0
62.2,3.4,0.0,0.0,0.0
374.2,3.1,0.0,1.0,1.0
196.4,3.4,1.0,0.0,0.0
134.9,1.1,1.0,1.0,0.0
177.8,1.7,1.0,0.0,0.0
116.6,2.1,1.0,1.0,0.0
203.6,3.5,0.0,1.0,0.0
142.1,2.2,1.0,0.0,0.0
196.0,1.3,1.0,0.0,0.0
217.7,2.2,0.0,0.0,0.0
123.9,2.0,1.0,1.0,0.0
260.4,3.0,1.0,1.0,1.0
247.4,2.2,0.0,1.0,0.0
174.2,2.3,0.0,0.0,1.0
167.7,1.9,1.0,0.0,0.0
198.0,0.7,1.0,1.0,0.0
155.8,1.7,1.0,0.0,0.0
172.0,2.1,0.0,0.0,0.0
189.1,2.7,1.0,0.0,0.0
236.5,0.5,0.0,1.0,0.0
205.0,1.9,1.0,1.0,0.0
119.7,3.4,1.0,0.0,0.0
201.6,1.9,0.0,0.0,0.0
127.7,3.1,0.0,1.0,0.0
251.6,2.1,0.0,1.0,0.0
166.6,1.0,1.0,0.0,0.0
171.6,3.1,1.0,1.0,0.0
142.4,1.9,0.0,1.0,1.0
206.4,0.9,1.0,0.0,0.0
162.7,1.7,0.0,0.0,0.0
191.3,2.8,1.0,0.0,0.0
408.7,1.3,1.0,0.0,0.0
276.7,2.0,0.0,1.0,0.0
190.2,2.9,0.0,1.0,0.0
238.3,1.8,0.0,0.0,0.0
242.5,2.0,0.0,0.0,0.0
202.0,2.0,1.0,1.0,0.0
260.3,3.5,0.0,1.0,0.0
59.3,1.5,1.0,1.0,0.0
340.6,1.3,1.0,0.0,0.0
213.4,0.8,0.0,0.0,0.0
175.4,2.8,0.0,0.0,0.0
172.8,1.8,1.0,0.0,0.0
248.8,2.0,0.0,0.0,0.0
238.3,2.0,0.0,1.0,0.0
187.8,1.6,0.0,0.0,0.0
174.7,1.5,1.0,1.0,0.0
216.1,1.4,0.0,0.0,0.0
320.9,2.6,0.0,0.0,1.0
228.3,1.7,1.0,1.0,0.0
204.2,1.2,0.0,1.0,0.0
205.5,1.6,1.0,1.0,0.0
161.0,2.0,0.0,0.0,0.0
114.1,2.5,1.0,1.0,0.0
195.7,1.8,1.0,0.0,0.0
211.1,3.0,1.0,0.0,0.0
157.9,1.9,0.0,0.0,0.0
210.7,1.4,0.0,0.0,0.0
166.3,1.5,0.0,0.0,0.0
270.1,3.5,0.0,1.0,1.0
82.1,2.4,0.0,1.0,0.0
177.8,0.4,0.0,1.0,0.0
145.1,1.8,0.0,0.0,0.0
79.0,1.2,1.0,0.0,0.0
117.0,2.3,0.0,0.0,0.0
201.5,3.6,1.0,0.0,0.0
110.3,0.7,1.0,0.0,0.0
158.9,2.4,0.0,0.0,0.0
280.6,2.6,0.0,1.0,0.0
161.8,1.8,0.0,1.0,0.0
310.2,2.8,0.0,1.0,1.0
268.4,2.4,1.0,0.0,0.0
140.5,3.1,0.0,0.0,0.0
168.1,3.0,1.0,1.0,1.0
21.4,1.3,0.0,0.0,0.0
164.3,1.5,0.0,0.0,0.0
148.7,2.1,0.0,1.0,0.0
199.4,2.1,0.0,0.0,0.0
350.7,1.3,0.0,1.0,1.0
202.2,1.9,0.0,1.0,0.0
105.1,2.9,0.0,0.0,0.0
124.9,3.3,1.0,0.0,0.0
207.1,2.3,1.0,0.0,0.0
111.7,2.7,0.0,0.0,0.0
142.3,1.8,0.0,1.0,0.0
75.7,1.8,0.0,0.0,0.0
175.5,2.7,1.0,1.0,0.0
173.8,2.3,0.0,1.0,0.0
133.7,2.6,0.0,1.0,0.0
275.8,2.9,1.0,0.0,0.0
199.1,2.5,1.0,0.0,0.0
168.6,2.0,1.0,1.0,0.0
181.7,1.3,0.0,0.0,0.0
115.0,1.2,0.0,1.0,0.0
179.1,2.5,0.0,1.0,0.0
163.6,1.9,0.0,1.0,0.0
87.3,1.5,0.0,0.0,0.0
143.1,2.3,1.0,1.0,0.0
276.4,1.6,0.0,0.0,0.0
32.0,2.3,0.0,0.0,0.0
128.2,1.2,0.0,1.0,0.0
240.7,1.7,0.0,1.0,0.0
178.0,1.6,0.0,0.0,0.0
130.3,1.7,1.0,1.0,0.0
171.0,2.8,0.0,0.0,0.0
153.3,2.0,0.0,1.0,0.0
177.6,2.0,0.0,0.0,0.0
175.9,2.7,0.0,0.0,0.0
282.2,3.7,1.0,0.0,1.0
220.6,2.5,1.0,0.0,0.0
241.4,2.9,0.0,0.0,0.0
8.3,2.1,1.0,0.0,0.0
166.5,2.4,0.0,0.0,0.0
211.0,2.2,1.0,0.0,0.0
158.8,2.2,1.0,1.0,0.0
90.3,1.1,0.0,0.0,0.0
219.8,1.9,0.0,0.0,0.0
129.9,1.1,1.0,0.0,0.0
185.8,2.1,1.0,0.0,1.0
112.7,2.2,0.0,1.0,0.0
153.9,2.1,0.0,1.0,0.0
194.3,2.3,0.0,0.0,0.0
189.8,0.9,0.0,1.0,0.0
191.5,2.5,1.0,0.0,0.0
124.7,1.5,1.0,1.0,0.0
120.2,1.5,1.0,1.0,0.0
211.5,2.1,0.0,0.0,0.0
75.4,1.8,0.0,1.0,0.0
210.9,1.0,0.0,0.0,0.0
150.9,2.2,1.0,1.0,0.0
86.8,2.1,0.0,0.0,0.0
294.6,1.7,1.0,0.0,0.0
155.7,1.2,0.0,0.0,0.0
20.6,2.0,1.0,0.0,0.0
274.0,2.3,1.0,1.0,0.0
157.8,2.3,0.0,1.0,0.0
37.2,1.4,0.0,0.0,0.0
236.3,2.2,1.0,1.0,0.0
229.1,1.9,1.0,1.0,0.0
56.9,1.3,1.0,0.0,0.0
202.5,3.0,0.0,1.0,0.0
134.7,3.0,0.0,0.0,0.0
286.0,2.8,1.0,1.0,0.0
184.6,2.6,0.0,1.0,0.0
101.8,0.3,1.0,1.0,0.0
201.9,4.1,1.0,1.0,1.0
161.0,2.3,0.0,1.0,0.0
206.1,2.0,1.0,0.0,0.0
174.5,1.3,1.0,1.0,0.0
243.1,3.3,1.0,0.0,0.0
224.9,2.1,0.0,0.0,0.0
108.5,0.7,0.0,0.0,0.0
181.1,2.4,1.0,1.0,0.0
121.9,1.8,1.0,1.0,0.0
170.5,1.6,0.0,1.0,0.0
242.9,2.1,1.0,0.0,0.0
200.9,1.3,1.0,1.0,0.0
248.9,2.4,0.0,0.0,0.0
214.3,2.1,1.0,1.0,1.0
173.8,1.3,1.0,0.0,1.0
131.3,2.3,0.0,0.0,0.0
267.3,0.2,1.0,0.0,0.0
261.3,2.6,0.0,0.0,0.0
172.4,2.8,1.0,0.0,0.0
232.5,2.2,0.0,0.0,0.0
203.2,1.9,0.0,0.0,0.0
171.6,0.7,1.0,0.0,0.0
79.7,2.7,0.0,0.0,0.0
199.9,3.5,0.0,1.0,0.0
163.2,0.4,1.0,0.0,0.0
239.6,1.6,1.0,0.0,0.0
208.9,1.7,0.0,0.0,0.0
157.4,1.5,1.0,0.0,0.0
79.3,1.2,1.0,0.0,0.0
86.9,1.2,1.0,1.0,0.0
166.8,0.8,0.0,0.0,0.0
302.9,2.0,0.0,0.0,0.0
65.0,1.9,1.0,0.0,0.0
106.0,2.1,1.0,0.0,0.0
163.4,1.2,0.0,1.0,0.0
193.4,1.5,1.0,0.0,0.0
192.2,2.6,0.0,1.0,0.0
157.4,2.2,1.0,0.0,0.0
179.9,2.5,0.0,1.0,0.0
178.1,1.9,0.0,1.0,0.0
201.3,0.8,0.0,0.0,0.0
172.6,4.3,1.0,0.0,0.0
270.5,2.0,1.0,1.0,0.0
209.6,1.4,1.0,1.0,0.0
190.1,2.1,0.0,0.0,0.0
179.3,3.7,1.0,0.0,0.0
170.5,2.8,1.0,1.0,1.0
137.9,0.6,1.0,1.0,0.0
147.7,2.1,1.0,0.0,0.0
118.7,1.7,0.0,0.0,0.0
202.3,1.1,0.0,0.0,0.0
156.3,1.8,0.0,0.0,0.0
236.0,1.9,0.0,1.0,0.0
199.4,1.3,0.0,0.0,0.0
172.6,1.7,0.0,0.0,0.0
290.8,2.6,1.0,1.0,1.0
158.6,1.6,1.0,0.0,0.0
159.4,0.7,1.0,0.0,0.0
215.3,1.3,0.0,1.0,0.0
192.4,3.0,0.0,0.0,0.0
93.1,1.0,1.0,1.0,0.0
309.8,2.1,0.0,0.0,0.0
176.1,1.1,0.0,1.0,0.0
239.1,2.3,0.0,0.0,0.0
198.9,2.8,0.0,0.0,0.0
227.8,1.0,1.0,0.0,1.0
129.3,2.4,0.0,0.0,0.0
225.0,2.7,0.0,0.0,0.0
150.3,1.0,1.0,0.0,0.0
193.7,3.0,0.0,1.0,1.0
152.3,3.2,0.0,0.0,0.0
21.5,2.4,0.0,0.0,0.0
129.9,2.0,1.0,0.0,0.0
199.1,2.2,1.0,0.0,0.0
165.6,1.6,1.0,1.0,0.0
274.9,1.5,1.0,1.0,0.0
133.4,1.2,0.0,0.0,0.0
164.9,2.4,0.0,0.0,0.0
212.2,2.5,1.0,1.0,1.0
191.8,2.3,0.0,0.0,0.0
198.9,2.4,0.0,0.0,0.0
-18.5,1.8,1.0,0.0,0.0
121.6,2.1,0.0,0.0,0.0
194.2,1.6,0.0,0.0,0.0
213.5,2.2,0.0,1.0,0.0
152.5,1.1,1.0,1.0,0.0
194.1,1.1,0.0,0.0,0.0
133.4,2.1,0.0,1.0,0.0
189.8,0.2,1.0,0.0,0.0
112.3,2.0,0.0,0.0,0.0
114.1,1.3,0.0,1.0,0.0
198.9,0.7,0.0,0.0,0.0
302.2,2.4,0.0,0.0,0.0
179.2,1.7,0.0,1.0,0.0
158.3,2.5,1.0,1.0,0.0
188.7,2.6,0.0,1.0,0.0
245.8,1.9,0.0,0.0,0.0
183.1,1.7,1.0,0.0,0.0
336.5,3.9,1.0,1.0,1.0
191.0,1.6,0.0,0.0,0.0
168.9,0.9,1.0,0.0,0.0
192.5,1.2,0.0,1.0,0.0
245.9,2.6,1.0,1.0,0.0
234.3,0.9,1.0,0.0,0.0
16.6,2.0,1.0,0.0,0.0
248.7,2.0,0.0,0.0,0.0
264.3,2.1,1.0,0.0,0.0
186.3,2.3,1.0,0.0,0.0
137.3,2.1,0.0,1.0,0.0
-3.4,1.9,1.0,1.0,0.0
274.7,2.7,0.0,1.0,1.0
174.1,1.8,0.0,0.0,0.0
186.7,2.2,1.0,1.0,0.0
162.2,2.7,0.0,1.0,0.0
137.5,1.2,0.0,1.0,0.0
188.0,2.2,1.0,0.0,0.0
201.5,2.3,0.0,0.0,0.0
252.8,2.5,0.0,1.0,0.0
120.8,2.6,0.0,1.0,0.0
273.2,3.3,0.0,1.0,1.0
109.6,3.2,0.0,1.0,0.0
263.8,0.2,1.0,0.0,0.0
103.0,0.5,0.0,0.0,0.0
189.9,2.5,0.0,1.0,0.0
140.0,2.0,1.0,0.0,0.0
111.0,2.4,0.0,1.0,0.0
166.5,2.4,1.0,1.0,0.0
153.5,3.7,0.0,0.0,0.0
118.3,2.0,1.0,0.0,0.0
161.6,2.3,0.0,0.0,0.0
149.0,1.5,0.0,0.0,0.0
212.6,2.1,0.0,0.0,0.0
220.9,1.6,1.0,0.0,0.0
266.7,2.0,0.0,0.0,0.0
216.8,1.5,0.0,0.0,0.0
339.0,2.1,0.0,0.0,0.0
229.5,2.0,0.0,0.0,0.0
255.0,2.4,0.0,0.0,0.0
139.3,0.6,0.0,0.0,0.0
272.1,3.9,0.0,1.0,1.0
166.6,2.0,0.0,1.0,0.0
136.0,2.3,0.0,0.0,0.0
78.8,1.6,0.0,0.0,0.0
199.6,0.2,0.0,0.0,0.0
215.1,1.6,1.0,1.0,0.0
71.6,2.0,0.0,0.0,0.0
250.7,1.9,1.0,0.0,0.0
205.5,3.2,0.0,0.0,0.0
146.7,0.9,1.0,1.0,0.0
177.7,1.5,0.0,0.0,0.0
244.2,2.2,0.0,0.0,0.0
254.3,3.8,1.0,1.0,0.0
151.7,3.1,0.0,1.0,0.0
195.3,1.0,0.0,1.0,0.0
132.0,2.2,1.0,1.0,0.0
132.3,0.9,1.0,0.0,0.0
145.8,2.9,0.0,1.0,0.0
254.4,1.2,1.0,0.0,0.0
198.3,1.3,0.0,0.0,0.0
131.5,0.5,0.0,0.0,0.0
230.2,1.1,0.0,0.0,0.0
136.8,1.2,0.0,0.0,0.0
155.9,0.6,1.0,0.0,0.0
228.6,1.2,1.0,0.0,0.0
286.2,3.1,1.0,1.0,1.0
150.3,3.5,0.0,0.0,0.0
175.7,2.9,1.0,1.0,0.0
288.9,1.8,1.0,0.0,0.0
101.4,1.7,0.0,1.0,0.0
266.4,2.2,1.0,0.0,0.0
165.3,1.4,1.0,1.0,0.0
156.3,0.7,1.0,1.0,0.0
194.4,3.4,0.0,0.0,0.0
78.0,1.1,0.0,0.0,0.0
207.3,2.3,1.0,1.0,1.0
225.4,1.1,0.0,0.0,0.0
96.6,1.2,1.0,1.0,0.0
38.2,2.9,0.0,1.0,0.0
180.6,1.3,0.0,0.0,0.0
325.9,3.6,0.0,0.0,1.0
208.7,2.2,1.0,1.0,0.0
195.8,2.5,0.0,1.0,1.0
223.2,1.5,1.0,0.0,0.0
64.3,2.3,0.0,1.0,0.0
179.1,2.3,1.0,1.0,0.0
145.2,1.8,1.0,0.0,1.0
242.2,0.8,0.0,0.0,0.0
198.0,1.5,0.0,0.0,0.0
149.6,2.0,0.0,0.0,0.0
166.1,2.9,1.0,0.0,0.0
139.5,3.1,0.0,0.0,0.0
151.2,2.9,0.0,0.0,0.0
179.3,3.0,0.0,1.0,0.0
78.5,2.6,1.0,0.0,0.0
167.8,1.3,0.0,0.0,0.0
166.9,0.9,0.0,0.0,0.0
180.9,1.7,0.0,1.0,0.0
107.3,3.2,1.0,0.0,0.0
245.9,1.0,1.0,1.0,1.0
184.7,1.5,0.0,0.0,0.0
132.0,2.3,1.0,0.0,0.0
136.7,3.1,0.0,1.0,0.0
204.0,1.2,0.0,0.0,0.0
285.6,3.7,0.0,1.0,1.0
225.0,3.4,1.0,1.0,1.0
132.8,1.9,0.0,1.0,0.0
264.4,1.4,1.0,0.0,0.0
151.1,1.3,1.0,0.0,0.0
199.7,1.6,1.0,0.0,0.0
193.7,1.7,0.0,1.0,0.0
300.3,1.6,0.0,0.0,0.0
163.0,3.2,0.0,1.0,0.0
295.2,2.9,1.0,1.0,0.0
205.6,1.7,0.0,1.0,0.0
306.6,2.4,0.0,1.0,1.0
127.6,2.7,0.0,0.0,0.0
237.5,3.4,1.0,1.0,0.0
283.0,1.6,1.0,0.0,0.0
39.1,1.1,0.0,0.0,0.0
136.6,1.6,1.0,0.0,0.0
155.4,1.8,1.0,0.0,0.0
191.2,2.0,0.0,0.0,0.0
177.9,1.8,0.0,0.0,0.0
307.7,1.4,0.0,1.0,0.0
223.8,1.2,1.0,1.0,1.0
114.4,0.4,0.0,0.0,0.0
73.0,1.3,0.0,0.0,0.0
202.6,2.9,0.0,1.0,0.0
105.4,2.0,1.0,0.0,0.0
124.7,2.6,0.0,1.0,0.0
419.6,2.1,0.0,1.0,1.0
135.9,2.9,0.0,0.0,0.0
219.7,3.5,0.0,0.0,0.0
206.0,0.5,0.0,0.0,0.0
210.3,1.6,0.0,0.0,0.0
95.3,1.7,0.0,0.0,0.0
149.8,1.9,1.0,0.0,0.0
285.7,2.2,0.0,0.0,0.0
167.7,2.2,0.0,0.0,0.0
199.7,2.3,1.0,0.0,0.0
255.2,2.6,1.0,1.0,1.0
134.6,2.3,0.0,0.0,0.0
265.2,1.4,0.0,0.0,0.0
114.4,1.9,0.0,1.0,0.0
186.5,1.7,1.0,0.0,0.0
229.6,2.2,1.0,1.0,1.0
315.3,2.6,1.0,1.0,0.0
244.2,1.1,0.0,1.0,0.0
137.1,1.7,0.0,0.0,0.0
178.3,1.5,1.0,0.0,0.0
295.3,2.2,0.0,0.0,0.0
183.1,1.9,0.0,0.0,0.0
246.1,0.9,1.0,0.0,0.0
168.5,1.0,1.0,1.0,0.0
357.7,2.3,0.0,1.0,1.0
231.3,2.1,0.0,0.0,0.0
144.5,2.5,0.0,0.0,0.0
235.4,2.0,0.0,0.0,0.0
325.1,2.3,1.0,0.0,0.0
245.3,2.6,0.0,1.0,0.0
219.6,1.8,0.0,0.0,0.0
83.2,1.5,0.0,0.0,0.0
162.0,1.0,0.0,1.0,0.0
285.5,2.4,0.0,0.0,0.0
136.2,3.6,0.0,0.0,1.0
212.4,2.3,1.0,0.0,0.0
188.8,2.3,1.0,0.0,0.0
280.5,1.7,1.0,0.0,0.0
191.2,3.0,0.0,0.0,1.0
99.8,1.8,0.0,1.0,0.0
129.0,1.9,0.0,0.0,0.0
143.1,1.5,0.0,1.0,0.0
148.4,1.5,1.0,1.0,0.0
318.7,1.3,0.0,0.0,0.0
107.8,1.4,1.0,0.0,0.0
178.2,0.9,0.0,1.0,0.0
268.9,1.4,1.0,0.0,0.0
180.5,3.6,1.0,0.0,0.0
254.7,1.2,1.0,0.0,1.0
255.3,2.4,1.0,0.0,0.0
176.9,2.3,0.0,0.0,0.0
280.2,1.0,0.0,0.0,0.0
285.4,1.7,1.0,0.0,0.0
193.3,1.1,1.0,1.0,0.0
149.8,2.9,0.0,0.0,0.0
77.3,1.6,0.0,0.0,0.0
208.3,3.3,1.0,0.0,0.0
130.4,1.8,0.0,1.0,0.0
261.2,2.2,0.0,0.0,0.0
196.6,2.7,0.0,0.0,0.0
91.4,2.2,1.0,0.0,0.0
141.1,2.9,0.0,0.0,0.0
168.1,2.2,1.0,1.0,0.0
215.1,2.3,0.0,0.0,0.0
185.1,1.6,1.0,0.0,0.0
134.5,1.2,0.0,0.0,0.0
139.3,2.1,1.0,0.0,0.0
273.4,1.5,1.0,1.0,0.0
174.2,2.2,0.0,0.0,0.0
209.5,1.5,1.0,0.0,0.0
154.3,2.2,1.0,0.0,0.0
143.9,2.4,0.0,1.0,0.0
159.8,2.1,0.0,0.0,0.0
164.8,2.1,0.0,0.0,0.0
76.9,2.5,1.0,0.0,0.0
187.6,1.5,0.0,1.0,0.0
106.0,1.9,0.0,1.0,0.0
170.3,1.6,0.0,0.0,1.0
170.8,1.7,0.0,0.0,0.0
158.9,1.1,1.0,0.0,0.0
202.9,2.5,0.0,0.0,1.0
19.0,2.7,1.0,0.0,0.0
142.9,1.8,1.0,0.0,0.0
232.9,2.0,0.0,0.0,0.0
169.2,1.4,1.0,0.0,0.0
240.9,1.7,1.0,1.0,0.0
193.8,2.3,0.0,1.0,0.0
139.9,2.9,1.0,1.0,1.0
236.0,1.6,1.0,1.0,1.0
110.0,2.6,0.0,1.0,0.0
264.8,2.0,0.0,0.0,0.0
172.2,1.8,1.0,1.0,0.0
121.3,2.8,0.0,1.0,0.0
155.5,0.9,0.0,0.0,0.0
217.1,2.8,0.0,0.0,0.0
319.3,1.9,0.0,1.0,0.0
30.7,2.0,0.0,0.0,1.0
334.5,1.4,1.0,0.0,0.0
160.9,1.4,1.0,0.0,0.0
294.3,1.9,0.0,0.0,0.0
162.4,2.0,1.0,0.0,0.0
150.4,1.8,0.0,0.0,0.0
115.7,2.4,1.0,1.0,0.0
156.1,2.4,0.0,1.0,0.0
164.5,2.7,0.0,1.0,0.0
148.0,1.7,1.0,0.0,0.0
106.0,2.3,0.0,0.0,1.0
185.3,1.9,1.0,0.0,0.0
190.5,2.3,0.0,0.0,0.0
198.9,1.5,1.0,0.0,0.0
126.5,2.5,0.0,1.0,0.0
130.4,1.3,1.0,1.0,0.0
117.0,1.4,1.0,1.0,0.0
198.6,1.5,1.0,1.0,0.0
388.2,1.7,1.0,0.0,0.0
94.3,1.3,0.0,0.0,1.0
161.0,1.7,0.0,1.0,0.0
160.1,1.0,0.0,0.0,0.0
89.2,0.9,0.0,0.0,0.0
157.2,2.0,0.0,1.0,0.0
105.6,0.6,0.0,0.0,0.0
157.9,1.2,0.0,0.0,0.0
241.9,1.9,0.0,1.0,0.0
291.6,2.3,0.0,0.0,0.0
192.3,1.6,0.0,1.0,0.0
111.9,1.7,0.0,1.0,1.0
188.4,0.0,0.0,0.0,0.0
178.0,1.5,1.0,1.0,0.0
245.8,0.6,0.0,0.0,0.0
216.1,2.7,1.0,1.0,0.0
198.1,2.7,0.0,0.0,0.0
118.1,2.2,0.0,0.0,0.0
144.2,1.8,1.0,0.0,0.0
251.2,1.8,0.0,0.0,0.0
218.9,3.3,0.0,0.0,0.0
141.2,1.6,0.0,1.0,0.0
261.4,3.1,1.0,1.0,0.0
294.4,2.4,0.0,0.0,1.0
134.7,2.8,0.0,1.0,0.0
261.5,1.0,0.0,1.0,0.0
158.8,1.8,1.0,0.0,0.0
170.9,3.3,1.0,0.0,0.0
152.7,3.3,1.0,1.0,0.0
164.1,2.6,0.0,0.0,1.0
171.0,2.4,1.0,0.0,0.0
142.1,2.3,0.0,0.0,0.0
298.2,2.6,0.0,1.0,0.0
214.1,1.8,0.0,1.0,0.0
173.3,1.3,1.0,0.0,0.0
206.7,2.9,0.0,1.0,0.0
120.9,2.6,0.0,0.0,0.0
307.6,2.5,0.0,0.0,0.0
211.1,2.2,1.0,0.0,0.0
54.8,1.1,1.0,0.0,1.0
248.7,3.6,1.0,1.0,0.0
112.9,1.9,0.0,0.0,0.0
167.0,1.5,0.0,1.0,0.0
19.6,2.3,1.0,0.0,1.0
203.9,0.6,1.0,0.0,0.0
178.0,2.7,0.0,1.0,0.0
258.5,3.1,1.0,0.0,0.0
179.9,1.5,1.0,0.0,0.0
101.7,2.9,1.0,1.0,0.0
201.7,2.5,1.0,1.0,0.0
140.0,2.4,1.0,0.0,0.0
191.7,1.0,0.0,0.0,1.0
88.5,1.6,0.0,0.0,0.0
270.0,1.6,0.0,1.0,0.0
329.3,1.2,1.0,0.0,0.0
228.1,3.2,0.0,0.0,0.0
140.7,1.4,0.0,1.0,0.0
266.0,1.8,0.0,1.0,0.0
299.5,2.4,1.0,0.0,0.0
87.3,2.3,0.0,1.0,0.0
224.0,2.0,0.0,0.0,0.0
263.5,2.4,0.0,0.0,0.0
259.9,2.4,1.0,0.0,0.0
69.8,3.2,0.0,1.0,0.0
245.3,2.9,1.0,0.0,0.0
152.3,2.2,0.0,0.0,0.0
206.1,0.7,1.0,0.0,0.0
190.8,0.8,0.0,0.0,0.0
164.3,2.0,0.0,1.0,0.0
173.2,2.9,1.0,0.0,0.0
213.8,2.5,1.0,0.0,0.0
234.3,2.3,0.0,1.0,1.0
159.4,2.0,1.0,1.0,0.0
251.6,3.0,0.0,0.0,0.0
164.4,2.2,1.0,0.0,0.0
255.6,2.1,1.0,1.0,0.0
211.1,0.9,0.0,1.0,0.0
279.2,2.1,0.0,0.0,0.0
156.2,1.6,1.0,0.0,0.0
112.4,1.7,1.0,1.0,1.0
149.2,2.2,0.0,0.0,0.0
204.8,0.4,0.0,0.0,0.0
266.5,1.1,1.0,0.0,0.0
80.2,3.8,0.0,0.0,0.0
193.6,0.6,0.0,1.0,0.0
245.7,1.4,1.0,0.0,0.0
138.4,2.4,0.0,0.0,0.0
154.3,0.7,1.0,0.0,0.0
67.0,1.8,0.0,0.0,0.0
161.5,3.2,0.0,0.0,0.0
177.1,1.6,0.0,1.0,0.0
195.5,2.3,0.0,0.0,0.0
196.7,1.2,0.0,0.0,0.0
171.0,1.6,0.0,0.0,0.0
222.8,3.3,1.0,0.0,0.0
208.4,2.3,1.0,0.0,0.0
163.7,2.2,0.0,1.0,0.0
110.9,1.9,1.0,1.0,0.0
150.0,2.4,0.0,0.0,0.0
213.4,1.9,0.0,0.0,0.0
219.1,2.0,0.0,0.0,0.0
149.4,2.7,0.0,0.0,0.0
86.7,0.1,0.0,0.0,0.0
253.2,2.6,0.0,1.0,1.0
268.4,1.9,0.0,1.0,1.0
141.0,3.0,0.0,1.0,0.0
70.1,1.8,0.0,0.0,1.0
224.1,2.6,0.0,1.0,0.0
365.3,2.9,0.0,0.0,0.0
128.5,1.4,0.0,1.0,0.0
242.1,1.1,1.0,0.0,0.0
256.3,1.4,1.0,0.0,0.0
185.5,2.8,0.0,0.0,0.0
136.9,1.2,1.0,0.0,0.0
271.3,1.4,0.0,0.0,0.0
131.0,1.9,0.0,0.0,0.0
204.2,2.3,1.0,0.0,0.0
250.1,1.4,0.0,1.0,0.0
202.2,2.0,0.0,0.0,0.0
161.2,1.9,0.0,0.0,0.0
166.8,2.8,0.0,0.0,0.0
141.3,1.7,0.0,0.0,0.0
107.6,0.6,1.0,0.0,0.0
216.1,1.9,1.0,0.0,0.0
214.7,1.7,0.0,1.0,0.0
154.1,1.8,1.0,0.0,0.0
142.3,3.1,1.0,1.0,1.0
155.9,0.4,0.0,0.0,0.0
212.6,2.9,1.0,0.0,0.0
217.8,1.1,0.0,0.0,0.0
217.9,1.9,1.0,1.0,0.0
126.2,2.8,1.0,1.0,0.0
195.7,3.2,0.0,0.0,0.0
169.6,1.7,1.0,0.0,0.0
130.8,2.5,1.0,1.0,0.0
139.3,1.6,1.0,0.0,0.0
313.0,2.3,0.0,0.0,0.0
260.0,2.0,1.0,0.0,0.0
79.4,2.9,1.0,0.0,0.0
225.0,1.3,1.0,1.0,0.0
210.4,1.2,0.0,1.0,0.0
136.5,1.9,0.0,0.0,0.0
218.2,2.0,0.0,0.0,0.0
161.3,1.5,1.0,1.0,0.0
195.4,0.9,0.0,1.0,0.0
107.6,2.3,0.0,0.0,1.0
99.0,1.3,0.0,0.0,0.0
206.3,2.1,1.0,0.0,0.0
189.5,3.1,0.0,1.0,0.0
159.5,2.5,0.0,1.0,0.0
142.3,2.0,1.0,0.0,0.0
234.8,3.0,1.0,1.0,0.0
230.2,3.1,0.0,0.0,0.0
216.4,1.9,0.0,1.0,0.0
176.9,1.7,0.0,0.0,0.0
137.0,2.4,0.0,0.0,0.0
167.5,2.5,0.0,0.0,0.0
193.7,0.4,0.0,0.0,0.0
192.0,2.7,1.0,0.0,0.0
228.1,1.5,1.0,1.0,0.0
196.2,3.6,0.0,0.0,0.0
102.1,2.1,0.0,0.0,0.0
99.1,3.2,0.0,0.0,0.0
165.4,2.6,0.0,0.0,0.0
179.7,3.5,0.0,1.0,1.0
51.8,3.3,0.0,0.0,0.0
217.5,3.4,0.0,1.0,1.0
146.7,2.6,0.0,0.0,0.0
216.3,1.7,1.0,0.0,0.0
284.2,2.1,1.0,0.0,0.0
145.4,3.2,1.0,1.0,0.0
250.3,3.1,0.0,1.0,1.0
175.0,0.9,0.0,1.0,0.0
158.0,2.0,0.0,0.0,0.0
118.0,2.4,0.0,1.0,0.0
163.3,2.7,0.0,0.0,0.0
91.1,1.7,1.0,1.0,0.0
155.2,1.5,1.0,1.0,0.0
183.0,1.7,0.0,0.0,0.0
158.3,1.4,0.0,1.0,0.0
244.0,1.5,1.0,1.0,0.0
173.5,2.0,1.0,1.0,0.0
166.7,2.5,1.0,0.0,0.0
178.2,2.0,1.0,0.0,0.0
92.9,2.5,1.0,1.0,0.0
284.8,2.3,1.0,0.0,0.0
212.9,2.4,1.0,0.0,0.0
227.5,0.9,0.0,1.0,0.0
235.7,1.9,1.0,1.0,0.0
112.3,2.5,0.0,0.0,0.0
153.2,0.4,1.0,1.0,0.0
148.2,0.6,0.0,0.0,0.0
104.0,1.4,0.0,1.0,0.0
191.3,1.2,0.0,1.0,0.0
134.3,1.8,0.0,0.0,0.0
265.6,0.5,1.0,0.0,0.0
250.4,2.1,1.0,1.0,1.0
180.4,1.1,1.0,0.0,0.0
166.8,1.4,0.0,1.0,1.0
271.6,2.5,0.0,1.0,0.0
203.9,0.4,0.0,0.0,0.0
189.4,1.2,0.0,1.0,0.0
180.6,3.4,0.0,1.0,0.0
199.0,0.7,0.0,1.0,0.0
178.0,1.1,1.0,0.0,0.0
314.2,1.3,0.0,0.0,0.0
106.4,2.4,0.0,0.0,0.0
277.0,1.6,0.0,1.0,0.0
148.2,3.8,1.0,0.0,0.0
297.0,1.8,1.0,0.0,0.0
225.1,2.9,0.0,0.0,0.0
200.1,1.4,0.0,0.0,1.0
215.9,3.3,0.0,0.0,0.0
271.3,2.9,1.0,1.0,1.0
339.5,4.0,0.0,1.0,1.0
159.0,1.4,1.0,1.0,0.0
149.0,1.5,0.0,0.0,0.0
164.5,1.8,0.0,0.0,0.0
134.1,0.7,0.0,1.0,0.0
195.0,1.7,1.0,1.0,0.0
150.7,1.2,0.0,0.0,1.0
217.4,1.8,0.0,0.0,0.0
236.5,1.2,0.0,1.0,0.0
268.9,1.1,0.0,1.0,0.0
167.2,1.3,1.0,1.0,0.0
148.8,1.9,1.0,1.0,0.0
232.9,1.4,1.0,1.0,0.0
121.6,1.9,0.0,0.0,0.0
295.4,2.5,1.0,0.0,0.0
164.0,1.8,1.0,1.0,0.0
72.3,1.8,1.0,0.0,0.0
164.6,2.3,0.0,1.0,0.0
173.2,3.0,1.0,0.0,0.0
228.6,2.2,1.0,0.0,0.0
77.3,1.4,1.0,1.0,0.0
232.9,1.2,0.0,0.0,0.0
201.1,1.0,1.0,1.0,0.0
139.7,0.5,0.0,0.0,0.0
203.0,0.9,0.0,0.0,0.0
158.6,2.0,1.0,0.0,0.0
89.1,0.9,1.0,0.0,0.0
232.8,2.5,0.0,0.0,0.0
193.9,1.8,0.0,0.0,0.0
214.3,1.8,1.0,0.0,0.0
143.3,1.6,0.0,0.0,0.0
244.4,2.5,1.0,0.0,0.0
182.8,0.1,0.0,0.0,0.0
235.5,2.0,1.0,1.0,0.0
215.6,1.8,1.0,0.0,0.0
17.5,1.7,0.0,0.0,0.0
54.9,1.3,0.0,0.0,0.0
179.9,0.5,1.0,0.0,0.0
243.5,1.4,1.0,1.0,0.0
132.4,3.7,0.0,0.0,0.0
170.3,1.2,0.0,1.0,0.0
255.9,2.0,0.0,0.0,0.0
200.1,2.8,1.0,1.0,0.0
165.3,3.6,1.0,0.0,0.0
284.6,2.3,0.0,0.0,0.0
99.4,2.0,0.0,0.0,0.0
126.0,1.9,1.0,1.0,0.0
177.4,2.4,0.0,1.0,1.0
262.8,2.2,0.0,0.0,0.0
229.2,1.6,0.0,0.0,0.0
195.8,2.0,0.0,1.0,0.0
244.0,0.0,1.0,0.0,0.0
118.6,1.8,1.0,1.0,0.0
102.2,2.3,0.0,0.0,0.0
207.3,1.6,0.0,0.0,0.0
209.8,1.9,0.0,0.0,0.0
245.6,2.0,1.0,0.0,0.0
254.8,2.7,1.0,1.0,0.0
202.0,1.6,0.0,0.0,0.0
154.4,2.9,0.0,1.0,0.0
110.2,3.5,0.0,0.0,0.0
206.4,0.7,0.0,1.0,0.0
233.1,1.6,0.0,0.0,0.0
276.1,2.9,0.0,0.0,0.0
126.7,1.0,1.0,1.0,0.0
150.9,1.3,0.0,0.0,0.0
92.8,3.2,1.0,1.0,0.0
57.6,3.5,1.0,0.0,0.0
151.0,2.0,1.0,1.0,0.0
280.2,3.0,0.0,1.0,1.0
130.0,2.4,1.0,1.0,0.0
151.3,1.7,1.0,0.0,0.0
165.5,2.0,0.0,1.0,0.0
104.8,1.9,1.0,0.0,0.0
221.8,2.1,0.0,0.0,0.0
173.3,2.6,1.0,1.0,0.0
226.9,1.3,1.0,0.0,0.0
158.4,2.3,0.0,0.0,0.0
157.6,2.4,0.0,0.0,0.0
262.5,1.3,1.0,0.0,1.0
161.3,2.5,0.0,0.0,0.0
235.7,1.4,0.0,0.0,0.0
167.9,1.7,1.0,1.0,0.0
205.4,0.4,0.0,1.0,0.0
175.5,1.1,0.0,0.0,0.0
204.9,0.9,0.0,1.0,0.0
41.1,2.1,1.0,0.0,0.0
41.3,2.0,0.0,0.0,0.0
345.3,2.4,0.0,0.0,0.0
140.6,1.5,0.0,0.0,0.0
141.3,1.1,0.0,1.0,0.0
216.6,2.1,1.0,1.0,0.0
201.4,1.9,0.0,0.0,0.0
246.2,1.7,0.0,0.0,1.0
220.1,1.7,1.0,1.0,0.0
259.0,2.1,0.0,1.0,0.0
263.1,2.3,0.0,1.0,0.0
294.4,1.8,0.0,1.0,0.0
141.7,2.9,0.0,0.0,0.0
41.6,3.1,0.0,1.0,0.0
280.0,1.4,1.0,0.0,0.0
272.2,2.5,1.0,1.0,0.0
107.4,2.4,1.0,1.0,1.0
198.7,0.2,0.0,1.0,0.0
174.9,2.7,0.0,1.0,0.0
248.0,1.7,0.0,1.0,0.0
223.8,1.4,0.0,0.0,0.0
343.8,1.8,0.0,0.0,0.0
298.7,2.2,1.0,0.0,0.0
225.4,1.4,0.0,0.0,0.0
251.1,1.8,1.0,0.0,0.0
106.3,2.1,0.0,1.0,0.0
145.5,1.2,0.0,1.0,0.0
115.3,2.0,1.0,0.0,0.0
105.9,2.2,1.0,0.0,0.0
130.5,2.5,0.0,0.0,0.0
158.1,2.4,0.0,0.0,0.0
141.3,3.9,0.0,0.0,0.0
67.7,1.9,0.0,1.0,0.0
113.4,1.0,1.0,0.0,0.0
218.5,1.6,0.0,1.0,0.0
279.6,1.5,0.0,0.0,0.0
230.1,2.6,0.0,1.0,0.0
184.1,1.5,0.0,0.0,0.0
149.2,1.7,0.0,1.0,0.0
105.5,1.6,1.0,0.0,0.0
240.7,0.2,1.0,0.0,0.0
78.4,1.4,1.0,0.0,0.0
173.1,1.2,1.0,1.0,0.0
164.2,2.2,1.0,0.0,0.0
207.9,1.4,0.0,0.0,0.0
111.3,2.6,0.0,0.0,1.0
132.9,2.1,0.0,0.0,0.0
247.1,2.9,0.0,0.0,0.0
140.7,3.4,1.0,1.0,1.0
256.7,2.4,0.0,0.0,0.0
64.7,1.1,0.0,0.0,0.0
238.6,2.4,1.0,0.0,0.0
52.0,1.9,0.0,0.0,0.0
220.5,1.5,0.0,1.0,0.0
183.2,2.4,0.0,1.0,0.0
197.9,1.3,0.0,1.0,0.0
299.4,2.0,0.0,0.0,0.0
182.6,1.1,1.0,0.0,0.0
156.2,1.1,1.0,1.0,0.0
77.9,2.5,0.0,1.0,1.0
148.5,1.7,0.0,0.0,0.0
274.9,2.4,1.0,1.0,0.0
239.7,1.5,0.0,1.0,0.0
256.1,3.0,0.0,0.0,1.0
242.0,1.7,0.0,1.0,0.0
212.0,0.7,1.0,1.0,0.0
139.5,3.0,0.0,0.0,0.0
104.4,1.4,0.0,0.0,0.0
260.2,1.2,0.0,0.0,0.0
188.0,2.4,0.0,0.0,0.0
168.1,2.9,1.0,0.0,0.0
179.8,2.3,0.0,0.0,0.0
287.8,0.9,1.0,1.0,0.0
295.7,1.8,1.0,0.0,0.0
180.3,1.2,0.0,0.0,0.0
113.6,1.9,0.0,1.0,0.0
162.1,1.9,0.0,0.0,0.0
190.5,3.0,1.0,0.0,0.0
221.1,2.0,0.0,1.0,0.0
205.2,2.5,1.0,0.0,0.0
156.9,2.2,0.0,1.0,0.0
207.0,1.4,0.0,1.0,0.0
303.7,1.9,0.0,0.0,0.0
220.7,1.2,0.0,1.0,0.0
180.9,3.0,1.0,0.0,0.0
206.9,3.0,1.0,0.0,0.0
64.0,3.3,1.0,0.0,0.0
173.6,3.1,0.0,0.0,0.0
74.9,1.0,0.0,0.0,0.0
171.1,2.3,1.0,1.0,0.0
235.2,2.4,0.0,0.0,0.0
188.6,2.9,1.0,1.0,0.0
175.2,2.3,0.0,1.0,0.0
298.3,3.4,0.0,0.0,1.0
172.4,3.5,0.0,0.0,0.0
147.4,1.5,1.0,0.0,0.0
144.8,0.8,0.0,1.0,0.0
174.1,2.5,1.0,1.0,0.0
125.9,1.3,0.0,0.0,0.0
168.7,2.3,0.0,0.0,0.0
112.2,2.4,1.0,1.0,0.0
159.9,1.9,1.0,1.0,0.0
127.1,2.5,0.0,0.0,0.0
138.2,2.6,0.0,0.0,0.0
228.9,2.7,0.0,1.0,0.0
55.4,3.1,1.0,1.0,0.0
118.4,1.4,0.0,0.0,0.0
266.7,2.2,1.0,0.0,0.0
97.4,3.3,0.0,0.0,0.0
191.6,1.6,0.0,1.0,0.0
202.4,1.8,0.0,0.0,0.0
221.2,1.2,1.0,0.0,0.0
273.7,2.6,0.0,0.0,0.0
262.1,1.5,0.0,0.0,0.0
160.2,1.8,0.0,0.0,0.0
117.0,1.1,1.0,1.0,0.0
146.0,1.8,1.0,0.0,0.0
162.8,1.8,1.0,0.0,0.0
355.7,4.0,0.0,1.0,1.0
207.5,0.9,0.0,0.0,0.0
267.6,1.5,0.0,0.0,0.0
180.0,0.8,0.0,1.0,1.0
245.7,2.3,1.0,1.0,0.0
213.7,2.4,0.0,1.0,0.0
140.4,1.1,0.0,0.0,0.0
183.7,1.6,0.0,1.0,0.0
152.8,1.4,0.0,0.0,0.0
186.1,0.9,1.0,1.0,1.0
160.8,2.7,1.0,1.0,0.0
272.7,3.4,0.0,1.0,1.0
141.9,2.0,0.0,0.0,0.0
259.8,2.1,1.0,1.0,0.0
207.1,2.0,0.0,0.0,0.0
212.6,2.1,1.0,0.0,0.0
143.3,2.1,1.0,0.0,0.0
263.7,2.1,0.0,1.0,0.0
149.0,1.9,0.0,1.0,0.0
56.2,2.0,1.0,0.0,0.0
218.1,0.0,0.0,0.0,0.0
234.8,0.5,1.0,0.0,0.0
148.4,1.8,0.0,0.0,0.0
337.7,3.0,0.0,0.0,0.0
47.9,1.7,1.0,1.0,0.0
200.5,2.4,0.0,1.0,0.0
288.9,1.9,0.0,0.0,0.0
180.9,2.0,1.0,1.0,0.0
255.7,1.5,0.0,0.0,0.0
99.2,3.5,0.0,0.0,0.0
271.9,1.6,0.0,0.0,1.0
214.3,2.6,1.0,0.0,0.0
124.1,1.9,1.0,1.0,0.0
100.2,1.3,0.0,0.0,0.0
3.7,1.9,1.0,1.0,0.0
201.4,1.8,0.0,0.0,0.0
217.3,2.3,0.0,0.0,1.0
88.9,2.0,0.0,0.0,0.0
247.6,0.9,0.0,1.0,0.0
112.1,2.3,0.0,0.0,0.0
127.1,1.0,1.0,0.0,0.0
204.2,1.5,0.0,0.0,0.0
90.7,1.8,0.0,0.0,0.0
251.1,1.5,1.0,0.0,0.0
177.2,1.5,0.0,0.0,0.0
178.0,2.3,0.0,1.0,0.0
177.9,2.0,0.0,0.0,0.0
109.5,2.0,0.0,0.0,0.0
182.9,1.8,1.0,1.0,0.0
134.9,2.3,0.0,0.0,0.0
142.3,2.2,1.0,1.0,0.0
77.5,1.9,1.0,1.0,0.0
99.6,2.4,1.0,1.0,0.0
223.8,1.0,0.0,1.0,0.0
179.0,1.7,1.0,1.0,0.0
169.7,2.7,1.0,1.0,0.0
165.2,1.6,0.0,1.0,0.0
187.3,0.7,1.0,0.0,0.0
288.9,2.1,0.0,0.0,0.0
107.3,2.3,1.0,1.0,0.0
226.7,3.0,0.0,1.0,1.0
192.9,2.5,0.0,0.0,0.0
262.0,3.4,1.0,1.0,1.0
85.2,2.3,1.0,1.0,0.0
183.4,1.9,0.0,0.0,0.0
170.8,2.9,0.0,0.0,0.0
273.2,0.7,0.0,1.0,0.0
217.1,1.4,1.0,0.0,0.0
152.3,0.9,1.0,0.0,0.0
116.7,1.2,0.0,1.0,0.0
282.1,1.8,1.0,1.0,0.0
245.5,1.9,0.0,0.0,0.0
137.2,1.8,0.0,0.0,0.0
109.3,0.1,0.0,0.0,0.0
185.3,1.9,0.0,1.0,0.0
116.2,2.1,1.0,1.0,0.0
212.2,1.9,1.0,0.0,0.0
229.0,1.0,1.0,1.0,0.0
226.3,3.1,0.0,1.0,0.0
267.0,3.1,1.0,0.0,0.0
91.8,2.4,0.0,0.0,1.0
255.9,1.8,1.0,0.0,0.0
203.2,1.9,0.0,1.0,0.0
297.1,2.9,0.0,0.0,0.0
165.5,3.2,1.0,0.0,0.0
162.4,1.5,0.0,0.0,0.0
338.7,2.7,1.0,1.0,1.0
73.4,1.6,0.0,0.0,0.0
201.3,2.4,0.0,0.0,0.0
396.8,1.8,0.0,1.0,0.0
181.6,1.8,0.0,1.0,0.0
111.6,0.8,1.0,0.0,0.0
97.1,3.3,0.0,1.0,0.0
160.4,2.0,0.0,0.0,0.0
142.4,3.5,0.0,0.0,0.0
183.6,0.9,0.0,0.0,0.0
76.7,2.0,1.0,1.0,0.0
91.1,1.1,0.0,1.0,0.0
115.2,2.6,1.0,0.0,0.0
163.5,1.8,1.0,1.0,0.0
172.7,1.1,0.0,1.0,0.0
165.2,1.4,1.0,1.0,0.0
157.9,1.8,1.0,1.0,0.0
97.3,3.8,1.0,1.0,0.0
46.3,0.7,0.0,1.0,0.0
184.3,1.9,1.0,0.0,0.0
309.4,1.8,1.0,0.0,0.0
120.2,3.7,0.0,0.0,0.0
282.1,3.2,0.0,1.0,1.0
196.3,1.8,0.0,0.0,0.0
86.9,3.5,0.0,0.0,0.0
176.3,0.5,0.0,0.0,0.0
189.5,1.3,0.0,0.0,0.0
323.4,2.7,1.0,0.0,0.0
210.0,1.8,0.0,1.0,0.0
78.9,1.6,0.0,0.0,0.0
195.3,2.7,1.0,0.0,0.0
194.8,2.1,0.0,0.0,0.0
274.5,2.2,1.0,0.0,0.0
76.7,0.6,1.0,1.0,0.0
116.8,1.7,0.0,0.0,0.0
340.3,1.8,0.0,1.0,0.0
101.6,2.5,1.0,0.0,0.0
170.9,0.9,1.0,1.0,0.0
184.8,3.0,1.0,0.0,0.0
210.5,0.3,0.0,0.0,0.0
182.0,1.9,0.0,0.0,0.0
218.4,1.1,0.0,0.0,0.0
287.6,1.6,0.0,0.0,0.0
313.9,3.4,0.0,1.0,1.0
151.6,0.8,1.0,1.0,0.0
210.5,1.7,0.0,0.0,0.0
230.4,2.1,0.0,1.0,0.0
117.7,1.4,0.0,1.0,0.0
239.9,3.1,0.0,0.0,0.0
157.1,0.8,0.0,1.0,0.0
107.2,1.2,0.0,0.0,0.0
140.2,1.3,0.0,0.0,0.0
204.8,2.1,0.0,0.0,1.0
112.6,1.2,1.0,1.0,0.0
116.5,1.3,1.0,1.0,0.0
167.7,2.3,0.0,1.0,0.0
283.1,1.2,0.0,1.0,0.0
168.2,1.7,1.0,1.0,0.0
177.7,2.6,0.0,1.0,0.0
153.8,2.8,1.0,0.0,0.0
233.0,1.8,1.0,1.0,0.0
96.5,2.0,1.0,0.0,0.0
273.0,1.7,0.0,0.0,0.0
167.6,1.3,0.0,1.0,0.0
285.1,2.0,1.0,0.0,0.0
146.4,2.2,0.0,0.0,0.0
56.5,1.4,0.0,0.0,0.0
255.3,2.6,0.0,1.0,0.0
69.7,1.6,0.0,1.0,0.0
168.1,1.9,0.0,0.0,0.0
324.3,2.4,1.0,1.0,0.0
186.8,0.8,0.0,1.0,0.0
117.7,1.5,1.0,0.0,0.0
251.0,2.3,0.0,0.0,0.0
173.6,1.5,0.0,1.0,0.0
261.8,2.3,0.0,0.0,0.0
206.7,2.3,1.0,0.0,0.0
124.8,2.8,0.0,1.0,0.0
205.1,3.4,0.0,0.0,0.0
200.2,1.8,1.0,0.0,1.0
168.0,1.8,0.0,1.0,0.0
162.9,3.1,0.0,1.0,0.0
154.0,1.9,1.0,0.0,0.0
190.3,2.1,0.0,0.0,0.0
169.4,1.7,1.0,1.0,0.0
176.0,2.1,0.0,1.0,0.0
135.3,3.5,0.0,0.0,0.0
135.2,3.8,1.0,1.0,0.0
153.1,3.7,1.0,1.0,0.0
281.6,0.0,0.0,0.0,1.0
197.7,1.9,0.0,0.0,0.0
102.0,2.2,1.0,1.0,0.0
314.0,0.3,1.0,0.0,0.0
129.9,0.9,0.0,1.0,0.0
155.0,2.7,0.0,0.0,0.0
238.0,1.5,1.0,0.0,0.0
140.9,1.7,0.0,0.0,0.0
0.3,1.8,1.0,1.0,0.0
135.1,2.9,1.0,0.0,0.0
257.1,1.6,0.0,1.0,0.0
116.2,2.2,0.0,1.0,0.0
184.3,2.0,0.0,0.0,0.0
169.6,2.4,0.0,0.0,0.0
208.4,1.6,1.0,0.0,0.0
207.6,2.9,0.0,0.0,0.0
148.8,2.7,0.0,0.0,0.0
199.0,3.2,0.0,1.0,0.0
262.0,3.0,1.0,0.0,0.0
119.7,0.7,1.0,1.0,0.0
102.6,2.8,0.0,0.0,0.0
272.1,2.8,0.0,1.0,0.0
106.1,1.8,1.0,0.0,0.0
160.0,2.5,0.0,1.0,0.0
211.4,2.1,0.0,0.0,0.0
262.5,2.2,0.0,0.0,0.0
190.4,3.0,0.0,0.0,0.0
150.2,4.3,1.0,0.0,0.0
167.3,1.1,0.0,0.0,0.0
171.7,2.0,1.0,0.0,0.0
147.8,0.3,1.0,1.0,0.0
129.3,3.0,1.0,0.0,0.0
219.3,2.2,0.0,0.0,0.0
250.3,3.1,1.0,1.0,0.0
247.4,0.6,1.0,0.0,0.0
260.5,1.8,1.0,1.0,0.0
177.5,0.6,0.0,0.0,0.0
140.5,1.4,0.0,0.0,0.0
183.7,2.0,1.0,1.0,0.0
247.2,3.7,1.0,0.0,0.0
65.3,1.8,0.0,1.0,0.0
211.7,3.1,0.0,0.0,0.0
186.3,2.1,0.0,1.0,0.0
152.7,4.1,1.0,0.0,0.0
236.5,1.7,0.0,0.0,0.0
194.7,2.8,0.0,1.0,0.0
147.3,1.8,1.0,0.0,0.0
279.4,1.3,0.0,0.0,0.0
130.8,1.3,0.0,0.0,0.0
101.3,0.6,0.0,0.0,0.0
292.1,2.2,0.0,1.0,0.0
203.0,0.7,0.0,0.0,0.0
199.7,1.4,0.0,1.0,1.0
144.3,3.0,1.0,0.0,0.0
216.1,2.9,0.0,1.0,1.0
167.4,3.3,0.0,0.0,0.0
169.3,2.9,0.0,1.0,0.0
230.1,0.5,1.0,0.0,0.0
335.0,2.7,1.0,0.0,0.0
137.9,1.2,1.0,0.0,0.0
152.6,1.4,1.0,1.0,0.0
125.4,2.0,0.0,1.0,0.0
92.4,1.2,1.0,1.0,0.0
214.2,2.0,1.0,1.0,0.0
273.5,2.0,0.0,0.0,0.0
113.2,1.6,1.0,1.0,0.0
66.2,3.2,1.0,0.0,0.0
300.6,3.2,0.0,1.0,1.0
164.0,1.7,1.0,0.0,0.0
139.0,3.1,1.0,0.0,0.0
131.4,2.7,0.0,0.0,1.0
204.2,3.8,0.0,1.0,0.0
193.2,2.0,1.0,1.0,0.0
51.0,1.9,0.0,0.0,0.0
142.5,2.0,1.0,0.0,0.0
246.3,3.1,0.0,0.0,0.0
305.0,1.9,1.0,0.0,0.0
88.9,1.6,0.0,1.0,0.0
230.9,0.9,1.0,0.0,0.0
144.1,2.0,0.0,1.0,0.0
298.4,1.7,0.0,1.0,0.0
187.1,0.9,0.0,1.0,0.0
51.3,1.7,1.0,1.0,0.0
199.7,1.6,1.0,0.0,0.0
225.6,2.6,0.0,1.0,0.0
163.6,1.7,0.0,1.0,0.0
105.6,1.6,1.0,0.0,0.0
189.3,2.8,1.0,1.0,0.0
147.8,1.1,0.0,0.0,0.0
322.0,1.4,0.0,0.0,0.0
173.0,2.5,1.0,0.0,0.0
222.8,2.0,0.0,0.0,0.0
243.6,3.6,0.0,1.0,0.0
278.4,2.8,0.0,0.0,0.0
78.7,1.4,0.0,1.0,0.0
279.9,1.6,0.0,0.0,0.0
192.6,1.6,0.0,0.0,0.0
109.3,2.5,0.0,1.0,0.0
170.3,1.8,1.0,0.0,0.0
220.1,1.7,1.0,0.0,0.0
185.0,2.4,1.0,1.0,0.0
164.6,2.3,0.0,0.0,1.0
167.6,2.5,0.0,1.0,0.0
267.2,2.2,1.0,1.0,1.0
295.7,0.4,1.0,0.0,0.0
-5.3,2.3,1.0,1.0,0.0
328.5,2.3,1.0,0.0,0.0
128.4,1.3,0.0,0.0,0.0
131.1,2.3,0.0,0.0,0.0
182.7,2.1,0.0,0.0,0.0
163.9,1.2,0.0,0.0,0.0
322.9,2.4,1.0,1.0,0.0
120.5,2.0,0.0,0.0,0.0
223.1,1.8,1.0,1.0,1.0
230.5,1.4,0.0,0.0,0.0
188.7,1.8,0.0,0.0,0.0
75.9,3.0,0.0,0.0,0.0
222.1,1.6,0.0,0.0,0.0
140.0,1.2,0.0,0.0,0.0
209.1,2.9,0.0,1.0,1.0
219.2,1.8,1.0,1.0,0.0
164.5,2.2,0.0,1.0,0.0
167.9,2.6,0.0,0.0,0.0
-6.0,2.1,1.0,1.0,0.0
185.4,2.0,0.0,1.0,0.0
180.6,3.9,0.0,0.0,0.0
197.7,2.0,1.0,0.0,0.0
252.6,1.6,1.0,1.0,0.0
146.0,3.3,1.0,0.0,0.0
110.5,1.9,0.0,0.0,0.0
217.4,2.6,0.0,0.0,0.0
174.3,1.5,0.0,1.0,0.0
87.3,1.6,0.0,0.0,0.0
199.2,2.2,0.0,0.0,0.0
248.1,1.3,1.0,1.0,0.0
113.5,2.5,0.0,1.0,0.0
118.3,3.0,0.0,0.0,0.0
181.8,1.2,0.0,1.0,0.0
101.3,2.4,1.0,1.0,0.0
203.1,1.9,0.0,0.0,0.0
329.3,3.3,0.0,0.0,0.0
258.2,1.4,0.0,0.0,0.0
262.7,2.7,1.0,1.0,1.0
77.3,3.0,0.0,0.0,0.0
151.2,1.3,0.0,0.0,0.0
219.7,2.3,0.0,0.0,0.0
155.8,2.1,1.0,1.0,0.0
236.9,2.2,0.0,1.0,0.0
183.6,3.2,1.0,0.0,0.0
239.7,1.9,1.0,0.0,0.0
186.8,3.2,1.0,0.0,0.0
151.4,2.5,0.0,1.0,0.0
83.3,2.7,1.0,0.0,0.0
272.3,2.7,0.0,0.0,0.0
159.9,1.2,0.0,1.0,0.0
121.9,2.6,1.0,1.0,0.0
255.8,2.9,1.0,0.0,0.0
219.0,1.9,0.0,0.0,0.0
197.1,2.0,0.0,0.0,0.0
143.9,2.0,1.0,1.0,0.0
172.1,2.4,0.0,1.0,0.0
154.9,2.1,0.0,0.0,0.0
270.8,3.6,0.0,1.0,0.0
131.6,1.7,1.0,1.0,0.0
110.1,1.6,1.0,1.0,1.0
194.1,2.0,0.0,0.0,0.0
187.3,2.6,0.0,0.0,0.0
216.5,2.5,0.0,1.0,0.0
247.4,2.6,0.0,0.0,0.0
131.0,2.2,0.0,0.0,0.0
172.2,3.5,0.0,0.0,0.0
244.5,3.7,0.0,1.0,1.0
225.3,2.1,0.0,0.0,0.0
205.6,2.5,1.0,0.0,0.0
158.4,2.9,0.0,1.0,0.0
155.1,3.1,0.0,1.0,0.0
119.8,3.1,1.0,1.0,0.0
173.9,2.1,0.0,0.0,0.0
146.9,2.5,0.0,1.0,0.0
210.5,2.1,0.0,0.0,0.0
240.2,1.5,0.0,0.0,0.0
217.2,2.9,0.0,1.0,0.0
242.9,1.5,0.0,1.0,0.0
91.2,1.4,0.0,0.0,0.0
221.3,2.2,1.0,1.0,0.0
299.6,2.1,1.0,1.0,0.0
200.3,1.8,1.0,0.0,0.0
294.7,2.3,0.0,0.0,0.0
71.6,2.5,0.0,0.0,0.0
201.7,0.9,0.0,0.0,0.0
50.5,0.9,0.0,0.0,0.0
89.0,3.6,0.0,1.0,0.0
269.7,3.1,1.0,1.0,0.0
388.2,2.0,1.0,0.0,0.0
186.5,2.7,1.0,0.0,0.0
241.2,3.6,1.0,0.0,0.0
162.4,1.5,1.0,0.0,0.0
312.0,1.9,0.0,0.0,0.0
103.5,3.0,0.0,0.0,0.0
260.5,2.3,0.0,0.0,0.0
169.7,1.6,1.0,1.0,0.0
158.8,3.0,0.0,0.0,0.0
147.9,1.5,0.0,0.0,0.0
95.7,1.6,1.0,0.0,0.0
189.1,3.7,0.0,0.0,0.0
196.5,1.3,1.0,0.0,0.0
178.2,2.6,0.0,1.0,0.0
182.6,2.8,0.0,1.0,1.0
116.7,1.7,0.0,1.0,0.0
215.6,1.1,0.0,0.0,0.0
208.4,1.8,0.0,0.0,0.0
142.9,1.9,1.0,0.0,0.0
165.0,2.0,1.0,0.0,0.0
47.0,1.4,0.0,1.0,0.0
195.3,0.6,0.0,0.0,0.0
185.6,4.0,0.0,0.0,0.0
132.7,2.1,1.0,0.0,1.0
321.6,2.8,0.0,1.0,0.0
215.2,2.6,0.0,1.0,0.0
247.1,2.6,0.0,1.0,1.0
141.5,2.4,0.0,0.0,0.0
94.0,3.0,1.0,0.0,1.0
150.7,1.2,0.0,1.0,0.0
154.4,1.4,1.0,0.0,0.0
84.8,2.1,0.0,1.0,0.0
91.0,1.0,0.0,1.0,0.0
96.6,2.0,0.0,0.0,0.0
250.0,2.0,1.0,1.0,0.0
287.2,1.9,0.0,0.0,0.0
204.3,2.8,1.0,0.0,0.0
124.2,2.7,0.0,1.0,0.0
182.1,2.2,0.0,0.0,0.0
166.8,3.1,0.0,0.0,0.0
194.4,1.3,0.0,0.0,0.0
105.5,2.1,0.0,0.0,0.0
167.5,2.0,1.0,0.0,0.0
132.7,0.9,1.0,0.0,0.0
140.3,0.6,0.0,1.0,0.0
306.5,1.8,0.0,0.0,0.0
169.8,2.9,0.0,0.0,0.0
185.8,1.9,1.0,0.0,0.0
213.5,2.7,1.0,0.0,0.0
167.1,2.2,0.0,0.0,0.0
268.4,1.9,0.0,1.0,0.0
183.0,1.5,0.0,1.0,0.0
139.5,1.3,1.0,1.0,0.0
220.5,1.7,1.0,0.0,0.0
226.8,1.5,0.0,1.0,0.0
151.4,2.9,1.0,0.0,0.0
135.9,2.0,0.0,0.0,0.0
219.2,2.1,0.0,0.0,0.0
177.5,2.1,0.0,0.0,0.0
231.0,1.7,1.0,0.0,0.0
174.0,1.1,0.0,0.0,0.0
178.1,1.9,0.0,0.0,0.0
244.5,2.3,0.0,0.0,0.0
37.4,2.1,0.0,0.0,0.0
133.3,2.1,1.0,0.0,0.0
167.6,1.6,1.0,1.0,0.0
176.2,1.5,1.0,0.0,0.0
123.0,2.1,0.0,0.0,0.0
146.7,2.2,0.0,0.0,0.0
168.0,2.2,1.0,1.0,0.0
62.4,2.6,1.0,0.0,0.0
208.1,2.2,1.0,0.0,0.0
127.1,2.0,0.0,1.0,0.0
57.3,1.5,0.0,0.0,0.0
269.1,2.9,1.0,0.0,0.0
281.9,2.8,1.0,1.0,1.0
136.9,1.8,0.0,0.0,0.0
170.4,2.6,0.0,1.0,0.0
225.0,1.6,0.0,1.0,0.0
180.6,1.8,0.0,1.0,0.0
246.8,1.0,0.0,0.0,0.0
168.6,1.8,0.0,0.0,0.0
137.9,2.4,0.0,1.0,0.0
176.0,2.2,1.0,0.0,0.0
128.8,2.1,0.0,0.0,0.0
115.0,1.3,0.0,0.0,0.0
94.9,1.9,0.0,1.0,0.0
249.6,3.8,0.0,1.0,1.0
263.1,1.2,0.0,1.0,0.0
82.2,1.8,0.0,0.0,0.0
206.2,2.2,0.0,0.0,0.0
204.1,1.2,0.0,0.0,0.0
183.7,3.0,1.0,0.0,0.0
134.8,1.6,1.0,0.0,0.0
77.1,2.4,0.0,1.0,0.0
160.1,2.0,1.0,0.0,0.0
157.8,1.9,0.0,0.0,0.0
139.5,2.2,0.0,0.0,0.0
205.4,0.5,0.0,0.0,0.0
167.6,2.1,0.0,1.0,0.0
185.1,2.4,1.0,1.0,1.0
191.7,1.1,0.0,1.0,0.0
165.8,1.8,1.0,1.0,1.0
185.2,3.1,1.0,0.0,0.0
186.9,1.6,0.0,1.0,0.0
231.9,3.0,0.0,1.0,0.0
235.4,1.8,1.0,1.0,0.0
228.2,0.5,1.0,1.0,0.0
187.6,4.3,1.0,1.0,1.0
182.7,2.3,0.0,0.0,0.0
147.6,2.6,0.0,1.0,1.0
122.9,2.4,1.0,1.0,0.0
207.1,1.9,0.0,0.0,0.0
273.0,1.8,0.0,0.0,0.0
98.5,2.1,0.0,0.0,0.0
270.3,1.7,0.0,0.0,0.0
144.3,2.9,0.0,0.0,0.0
69.6,2.2,0.0,0.0,0.0
67.9,1.7,0.0,0.0,0.0
161.5,2.9,0.0,1.0,0.0
228.8,1.7,0.0,0.0,0.0
329.9,2.8,0.0,1.0,1.0
299.3,2.0,0.0,0.0,0.0
206.4,3.6,1.0,0.0,0.0
344.7,2.0,0.0,0.0,0.0
196.8,3.4,0.0,1.0,0.0
212.3,2.7,0.0,1.0,1.0
231.0,0.6,1.0,0.0,0.0
114.0,1.0,0.0,0.0,0.0
181.0,2.3,1.0,1.0,1.0
100.5,2.8,0.0,1.0,0.0
235.3,3.0,0.0,0.0,0.0
171.9,2.6,1.0,0.0,0.0
148.6,1.6,1.0,1.0,0.0
208.4,2.3,1.0,1.0,0.0
179.7,1.9,0.0,0.0,0.0
132.7,0.9,0.0,0.0,0.0
286.9,1.1,1.0,0.0,0.0
217.2,1.5,1.0,0.0,0.0
223.6,0.2,0.0,1.0,0.0
187.8,2.0,0.0,0.0,1.0
216.8,1.4,0.0,1.0,0.0
139.6,2.0,1.0,1.0,0.0
303.2,2.6,1.0,1.0,1.0
192.3,2.0,1.0,1.0,0.0
198.7,1.1,1.0,1.0,0.0
258.2,1.7,1.0,1.0,0.0
231.5,2.1,0.0,0.0,0.0
309.6,1.5,0.0,0.0,0.0
184.2,1.2,0.0,1.0,0.0
164.4,0.9,0.0,0.0,0.0
195.2,2.1,0.0,0.0,0.0
241.4,3.9,1.0,1.0,0.0
223.8,3.5,0.0,1.0,0.0
138.8,1.7,1.0,0.0,0.0
126.2,1.9,0.0,0.0,0.0
179.9,2.2,1.0,0.0,0.0
181.3,2.2,0.0,0.0,0.0
225.3,1.5,1.0,0.0,0.0
247.2,0.7,0.0,0.0,0.0
97.4,2.6,0.0,1.0,1.0
245.4,0.4,0.0,0.0,0.0
222.1,0.7,1.0,0.0,0.0
156.1,1.5,0.0,0.0,0.0
208.2,1.3,0.0,0.0,0.0
220.0,1.7,1.0,0.0,0.0
124.7,2.6,1.0,0.0,0.0
176.4,1.8,1.0,0.0,0.0
212.5,2.1,1.0,0.0,0.0
191.5,1.0,1.0,0.0,0.0
142.4,1.4,1.0,1.0,0.0
131.3,2.9,1.0,1.0,0.0
202.9,1.7,0.0,0.0,0.0
53.0,1.7,1.0,1.0,0.0
134.9,1.9,0.0,0.0,0.0
264.9,1.7,0.0,0.0,0.0
91.3,2.8,0.0,1.0,0.0
67.3,2.6,0.0,1.0,0.0
257.3,2.0,0.0,1.0,1.0
177.9,2.2,0.0,0.0,0.0
219.8,2.6,1.0,0.0,0.0
174.4,1.0,1.0,0.0,0.0
162.4,1.6,1.0,0.0,0.0
267.2,1.9,1.0,0.0,0.0
196.8,2.4,1.0,1.0,0.0
279.1,1.6,1.0,0.0,1.0
120.4,2.2,0.0,1.0,0.0
188.4,1.3,0.0,1.0,1.0
268.7,1.0,1.0,1.0,1.0
-27.0,1.7,1.0,0.0,0.0
31.6,2.7,0.0,1.0,0.0
146.5,1.9,0.0,1.0,0.0
144.7,1.6,1.0,0.0,0.0
276.9,0.4,0.0,0.0,0.0
196.3,2.5,1.0,1.0,0.0
166.9,1.5,0.0,1.0,0.0
227.8,2.5,0.0,0.0,0.0
73.0,2.8,1.0,0.0,0.0
165.7,2.5,1.0,0.0,0.0
227.8,2.6,0.0,1.0,0.0
250.3,2.6,0.0,1.0,0.0
159.1,1.4,1.0,0.0,0.0
238.5,0.9,1.0,1.0,0.0
171.5,3.6,0.0,0.0,0.0
101.0,1.6,1.0,0.0,0.0
152.1,2.9,0.0,1.0,0.0
233.0,1.9,0.0,1.0,0.0
257.1,1.9,1.0,0.0,0.0
181.7,3.5,1.0,1.0,0.0
113.3,3.7,1.0,0.0,0.0
163.8,0.7,0.0,1.0,0.0
114.0,1.7,0.0,1.0,0.0
297.4,2.2,0.0,0.0,0.0
105.9,1.4,0.0,1.0,0.0
281.6,1.1,0.0,0.0,0.0
184.9,1.0,0.0,0.0,0.0
202.1,2.1,0.0,0.0,0.0
150.5,2.1,1.0,0.0,0.0
206.2,2.6,0.0,1.0,0.0
348.8,2.8,1.0,1.0,1.0
83.0,3.4,1.0,0.0,0.0
180.6,1.6,1.0,0.0,0.0
140.4,1.8,0.0,1.0,0.0
117.5,2.0,1.0,1.0,0.0
205.6,2.1,0.0,1.0,0.0
96.5,2.1,1.0,0.0,0.0
164.5,2.0,1.0,0.0,0.0
41.0,2.3,1.0,0.0,0.0
166.6,0.9,1.0,0.0,0.0
121.2,2.1,0.0,0.0,0.0
192.2,1.5,0.0,0.0,0.0
180.0,1.2,1.0,0.0,0.0
218.0,2.4,0.0,1.0,0.0
174.4,2.3,1.0,0.0,0.0
153.1,2.4,0.0,1.0,0.0
183.8,1.2,0.0,0.0,1.0
176.8,1.9,0.0,0.0,0.0
206.4,2.9,0.0,0.0,0.0
188.1,3.0,1.0,0.0,0.0
432.0,1.5,0.0,1.0,1.0
157.1,1.5,1.0,0.0,0.0
267.4,2.0,1.0,1.0,0.0
169.9,1.7,0.0,0.0,0.0
197.3,1.9,0.0,1.0,0.0
202.5,2.6,1.0,0.0,0.0
231.9,2.5,0.0,1.0,1.0
147.3,3.2,1.0,1.0,0.0
144.2,2.0,0.0,0.0,0.0
308.9,3.1,1.0,1.0,1.0
290.9,2.6,1.0,0.0,1.0
101.7,1.6,1.0,1.0,0.0
225.8,2.0,0.0,1.0,0.0
189.3,1.7,0.0,1.0,0.0
333.4,3.2,0.0,0.0,0.0
272.0,2.3,0.0,1.0,0.0
147.9,2.7,0.0,0.0,0.0
132.5,1.7,0.0,1.0,0.0
153.0,3.1,0.0,0.0,0.0
386.0,2.2,0.0,1.0,0.0
200.6,1.9,0.0,1.0,0.0
154.5,1.8,0.0,1.0,0.0
239.6,2.7,1.0,0.0,1.0
235.6,3.1,1.0,1.0,1.0
146.6,2.0,0.0,1.0,0.0
82.1,2.3,0.0,0.0,0.0
117.2,1.1,1.0,1.0,1.0
41.4,3.0,0.0,1.0,0.0
112.9,0.7,1.0,0.0,0.0
189.4,1.6,0.0,1.0,0.0
171.9,1.4,1.0,0.0,0.0
158.1,2.1,1.0,0.0,0.0
265.3,1.9,0.0,0.0,0.0
122.8,1.7,0.0,1.0,0.0
145.1,1.6,0.0,0.0,0.0
337.9,2.8,0.0,0.0,0.0
294.5,2.4,1.0,0.0,0.0
251.7,2.3,1.0,1.0,1.0
199.2,2.0,1.0,0.0,0.0
166.1,1.4,0.0,0.0,0.0
104.7,3.0,0.0,1.0,0.0
129.3,2.2,1.0,0.0,0.0
167.1,2.1,0.0,0.0,0.0
252.2,1.1,0.0,0.0,0.0
287.5,1.7,0.0,0.0,0.0
154.4,3.0,0.0,0.0,0.0
167.6,1.3,0.0,0.0,0.0
224.9,0.9,0.0,0.0,0.0
41.0,2.1,0.0,0.0,0.0
294.3,1.3,1.0,1.0,0.0
152.2,1.5,0.0,1.0,0.0
249.4,2.8,1.0,1.0,1.0
126.2,3.3,0.0,0.0,0.0
188.2,1.8,0.0,1.0,0.0
105.5,3.7,0.0,0.0,0.0
209.1,0.0,0.0,1.0,0.0
171.0,2.1,0.0,0.0,0.0
265.3,2.0,1.0,1.0,1.0
204.0,1.1,0.0,1.0,0.0
121.8,2.4,0.0,1.0,0.0
242.5,1.4,1.0,0.0,0.0
147.1,0.6,1.0,0.0,0.0
233.7,2.5,1.0,1.0,0.0
232.0,1.1,1.0,0.0,0.0
273.3,1.5,1.0,1.0,1.0
210.6,2.4,0.0,0.0,0.0
109.2,1.7,0.0,0.0,0.0
228.6,2.2,0.0,1.0,0.0
216.5,0.9,0.0,1.0,0.0
273.8,2.7,0.0,0.0,0.0
201.0,2.2,0.0,1.0,0.0
286.3,1.9,0.0,0.0,0.0
140.5,3.4,0.0,1.0,0.0
119.6,1.1,1.0,0.0,0.0
129.0,1.9,0.0,0.0,0.0
195.6,2.5,0.0,0.0,0.0
128.1,2.8,1.0,1.0,1.0
206.1,2.3,0.0,0.0,0.0
122.5,2.2,1.0,0.0,0.0
84.8,1.3,0.0,0.0,0.0
268.9,2.2,0.0,1.0,0.0
171.6,2.8,1.0,0.0,0.0
110.6,2.2,0.0,1.0,0.0
201.9,1.9,0.0,0.0,1.0
187.9,1.0,0.0,1.0,0.0
121.7,2.2,0.0,0.0,0.0
116.2,1.4,0.0,0.0,0.0
269.4,1.9,0.0,1.0,0.0
315.7,1.5,0.0,0.0,0.0
245.3,2.3,0.0,0.0,0.0
46.7,2.6,1.0,1.0,0.0
229.7,1.6,0.0,0.0,0.0
201.7,2.3,0.0,0.0,0.0
156.8,1.0,0.0,1.0,1.0
196.7,2.2,0.0,0.0,0.0
225.5,1.1,1.0,0.0,0.0
146.7,2.7,0.0,0.0,0.0
201.2,4.1,1.0,1.0,0.0
47.5,1.8,1.0,0.0,0.0
226.5,2.4,1.0,0.0,0.0
206.6,1.4,0.0,0.0,0.0
160.5,2.9,0.0,1.0,0.0
238.8,2.2,0.0,0.0,0.0
32.2,2.1,0.0,1.0,0.0
244.1,0.9,0.0,1.0,0.0
205.5,0.0,0.0,1.0,0.0
151.8,0.3,0.0,1.0,0.0
270.1,1.9,1.0,0.0,0.0
220.0,2.2,0.0,1.0,0.0
3.3,3.5,1.0,0.0,0.0
149.9,1.1,0.0,1.0,0.0
206.0,0.9,0.0,0.0,0.0
139.7,2.3,1.0,1.0,0.0
166.0,2.2,0.0,0.0,0.0
280.5,1.7,0.0,0.0,0.0
163.9,1.8,1.0,0.0,0.0
275.6,3.8,1.0,0.0,1.0
197.4,0.0,0.0,0.0,0.0
188.3,2.9,1.0,0.0,0.0
203.3,3.2,0.0,0.0,0.0
188.5,2.4,1.0,1.0,0.0
81.3,1.4,1.0,0.0,0.0
293.3,3.6,0.0,0.0,1.0
216.7,2.5,0.0,0.0,0.0
89.0,2.3,0.0,1.0,1.0
187.0,1.7,0.0,1.0,0.0
264.6,3.0,1.0,1.0,1.0
137.8,0.7,0.0,0.0,0.0
189.0,1.0,0.0,0.0,0.0
94.3,2.4,0.0,1.0,0.0
168.5,2.8,0.0,0.0,0.0
153.8,3.4,0.0,0.0,0.0
77.3,1.3,0.0,0.0,1.0
84.3,2.6,0.0,1.0,0.0
259.2,1.2,1.0,0.0,0.0
193.6,1.9,0.0,0.0,0.0
130.6,0.9,1.0,0.0,0.0
266.9,2.5,0.0,0.0,0.0
72.7,2.5,1.0,0.0,0.0
173.2,1.0,0.0,0.0,0.0
240.2,1.7,0.0,0.0,0.0
141.5,1.9,1.0,1.0,0.0
179.0,2.2,0.0,1.0,0.0
85.7,1.3,0.0,0.0,1.0
219.8,0.5,0.0,0.0,0.0
144.9,1.9,1.0,0.0,1.0
83.2,3.2,1.0,0.0,0.0
193.7,2.7,0.0,1.0,0.0
232.5,0.9,0.0,1.0,0.0
96.5,2.3,0.0,0.0,0.0
313.2,0.9,0.0,0.0,0.0
172.5,3.9,1.0,0.0,0.0
205.9,2.9,0.0,0.0,0.0
260.7,1.3,0.0,0.0,0.0
132.6,4.4,1.0,0.0,1.0
161.8,2.3,1.0,1.0,0.0
144.4,1.9,0.0,0.0,0.0
119.7,3.5,0.0,0.0,0.0
216.0,1.6,0.0,0.0,0.0
180.1,1.8,0.0,0.0,0.0
223.2,1.1,0.0,0.0,0.0
191.3,1.6,1.0,0.0,1.0
96.2,0.9,0.0,1.0,0.0
122.9,0.1,1.0,1.0,0.0
110.4,3.3,0.0,1.0,0.0
192.5,1.8,0.0,1.0,0.0
96.2,2.2,0.0,0.0,0.0
202.7,2.6,0.0,1.0,0.0
196.5,2.5,0.0,0.0,0.0
105.3,2.2,1.0,0.0,1.0
215.0,2.2,0.0,0.0,0.0
205.3,1.0,0.0,1.0,0.0
106.3,1.9,0.0,0.0,0.0
171.0,1.9,0.0,1.0,0.0
67.1,2.1,0.0,0.0,0.0
235.0,2.5,0.0,0.0,0.0
274.6,2.3,1.0,0.0,0.0
121.8,0.9,1.0,0.0,0.0
39.6,2.4,1.0,1.0,1.0
147.6,1.4,1.0,1.0,0.0
60.2,1.8,0.0,0.0,0.0
285.4,2.4,1.0,1.0,0.0
256.1,0.6,0.0,1.0,0.0
161.1,2.7,1.0,0.0,0.0
206.9,1.0,0.0,1.0,0.0
86.4,2.3,0.0,0.0,0.0
141.7,2.8,1.0,0.0,0.0
274.8,1.3,1.0,0.0,0.0
153.7,1.1,0.0,0.0,0.0
145.3,2.0,1.0,1.0,0.0
231.7,1.7,0.0,1.0,0.0
172.4,1.1,0.0,0.0,0.0
176.2,2.1,0.0,0.0,0.0
357.0,2.9,0.0,0.0,0.0
162.1,3.6,0.0,0.0,0.0
139.1,2.1,0.0,1.0,0.0
211.8,1.5,0.0,1.0,0.0
259.3,3.2,1.0,0.0,0.0
278.3,2.2,0.0,1.0,0.0
149.9,1.1,0.0,1.0,0.0
179.3,0.9,0.0,0.0,0.0
173.3,1.6,1.0,0.0,0.0
220.5,1.1,0.0,0.0,0.0
262.5,0.8,0.0,1.0,0.0
175.4,2.9,0.0,0.0,0.0
2.3,1.6,1.0,0.0,0.0
220.0,0.7,1.0,0.0,0.0
181.8,1.3,1.0,0.0,0.0
288.9,2.7,0.0,1.0,1.0
174.6,1.5,0.0,0.0,0.0
101.4,1.0,0.0,1.0,0.0
198.2,0.8,0.0,1.0,0.0
288.4,2.4,0.0,0.0,0.0
219.3,2.4,0.0,1.0,1.0
187.4,1.5,0.0,0.0,0.0
205.7,2.2,0.0,0.0,0.0
183.1,2.3,0.0,0.0,0.0
201.1,2.4,1.0,1.0,0.0
100.0,1.4,0.0,1.0,0.0
237.1,2.3,1.0,0.0,0.0
232.5,2.3,1.0,1.0,0.0
161.1,1.1,1.0,0.0,0.0
169.8,1.6,0.0,1.0,0.0
214.7,1.9,0.0,0.0,0.0
216.1,2.7,1.0,0.0,0.0
80.3,2.2,0.0,1.0,0.0
236.3,2.1,1.0,1.0,0.0
170.5,2.3,0.0,0.0,1.0
90.0,1.1,1.0,1.0,0.0
232.7,1.1,0.0,0.0,0.0
228.4,2.7,0.0,0.0,0.0
276.2,1.6,1.0,1.0,1.0
115.6,2.6,1.0,0.0,0.0
104.5,1.8,1.0,0.0,0.0
224.0,3.0,1.0,0.0,0.0
70.4,2.2,1.0,0.0,0.0
181.3,2.4,1.0,1.0,0.0
133.1,1.3,0.0,0.0,0.0
164.5,2.0,0.0,0.0,0.0
226.7,0.7,1.0,0.0,0.0
144.1,2.5,0.0,1.0,0.0
231.7,2.0,1.0,0.0,0.0
137.3,2.0,1.0,0.0,0.0
145.9,1.6,1.0,1.0,0.0
238.8,2.1,0.0,0.0,0.0
39.7,2.3,0.0,0.0,0.0
89.6,0.3,1.0,1.0,0.0
338.9,1.5,0.0,0.0,0.0
180.2,2.2,0.0,0.0,0.0
164.1,1.7,1.0,0.0,0.0
195.5,2.5,0.0,0.0,0.0
120.3,1.8,0.0,0.0,0.0
110.7,2.9,0.0,1.0,0.0
277.1,2.2,1.0,0.0,0.0
55.9,2.2,0.0,0.0,0.0
92.5,2.4,0.0,0.0,0.0
102.2,3.8,0.0,0.0,0.0
102.9,1.8,0.0,0.0,1.0
227.0,2.5,0.0,0.0,0.0
213.2,0.8,1.0,1.0,1.0
276.6,1.2,0.0,0.0,0.0
255.6,1.5,0.0,0.0,0.0
200.1,1.2,1.0,0.0,0.0
120.0,3.5,0.0,1.0,0.0
141.2,3.0,0.0,0.0,0.0
143.6,1.5,0.0,1.0,0.0
182.9,2.2,0.0,1.0,0.0
256.3,1.2,0.0,1.0,0.0
168.1,0.9,0.0,1.0,1.0
221.3,2.8,1.0,0.0,0.0
206.7,1.4,0.0,0.0,0.0
73.2,2.1,1.0,1.0,0.0
203.9,2.5,0.0,0.0,0.0
229.1,1.4,0.0,1.0,0.0
147.7,0.9,1.0,0.0,0.0
233.9,2.7,0.0,0.0,0.0
170.2,2.5,0.0,0.0,0.0
177.5,2.7,0.0,0.0,0.0
194.7,2.6,0.0,0.0,0.0
249.2,1.6,0.0,0.0,0.0
193.1,1.2,1.0,0.0,0.0
204.5,3.0,0.0,1.0,0.0
78.3,1.5,0.0,0.0,1.0
82.9,1.6,1.0,0.0,0.0
315.9,2.2,0.0,0.0,0.0
179.5,1.1,0.0,0.0,0.0
142.4,1.7,1.0,0.0,0.0
313.9,1.9,1.0,0.0,0.0
171.8,0.1,0.0,0.0,0.0
235.8,1.1,1.0,0.0,0.0
171.6,1.9,0.0,1.0,0.0
90.3,3.2,1.0,0.0,0.0
262.3,2.0,0.0,1.0,0.0
165.8,2.7,1.0,0.0,0.0
261.0,3.3,0.0,0.0,0.0
125.6,1.3,1.0,0.0,0.0
156.1,1.8,1.0,0.0,0.0
236.4,1.7,0.0,0.0,0.0
322.3,3.0,0.0,0.0,0.0
207.3,0.8,1.0,0.0,0.0
63.1,1.8,1.0,0.0,0.0
188.5,0.5,0.0,1.0,0.0
293.3,1.3,0.0,0.0,0.0
199.9,0.5,1.0,0.0,0.0
154.8,1.1,0.0,1.0,0.0
224.9,1.3,1.0,0.0,0.0
164.0,1.4,1.0,0.0,0.0
176.8,1.5,0.0,1.0,0.0
39.9,2.3,1.0,0.0,0.0
170.7,2.6,0.0,0.0,0.0
231.5,2.9,0.0,0.0,0.0
41.2,2.1,0.0,0.0,0.0
68.1,2.6,1.0,0.0,0.0
129.0,2.0,0.0,0.0,0.0
151.9,2.2,0.0,0.0,0.0
178.2,3.0,0.0,0.0,0.0
214.1,1.5,0.0,0.0,0.0
133.2,1.6,1.0,0.0,0.0
179.0,0.5,0.0,1.0,0.0
222.8,2.2,0.0,1.0,0.0
213.7,2.2,0.0,0.0,0.0
118.5,0.5,0.0,0.0,0.0
161.0,2.0,1.0,1.0,0.0
162.5,1.7,1.0,1.0,0.0
89.6,1.8,1.0,0.0,0.0
186.9,0.4,0.0,1.0,0.0
171.4,2.8,0.0,1.0,0.0
149.5,3.5,0.0,1.0,0.0
244.4,1.9,0.0,0.0,0.0
164.3,2.2,1.0,0.0,0.0
249.8,2.6,0.0,0.0,0.0
132.7,3.7,1.0,1.0,0.0
130.2,1.8,0.0,0.0,0.0
197.3,1.3,1.0,1.0,0.0
160.2,1.9,0.0,1.0,0.0
225.6,0.3,0.0,0.0,0.0
60.1,1.9,0.0,0.0,0.0
234.9,2.9,1.0,0.0,0.0
104.5,2.1,0.0,1.0,0.0
137.2,1.9,1.0,0.0,0.0
179.8,2.4,0.0,1.0,0.0
293.5,2.5,1.0,1.0,1.0
226.8,1.6,1.0,1.0,1.0
103.8,3.0,0.0,0.0,0.0
208.1,2.2,0.0,0.0,1.0
232.2,2.5,0.0,1.0,0.0
108.1,3.1,0.0,1.0,0.0
256.3,2.5,0.0,0.0,0.0
130.4,2.3,1.0,0.0,0.0
139.4,1.7,0.0,0.0,0.0
166.7,1.5,1.0,0.0,0.0
187.7,1.0,1.0,1.0,0.0
132.0,2.8,1.0,0.0,0.0
225.1,2.2,1.0,0.0,0.0
183.4,2.6,1.0,0.0,0.0
137.2,0.8,0.0,0.0,0.0
135.9,1.0,0.0,0.0,0.0
230.3,2.8,1.0,1.0,0.0
302.0,1.8,0.0,1.0,0.0
185.4,2.0,1.0,0.0,0.0
171.5,2.2,0.0,1.0,0.0
250.1,1.9,0.0,0.0,0.0
232.4,2.7,0.0,1.0,0.0
277.8,2.5,1.0,1.0,0.0
312.3,2.5,0.0,0.0,0.0
143.2,1.4,1.0,1.0,0.0
166.8,1.7,1.0,0.0,0.0
263.9,1.9,0.0,0.0,0.0
133.4,1.0,1.0,0.0,0.0
234.1,2.7,0.0,0.0,0.0
162.5,1.2,0.0,0.0,0.0
235.9,1.0,0.0,1.0,0.0
131.4,2.0,0.0,1.0,0.0
128.7,1.4,1.0,1.0,0.0
207.3,1.8,1.0,0.0,0.0
175.8,1.4,1.0,1.0,0.0
133.6,3.0,0.0,0.0,0.0
201.0,1.8,1.0,0.0,0.0
68.6,1.5,0.0,0.0,0.0
292.9,1.8,0.0,0.0,0.0
303.9,1.8,0.0,0.0,0.0
223.1,3.0,0.0,0.0,0.0
105.2,2.1,1.0,1.0,0.0
227.7,3.0,1.0,0.0,0.0
145.7,2.1,0.0,1.0,0.0
259.2,1.6,1.0,1.0,0.0
204.9,1.6,0.0,0.0,0.0
185.6,1.3,0.0,0.0,0.0
200.6,2.0,0.0,1.0,0.0
66.5,1.9,0.0,0.0,0.0
196.6,2.6,1.0,0.0,0.0
157.0,2.3,0.0,0.0,0.0
79.2,2.1,1.0,1.0,0.0
167.2,1.8,0.0,1.0,0.0
137.1,0.7,0.0,1.0,1.0
180.2,0.8,1.0,0.0,0.0
234.9,0.2,1.0,0.0,0.0
44.3,3.3,1.0,1.0,0.0
213.0,1.8,0.0,0.0,0.0
145.7,1.4,0.0,0.0,0.0
130.8,2.5,1.0,0.0,0.0
168.8,2.4,0.0,0.0,0.0
142.0,3.4,0.0,0.0,0.0
233.4,2.7,1.0,0.0,0.0
241.9,2.1,0.0,0.0,0.0
306.8,2.6,1.0,1.0,1.0
255.4,0.6,1.0,0.0,0.0
163.6,1.6,0.0,0.0,0.0
188.2,2.4,1.0,1.0,0.0
224.0,1.8,1.0,0.0,0.0
174.1,1.9,1.0,0.0,0.0
177.4,1.9,1.0,0.0,0.0
256.7,2.0,0.0,0.0,0.0
220.4,1.6,0.0,0.0,0.0
202.0,2.0,1.0,0.0,0.0
158.1,1.6,0.0,0.0,0.0
230.3,1.4,1.0,1.0,1.0
233.5,1.6,1.0,1.0,0.0
153.4,2.0,1.0,0.0,0.0
163.3,2.3,1.0,0.0,0.0
233.4,1.2,1.0,0.0,0.0
200.3,2.2,1.0,0.0,0.0
45.8,2.9,1.0,0.0,0.0
131.4,2.4,1.0,0.0,0.0
188.0,1.1,0.0,1.0,0.0
136.8,2.8,1.0,1.0,1.0
245.7,2.2,1.0,0.0,0.0
54.7,1.9,1.0,0.0,0.0
193.4,2.7,1.0,1.0,1.0
219.7,3.3,0.0,0.0,0.0
201.1,2.8,0.0,1.0,0.0
106.1,2.1,0.0,1.0,0.0
165.1,2.5,0.0,1.0,0.0
220.2,1.6,1.0,1.0,0.0
98.1,2.1,1.0,1.0,0.0
123.3,2.7,1.0,1.0,0.0
163.0,2.2,0.0,1.0,0.0
146.5,2.3,0.0,0.0,0.0
273.3,2.3,0.0,0.0,1.0
261.7,1.9,1.0,1.0,0.0
241.3,1.5,1.0,0.0,0.0
248.3,2.0,0.0,1.0,0.0
176.2,1.2,0.0,0.0,0.0
188.7,2.6,1.0,0.0,0.0
222.9,3.0,0.0,0.0,0.0
209.3,1.4,0.0,0.0,0.0
159.3,1.3,0.0,0.0,0.0
182.0,1.9,0.0,1.0,0.0
161.3,2.2,0.0,0.0,0.0
230.8,1.4,1.0,0.0,0.0
186.8,2.8,0.0,1.0,0.0
162.3,1.4,0.0,1.0,0.0
120.0,1.3,0.0,0.0,0.0
277.3,1.8,0.0,0.0,0.0
74.2,2.1,0.0,1.0,0.0
151.1,1.7,1.0,1.0,0.0
76.3,2.0,0.0,1.0,0.0
104.5,4.0,1.0,0.0,1.0
159.9,3.0,1.0,0.0,0.0
262.4,1.9,1.0,1.0,0.0
209.8,3.0,1.0,0.0,0.0
47.8,1.5,1.0,1.0,0.0
161.2,1.1,0.0,1.0,0.0
150.2,2.1,0.0,1.0,0.0
98.0,1.3,0.0,0.0,0.0
79.2,1.9,1.0,1.0,0.0
233.8,2.3,1.0,0.0,0.0
188.9,2.2,0.0,1.0,0.0
81.3,2.6,1.0,1.0,0.0
353.8,1.7,1.0,0.0,0.0
77.3,2.2,1.0,0.0,0.0
305.9,2.5,0.0,0.0,0.0
188.7,1.6,0.0,1.0,0.0
150.6,2.5,0.0,0.0,1.0
242.0,2.1,0.0,0.0,0.0
243.2,2.1,1.0,1.0,1.0
71.8,2.4,0.0,0.0,0.0
151.1,1.6,0.0,0.0,0.0
144.1,2.0,0.0,1.0,0.0
139.7,2.0,1.0,1.0,0.0
161.7,1.9,0.0,0.0,0.0
151.0,0.7,1.0,1.0,0.0
161.0,1.6,0.0,1.0,0.0
143.9,2.2,0.0,0.0,0.0
212.7,2.5,0.0,0.0,0.0
94.6,2.6,1.0,0.0,0.0
134.0,2.2,0.0,0.0,0.0
288.2,1.9,0.0,1.0,0.0
307.4,0.8,1.0,0.0,0.0
24.0,1.5,0.0,0.0,0.0
78.6,1.9,1.0,0.0,0.0
80.2,2.8,1.0,1.0,0.0
268.5,0.9,0.0,0.0,0.0
178.5,0.3,0.0,1.0,0.0
131.6,2.9,0.0,1.0,0.0
119.8,0.2,0.0,0.0,0.0
274.3,0.4,1.0,0.0,0.0
207.3,1.7,0.0,0.0,0.0
94.2,2.0,0.0,0.0,1.0
141.6,3.4,1.0,1.0,0.0
231.1,0.8,0.0,0.0,0.0
179.1,2.4,0.0,1.0,0.0
287.8,3.2,1.0,0.0,0.0
199.2,2.2,1.0,0.0,0.0
176.3,4.7,0.0,1.0,1.0
213.2,1.8,1.0,1.0,0.0
239.2,2.6,1.0,1.0,0.0
176.9,1.7,0.0,0.0,0.0
165.7,2.5,0.0,1.0,0.0
242.7,0.9,0.0,0.0,0.0
230.0,1.9,0.0,0.0,0.0
182.5,3.7,0.0,1.0,1.0
276.3,2.5,0.0,0.0,0.0
204.2,3.2,1.0,1.0,0.0
268.7,1.8,1.0,1.0,0.0
90.7,3.8,0.0,0.0,0.0
178.6,1.6,0.0,1.0,0.0
1.2,3.2,0.0,1.0,0.0
110.9,1.6,1.0,1.0,0.0
112.8,2.9,1.0,1.0,0.0
225.0,2.2,1.0,1.0,0.0
148.0,3.1,1.0,1.0,1.0
187.3,3.0,0.0,0.0,1.0
232.1,2.8,0.0,1.0,1.0
216.7,2.6,0.0,1.0,0.0
214.2,2.5,0.0,0.0,0.0
85.8,1.8,0.0,0.0,0.0
241.1,4.0,0.0,1.0,1.0
150.8,1.9,0.0,1.0,0.0
126.9,1.9,0.0,1.0,0.0
193.3,1.3,1.0,1.0,1.0
127.2,1.6,1.0,1.0,0.0
196.7,1.8,0.0,0.0,0.0
159.1,2.1,0.0,1.0,0.0
132.3,2.6,1.0,0.0,0.0
278.4,0.9,0.0,1.0,0.0
114.6,2.7,0.0,0.0,0.0
166.8,2.0,0.0,0.0,0.0
184.7,2.9,0.0,1.0,0.0
318.2,2.9,1.0,0.0,0.0
151.5,3.8,1.0,0.0,0.0
190.7,0.2,0.0,1.0,0.0
189.0,0.9,0.0,0.0,0.0
87.0,1.9,0.0,0.0,0.0
161.6,1.9,0.0,1.0,0.0
110.2,3.6,0.0,0.0,0.0
189.2,2.8,0.0,0.0,1.0
198.3,2.3,1.0,0.0,0.0
192.3,2.2,1.0,0.0,0.0
260.2,2.2,0.0,0.0,0.0
66.0,2.6,1.0,0.0,0.0
137.7,2.3,0.0,1.0,0.0
180.2,1.3,1.0,0.0,0.0
153.2,0.9,1.0,0.0,0.0
260.1,2.2,1.0,0.0,0.0
150.7,1.0,0.0,1.0,0.0
97.6,2.3,0.0,1.0,0.0
194.5,1.9,0.0,0.0,0.0
39.9,2.0,0.0,1.0,0.0
206.4,1.8,0.0,1.0,0.0
143.4,2.2,1.0,0.0,0.0
161.7,2.0,0.0,0.0,0.0
149.6,1.9,1.0,0.0,0.0
85.0,2.4,1.0,1.0,0.0
195.8,1.1,1.0,0.0,0.0
105.2,2.0,0.0,1.0,0.0
122.7,4.1,1.0,0.0,0.0
153.6,2.6,0.0,0.0,0.0
263.7,2.5,1.0,1.0,0.0
200.2,1.6,0.0,0.0,1.0
183.5,1.6,0.0,1.0,0.0
239.1,2.9,1.0,1.0,1.0
284.4,3.1,1.0,0.0,0.0
123.1,1.0,0.0,1.0,0.0
229.7,0.6,0.0,1.0,0.0
255.7,2.5,0.0,0.0,0.0
81.1,1.0,1.0,0.0,0.0
127.2,3.7,0.0,1.0,0.0
167.6,2.4,1.0,0.0,0.0
189.9,1.9,1.0,1.0,0.0
226.0,1.5,1.0,1.0,0.0
40.6,2.6,0.0,0.0,0.0
98.3,2.3,0.0,1.0,0.0
217.2,1.2,1.0,0.0,0.0
171.8,2.5,0.0,0.0,0.0
168.0,1.3,0.0,0.0,0.0
217.5,3.6,0.0,1.0,0.0
199.5,1.8,0.0,0.0,0.0
71.6,1.0,0.0,0.0,1.0
199.6,2.1,1.0,0.0,0.0
187.9,2.7,0.0,1.0,0.0
189.9,1.5,0.0,0.0,0.0
304.6,1.9,1.0,0.0,0.0
153.8,1.9,0.0,0.0,0.0
-18.4,3.6,1.0,0.0,0.0
195.8,1.9,0.0,0.0,1.0
116.1,2.6,0.0,1.0,0.0
232.9,1.3,0.0,0.0,0.0
59.7,2.3,0.0,0.0,0.0
188.1,1.4,1.0,0.0,0.0
158.7,1.7,1.0,0.0,0.0
205.3,1.0,0.0,0.0,0.0
150.3,1.6,1.0,0.0,0.0
249.8,2.9,0.0,0.0,0.0
272.1,2.4,1.0,1.0,0.0
258.9,3.6,1.0,0.0,1.0
124.9,1.4,0.0,1.0,0.0
147.3,2.0,0.0,1.0,0.0
222.6,2.1,0.0,0.0,0.0
141.5,3.1,0.0,1.0,0.0
155.0,1.1,0.0,0.0,0.0
148.0,1.7,0.0,0.0,0.0
227.6,3.2,0.0,0.0,0.0
270.4,2.0,0.0,0.0,0.0
222.6,1.4,0.0,1.0,0.0
166.4,1.7,0.0,0.0,0.0
126.2,0.7,1.0,1.0,0.0
185.3,0.8,1.0,0.0,0.0
200.5,1.9,1.0,0.0,0.0
137.8,3.3,0.0,1.0,0.0
106.5,2.2,1.0,1.0,1.0
246.8,2.1,0.0,0.0,0.0
162.0,0.5,1.0,1.0,0.0
167.9,1.3,0.0,1.0,0.0
233.1,1.9,1.0,1.0,0.0
150.4,2.4,0.0,0.0,0.0
186.4,1.5,1.0,0.0,0.0
157.4,2.2,0.0,0.0,0.0
157.2,2.1,1.0,1.0,0.0
155.4,1.7,0.0,1.0,0.0
248.0,1.7,0.0,1.0,0.0
166.0,3.3,0.0,0.0,0.0
72.8,2.1,0.0,1.0,0.0
-9.2,3.2,0.0,0.0,0.0
278.6,3.0,0.0,1.0,1.0
170.2,2.7,0.0,0.0,0.0
111.8,3.4,0.0,1.0,0.0
186.8,0.9,0.0,1.0,0.0
134.9,0.9,1.0,0.0,0.0
124.5,3.1,1.0,1.0,0.0
142.9,1.1,0.0,0.0,0.0
243.8,1.4,0.0,0.0,0.0
199.9,1.9,0.0,0.0,0.0
27.7,2.2,1.0,0.0,0.0
198.3,3.8,1.0,1.0,1.0
233.6,2.4,0.0,1.0,1.0
204.6,1.6,1.0,1.0,0.0
193.5,1.6,0.0,1.0,0.0
296.0,2.4,0.0,1.0,0.0
122.0,3.7,0.0,0.0,0.0
299.2,2.8,1.0,1.0,0.0
170.6,2.0,1.0,0.0,0.0
166.8,1.6,0.0,1.0,0.0
115.7,2.4,1.0,1.0,0.0
220.2,1.7,1.0,0.0,0.0
123.9,2.3,0.0,0.0,0.0
180.0,3.7,1.0,0.0,0.0
93.0,2.3,0.0,0.0,1.0
320.1,2.6,0.0,0.0,0.0
142.7,1.7,1.0,1.0,0.0
132.3,1.9,1.0,0.0,0.0
105.8,1.8,0.0,0.0,0.0
184.0,0.2,0.0,1.0,0.0
202.8,1.1,0.0,1.0,0.0
174.9,1.6,0.0,0.0,0.0
169.4,2.9,0.0,0.0,0.0
144.9,1.1,1.0,1.0,0.0
288.4,2.8,0.0,1.0,0.0
177.3,0.7,0.0,1.0,0.0
131.4,1.0,0.0,0.0,0.0
74.9,1.8,1.0,1.0,0.0
213.8,2.5,1.0,0.0,0.0
202.9,2.7,1.0,1.0,0.0
130.6,1.0,1.0,0.0,0.0
197.3,2.2,0.0,0.0,0.0
213.9,2.1,0.0,0.0,0.0
192.9,2.6,0.0,0.0,0.0
163.1,2.1,1.0,0.0,0.0
268.4,4.0,1.0,0.0,0.0
150.8,1.2,1.0,1.0,0.0
186.9,0.3,1.0,0.0,0.0
13.0,2.0,0.0,0.0,0.0
180.4,2.9,0.0,0.0,0.0
170.3,2.1,1.0,1.0,0.0
70.5,1.8,1.0,1.0,0.0
177.0,3.6,1.0,0.0,0.0
160.7,2.1,0.0,0.0,0.0
202.7,0.0,0.0,1.0,0.0
216.2,1.9,0.0,0.0,0.0
221.1,2.7,1.0,1.0,0.0
158.1,2.2,0.0,1.0,0.0
210.7,1.1,1.0,0.0,0.0
48.0,1.8,1.0,1.0,0.0
185.1,2.1,0.0,1.0,0.0
217.5,1.9,0.0,0.0,0.0
169.0,3.1,0.0,0.0,0.0
302.5,2.3,1.0,0.0,0.0
158.4,2.0,0.0,0.0,0.0
207.1,3.2,0.0,1.0,0.0
77.6,1.5,0.0,0.0,0.0
294.0,0.2,0.0,0.0,0.0
170.5,0.2,0.0,1.0,0.0
97.1,1.2,0.0,0.0,0.0
137.3,2.4,1.0,0.0,0.0
106.7,1.3,1.0,0.0,0.0
285.9,1.3,1.0,0.0,0.0
241.1,2.4,0.0,0.0,0.0
153.6,1.4,0.0,0.0,0.0
213.1,3.3,0.0,1.0,1.0
246.0,1.7,0.0,0.0,0.0
175.0,2.0,0.0,0.0,0.0
255.2,1.6,1.0,1.0,1.0
92.3,2.3,0.0,1.0,0.0
140.7,2.3,1.0,0.0,0.0
151.1,1.8,0.0,0.0,0.0
97.7,1.1,1.0,0.0,0.0
247.0,2.4,0.0,0.0,0.0
14.7,2.3,1.0,0.0,0.0
212.1,1.6,0.0,0.0,0.0
300.4,3.5,1.0,1.0,1.0
212.7,2.4,0.0,1.0,0.0
169.3,2.1,0.0,1.0,0.0
142.9,2.3,0.0,0.0,0.0
94.1,3.0,0.0,0.0,0.0
223.0,2.6,1.0,1.0,1.0
224.8,2.0,0.0,0.0,0.0
275.3,2.0,0.0,0.0,0.0
196.0,2.8,0.0,0.0,0.0
29.4,2.5,0.0,1.0,0.0
196.8,2.6,0.0,1.0,1.0
168.7,1.1,1.0,0.0,0.0
176.7,1.6,1.0,1.0,0.0
164.9,1.5,1.0,0.0,0.0
216.7,1.7,0.0,1.0,0.0
116.6,2.6,1.0,0.0,0.0
199.7,2.1,0.0,0.0,0.0
207.8,0.6,1.0,1.0,0.0
233.6,2.0,0.0,0.0,0.0
127.4,2.1,1.0,0.0,0.0
295.0,1.4,1.0,0.0,0.0
217.5,3.1,0.0,0.0,0.0
437.7,1.6,0.0,1.0,1.0
243.6,0.3,1.0,0.0,0.0
190.6,1.7,0.0,0.0,0.0
186.0,2.8,1.0,0.0,0.0
227.4,1.1,1.0,0.0,0.0
185.7,1.1,0.0,0.0,0.0
340.4,2.8,1.0,1.0,0.0
199.8,2.2,1.0,0.0,0.0
170.0,2.6,0.0,0.0,0.0
40.4,0.9,1.0,1.0,0.0
323.3,2.4,0.0,1.0,1.0
326.5,1.4,1.0,1.0,0.0
193.0,2.4,0.0,0.0,0.0
182.9,3.2,0.0,1.0,0.0
153.7,1.6,1.0,1.0,0.0
202.7,0.6,0.0,0.0,0.0
13.1,2.7,1.0,0.0,0.0
21.1,1.9,1.0,0.0,0.0
131.5,2.5,1.0,1.0,0.0
119.7,0.6,1.0,1.0,0.0
231.7,2.1,1.0,0.0,0.0
223.3,2.3,1.0,1.0,0.0
9.3,2.3,0.0,0.0,0.0
194.9,2.1,0.0,1.0,0.0
143.0,0.9,0.0,1.0,0.0
139.4,1.7,1.0,0.0,0.0
193.6,1.3,1.0,1.0,0.0
279.5,2.2,0.0,1.0,0.0
163.2,1.2,1.0,0.0,0.0
250.0,1.4,1.0,0.0,0.0
116.5,1.7,1.0,1.0,0.0
178.3,0.4,0.0,0.0,0.0
157.5,1.7,0.0,1.0,0.0
228.9,3.5,0.0,0.0,0.0
210.9,3.5,0.0,0.0,0.0
108.5,3.0,0.0,0.0,0.0
99.0,1.3,1.0,0.0,0.0
171.2,2.6,0.0,0.0,0.0
146.3,2.4,1.0,0.0,0.0
208.5,2.4,1.0,0.0,0.0
240.8,3.5,1.0,0.0,0.0
220.7,0.5,0.0,1.0,0.0
153.1,1.0,0.0,0.0,0.0
192.4,2.5,1.0,1.0,0.0
73.7,0.7,0.0,1.0,0.0
173.6,1.8,1.0,1.0,0.0
303.1,2.2,0.0,1.0,0.0
136.9,1.2,0.0,0.0,0.0
183.4,1.1,1.0,0.0,0.0
65.1,1.6,0.0,0.0,0.0
268.3,3.6,0.0,0.0,1.0
305.4,2.1,0.0,1.0,0.0
159.1,1.2,0.0,0.0,0.0
197.0,3.2,0.0,1.0,0.0
154.1,1.8,1.0,0.0,0.0
70.5,0.4,0.0,1.0,0.0
221.5,2.0,1.0,0.0,0.0
39.0,2.2,1.0,0.0,0.0
304.6,2.0,1.0,1.0,0.0
181.3,4.0,1.0,0.0,0.0
144.7,1.3,1.0,0.0,0.0
151.6,1.9,1.0,0.0,0.0
201.1,3.2,0.0,0.0,0.0
145.0,0.2,1.0,0.0,0.0
103.8,2.3,0.0,0.0,0.0
212.8,1.6,0.0,0.0,0.0
260.6,2.1,0.0,0.0,0.0
294.3,2.7,0.0,0.0,0.0
259.8,2.1,1.0,1.0,0.0
118.9,3.0,0.0,1.0,0.0
142.3,1.1,0.0,1.0,0.0
158.1,2.1,0.0,0.0,0.0
138.2,2.6,1.0,0.0,0.0
268.8,2.9,0.0,1.0,0.0
179.8,2.3,0.0,0.0,0.0
283.7,1.0,0.0,0.0,1.0
132.5,2.1,1.0,0.0,0.0
236.2,2.3,0.0,1.0,0.0
189.0,2.2,0.0,0.0,0.0
176.8,1.7,1.0,1.0,0.0
108.1,2.2,1.0,0.0,0.0
157.0,2.0,0.0,0.0,0.0
242.7,2.2,1.0,1.0,0.0
156.7,2.5,1.0,0.0,1.0
173.7,3.5,0.0,0.0,0.0
140.3,3.4,0.0,1.0,0.0
216.1,2.3,1.0,0.0,0.0
220.2,1.9,0.0,1.0,0.0
177.5,2.2,0.0,1.0,0.0
165.4,2.3,0.0,0.0,0.0
187.3,2.9,1.0,0.0,0.0
309.1,3.6,0.0,1.0,1.0
157.0,2.1,0.0,1.0,0.0
81.0,1.6,0.0,1.0,0.0
190.2,1.9,0.0,1.0,0.0
267.1,2.1,1.0,1.0,0.0
203.7,2.3,0.0,0.0,0.0
71.9,0.0,1.0,1.0,0.0
262.3,1.5,0.0,0.0,0.0
155.9,1.6,1.0,0.0,0.0
178.7,1.1,0.0,0.0,0.0
203.8,1.6,1.0,0.0,0.0
182.4,2.2,0.0,1.0,0.0
187.8,2.2,0.0,0.0,0.0
214.6,2.0,1.0,0.0,0.0
225.5,2.3,0.0,1.0,0.0
244.8,2.2,0.0,0.0,0.0
98.9,1.9,0.0,0.0,0.0
87.1,1.4,1.0,1.0,0.0
247.7,1.7,1.0,0.0,0.0
237.5,1.6,0.0,1.0,0.0
137.6,2.0,0.0,0.0,0.0
199.8,1.9,1.0,1.0,0.0
67.8,1.8,1.0,0.0,0.0
134.1,1.0,0.0,0.0,0.0
208.7,1.4,0.0,1.0,0.0
195.6,2.6,1.0,1.0,0.0
213.5,2.7,1.0,1.0,0.0
161.8,3.4,1.0,1.0,0.0
102.6,0.9,0.0,0.0,0.0
206.2,1.6,0.0,1.0,0.0
122.4,2.1,1.0,0.0,0.0
104.4,2.7,0.0,1.0,0.0
206.6,2.8,0.0,0.0,0.0
211.2,2.3,0.0,0.0,0.0
126.4,1.8,1.0,0.0,0.0
253.9,1.7,0.0,0.0,0.0
89.9,2.3,1.0,1.0,0.0
178.6,1.0,0.0,0.0,0.0
215.7,1.5,1.0,0.0,0.0
259.5,0.8,0.0,1.0,0.0
56.8,1.3,1.0,0.0,0.0
89.8,1.2,0.0,1.0,0.0
202.8,1.5,1.0,1.0,0.0
284.9,1.9,0.0,1.0,0.0
246.7,1.5,0.0,0.0,0.0
156.6,1.3,1.0,1.0,0.0
81.9,1.5,0.0,0.0,0.0
139.6,1.6,0.0,0.0,0.0
146.4,1.6,1.0,0.0,0.0
159.5,1.9,1.0,1.0,0.0
239.9,3.6,1.0,0.0,0.0
104.9,3.3,1.0,0.0,0.0
142.8,3.5,0.0,0.0,0.0
190.2,2.1,0.0,0.0,0.0
322.9,3.0,0.0,1.0,1.0
241.5,1.9,0.0,0.0,0.0
237.8,1.9,1.0,1.0,0.0
323.3,2.9,1.0,1.0,1.0
142.3,1.4,1.0,1.0,0.0
214.1,2.5,0.0,0.0,0.0
241.2,1.1,0.0,0.0,0.0
237.0,1.0,0.0,0.0,0.0
152.6,2.8,1.0,0.0,0.0
237.4,1.5,1.0,0.0,0.0
109.9,1.7,0.0,0.0,0.0
130.7,2.8,1.0,0.0,0.0
349.9,3.9,1.0,1.0,1.0
107.9,1.9,0.0,0.0,0.0
92.2,1.0,0.0,1.0,0.0
172.3,3.0,1.0,0.0,0.0
257.1,2.5,0.0,0.0,0.0
216.8,1.8,0.0,1.0,0.0
174.0,1.8,0.0,0.0,0.0
211.8,3.1,1.0,0.0,0.0
157.2,3.8,1.0,0.0,0.0
176.1,1.3,0.0,0.0,0.0
217.0,1.1,0.0,0.0,0.0
180.2,4.2,1.0,1.0,0.0
172.6,2.4,1.0,0.0,0.0
211.7,1.6,0.0,0.0,0.0
240.4,2.1,0.0,1.0,0.0
147.3,2.3,0.0,1.0,0.0
283.9,1.7,0.0,0.0,0.0
92.3,3.1,1.0,0.0,0.0
146.8,2.8,1.0,0.0,0.0
162.0,1.4,0.0,1.0,1.0
316.2,3.2,1.0,1.0,1.0
111.6,2.2,1.0,0.0,0.0
123.9,2.7,0.0,1.0,0.0
280.5,0.0,0.0,1.0,0.0
179.8,1.8,0.0,1.0,0.0
198.3,1.6,1.0,1.0,0.0
273.3,1.3,1.0,0.0,0.0
220.7,2.3,0.0,0.0,0.0
278.7,2.1,1.0,1.0,0.0
158.9,1.8,1.0,1.0,0.0
181.7,2.7,0.0,1.0,0.0
76.8,1.6,1.0,1.0,0.0
185.3,2.1,0.0,0.0,0.0
127.7,0.0,0.0,0.0,0.0
63.7,0.8,1.0,1.0,0.0
216.5,2.0,0.0,0.0,1.0
150.0,2.5,1.0,1.0,0.0
310.9,1.6,0.0,0.0,0.0
177.7,2.2,1.0,0.0,0.0
145.3,0.9,0.0,1.0,0.0
226.2,2.1,0.0,0.0,0.0
198.6,2.1,1.0,0.0,0.0
202.6,3.0,0.0,1.0,1.0
189.3,2.4,0.0,0.0,0.0
253.4,1.0,0.0,1.0,0.0
187.1,3.3,1.0,1.0,0.0
211.9,2.0,0.0,0.0,0.0
242.1,3.3,0.0,1.0,1.0
143.8,1.8,0.0,0.0,0.0
234.2,2.0,1.0,0.0,0.0
147.1,2.1,0.0,0.0,0.0
161.1,2.8,0.0,0.0,0.0
247.3,2.5,0.0,0.0,0.0
131.4,1.9,0.0,0.0,0.0
140.6,2.1,0.0,0.0,0.0
173.4,1.1,1.0,1.0,0.0
295.6,2.0,1.0,0.0,0.0
233.1,1.8,0.0,1.0,0.0
208.7,1.9,0.0,1.0,0.0
125.2,1.6,1.0,0.0,0.0
27.7,1.6,1.0,0.0,0.0
145.9,2.7,1.0,0.0,0.0
171.9,3.2,1.0,1.0,0.0
152.4,1.8,1.0,1.0,0.0
173.7,1.7,0.0,0.0,0.0
196.3,3.8,1.0,1.0,1.0
77.0,1.3,0.0,0.0,1.0
114.2,2.1,0.0,0.0,1.0
253.0,0.4,1.0,1.0,1.0
206.8,2.0,0.0,0.0,0.0
155.1,0.8,0.0,0.0,0.0
149.5,1.8,0.0,1.0,0.0
71.7,3.6,0.0,0.0,0.0
228.5,1.4,0.0,0.0,0.0
157.3,2.0,0.0,0.0,0.0
163.7,2.4,1.0,0.0,0.0
190.2,2.3,0.0,1.0,0.0
187.7,1.2,0.0,0.0,0.0
196.0,2.9,0.0,0.0,0.0
168.2,1.8,0.0,0.0,0.0
228.7,2.3,0.0,0.0,0.0
191.3,0.2,1.0,0.0,0.0
183.8,0.5,0.0,1.0,0.0
166.0,2.3,0.0,1.0,0.0
158.5,1.3,1.0,0.0,0.0
228.8,0.9,0.0,0.0,0.0
277.9,3.2,1.0,0.0,0.0
138.0,1.7,0.0,0.0,0.0
134.5,1.9,0.0,0.0,0.0
270.6,2.3,1.0,1.0,0.0
268.9,3.8,1.0,0.0,1.0
59.2,2.3,1.0,1.0,0.0
217.5,2.1,0.0,1.0,0.0
68.5,1.2,1.0,0.0,0.0
128.4,1.6,0.0,0.0,0.0
165.4,2.4,0.0,0.0,1.0
147.6,1.8,0.0,0.0,0.0
149.2,1.9,0.0,0.0,0.0
248.3,2.0,1.0,1.0,1.0
70.2,1.8,1.0,1.0,0.0
276.4,1.7,0.0,0.0,0.0
383.7,2.1,1.0,0.0,0.0
162.8,2.4,0.0,1.0,0.0
134.6,1.6,1.0,0.0,0.0
113.0,2.6,0.0,0.0,0.0
175.4,2.2,1.0,1.0,0.0
205.7,1.9,0.0,0.0,0.0
146.4,0.5,1.0,0.0,0.0
161.3,0.9,1.0,0.0,0.0
52.0,2.0,0.0,0.0,0.0
105.5,3.5,0.0,1.0,0.0
265.9,0.5,1.0,1.0,0.0
198.5,0.7,0.0,1.0,0.0
212.5,0.9,0.0,0.0,0.0
261.9,2.2,0.0,0.0,0.0
219.0,1.1,0.0,0.0,0.0
151.3,2.8,0.0,0.0,0.0
264.0,3.3,0.0,0.0,0.0
210.4,2.3,1.0,1.0,0.0
135.8,2.0,0.0,0.0,0.0
200.8,1.9,1.0,0.0,0.0
96.4,1.0,0.0,1.0,0.0
186.0,1.0,1.0,0.0,0.0
109.8,1.8,0.0,0.0,0.0
223.7,2.7,0.0,0.0,1.0
72.6,1.9,0.0,0.0,0.0
147.6,1.9,0.0,0.0,0.0
158.5,2.3,1.0,0.0,0.0
185.2,1.0,0.0,0.0,0.0
14.9,2.2,0.0,0.0,0.0
206.7,2.8,1.0,1.0,0.0
151.1,2.1,0.0,0.0,0.0
281.7,1.1,1.0,0.0,0.0
192.5,1.7,0.0,0.0,0.0
186.8,3.1,0.0,0.0,0.0
126.6,1.5,1.0,0.0,0.0
190.8,2.0,1.0,0.0,0.0
126.2,1.8,0.0,1.0,0.0
291.0,3.9,1.0,0.0,1.0
159.8,3.3,1.0,0.0,0.0
228.9,1.6,0.0,0.0,0.0
198.4,2.8,0.0,0.0,0.0
209.1,2.4,0.0,1.0,0.0
201.4,2.6,0.0,0.0,0.0
236.9,1.1,1.0,1.0,0.0
207.3,1.4,0.0,1.0,1.0
138.8,0.6,0.0,0.0,0.0
348.0,1.7,1.0,0.0,0.0
130.4,1.9,0.0,1.0,0.0
201.0,2.8,1.0,0.0,0.0
187.2,1.6,1.0,0.0,0.0
180.5,1.5,1.0,0.0,0.0
166.4,1.9,0.0,0.0,0.0
223.8,2.0,1.0,0.0,0.0
178.1,1.8,0.0,0.0,0.0
192.7,1.3,1.0,1.0,0.0
201.6,1.9,0.0,1.0,0.0
207.9,1.5,0.0,0.0,0.0
93.5,2.3,1.0,1.0,0.0
200.5,2.4,1.0,1.0,0.0
160.1,2.5,1.0,1.0,0.0
125.9,2.2,1.0,0.0,0.0
124.2,2.7,0.0,1.0,0.0
149.0,1.7,1.0,0.0,1.0
228.4,2.0,0.0,1.0,0.0
163.6,2.2,0.0,0.0,0.0
205.6,2.2,1.0,0.0,0.0
154.0,3.2,0.0,0.0,1.0
172.2,3.6,1.0,1.0,0.0
99.2,2.6,0.0,1.0,0.0
189.5,1.9,0.0,1.0,0.0
163.6,2.2,0.0,0.0,0.0
171.9,2.1,0.0,0.0,0.0
214.3,2.8,0.0,0.0,0.0
205.4,0.7,1.0,0.0,0.0
242.1,3.5,1.0,0.0,0.0
182.3,2.5,1.0,1.0,0.0
143.2,0.7,1.0,1.0,0.0
128.9,3.5,0.0,1.0,0.0
326.5,3.1,0.0,0.0,1.0
97.6,2.1,1.0,0.0,0.0
247.2,1.9,1.0,1.0,0.0
234.4,0.9,0.0,0.0,0.0
190.5,2.7,0.0,0.0,1.0
234.4,1.4,0.0,1.0,0.0
46.6,2.7,0.0,0.0,1.0
216.7,0.0,0.0,0.0,0.0
207.1,3.3,1.0,0.0,0.0
106.5,2.1,1.0,1.0,0.0
126.1,1.9,1.0,1.0,0.0
176.5,3.5,1.0,0.0,0.0
36.6,2.4,0.0,0.0,0.0
280.9,1.9,0.0,1.0,0.0
199.0,2.8,1.0,1.0,0.0
179.3,1.9,0.0,0.0,0.0
241.7,0.6,1.0,1.0,0.0
162.0,2.7,0.0,0.0,0.0
152.8,1.2,0.0,1.0,1.0
207.6,3.2,0.0,0.0,0.0
180.8,2.4,1.0,0.0,0.0
138.7,2.7,0.0,0.0,0.0
174.2,2.9,0.0,0.0,0.0
218.5,1.7,0.0,0.0,0.0
195.7,2.0,0.0,0.0,0.0
193.5,2.0,0.0,0.0,0.0
115.7,1.6,1.0,1.0,0.0
61.2,1.9,0.0,1.0,0.0
166.3,2.3,0.0,0.0,0.0
164.6,3.0,0.0,0.0,0.0
153.1,1.9,0.0,1.0,0.0
169.3,2.2,0.0,1.0,0.0
254.0,1.5,0.0,1.0,0.0
257.0,3.0,0.0,1.0,1.0
157.0,1.7,0.0,0.0,0.0
281.1,1.9,0.0,0.0,0.0
125.2,1.2,0.0,1.0,0.0
93.4,1.4,0.0,1.0,0.0
161.9,2.5,1.0,1.0,0.0
237.7,0.5,0.0,0.0,0.0
192.6,1.6,1.0,1.0,0.0
213.6,3.1,0.0,1.0,1.0
120.4,2.1,1.0,0.0,0.0
248.0,0.8,1.0,1.0,0.0
239.0,2.9,0.0,1.0,1.0
145.5,1.7,1.0,0.0,0.0
297.3,2.2,1.0,0.0,0.0
178.9,4.3,0.0,1.0,1.0
53.6,1.8,0.0,1.0,0.0
200.5,2.8,1.0,0.0,0.0
159.7,1.4,1.0,1.0,0.0
57.3,1.7,0.0,1.0,0.0
243.1,3.2,1.0,1.0,1.0
141.9,3.3,0.0,0.0,0.0
108.4,2.2,1.0,1.0,0.0
236.6,3.6,0.0,1.0,0.0
222.7,2.2,1.0,0.0,0.0
228.9,2.3,1.0,1.0,1.0
179.3,1.4,0.0,0.0,0.0
135.0,1.7,0.0,0.0,0.0
226.9,2.3,0.0,1.0,0.0
95.8,1.6,1.0,1.0,0.0
210.4,2.4,0.0,1.0,1.0
171.2,1.7,1.0,0.0,1.0
187.5,0.8,0.0,0.0,0.0
162.0,1.1,0.0,0.0,0.0
226.7,2.1,0.0,0.0,0.0
164.2,2.3,0.0,0.0,0.0
197.6,2.2,1.0,0.0,0.0
206.2,2.9,0.0,1.0,0.0
203.1,2.7,0.0,1.0,0.0
105.0,3.5,0.0,0.0,0.0
132.3,1.5,0.0,1.0,0.0
233.9,1.3,0.0,1.0,0.0
133.5,2.5,1.0,1.0,0.0
185.8,1.7,0.0,0.0,0.0
216.6,0.7,0.0,1.0,0.0
240.4,1.8,1.0,1.0,0.0
238.8,2.3,0.0,1.0,0.0
236.8,2.6,0.0,0.0,0.0
228.0,0.7,0.0,0.0,0.0
106.8,1.9,0.0,1.0,0.0
135.2,2.5,1.0,0.0,0.0
130.8,1.6,0.0,0.0,0.0
299.8,2.4,0.0,0.0,1.0
190.3,3.1,0.0,1.0,0.0
242.3,2.6,0.0,1.0,0.0
183.5,0.8,0.0,0.0,1.0
160.0,1.7,0.0,1.0,0.0
285.8,0.8,1.0,0.0,0.0
197.2,1.9,1.0,1.0,0.0
141.7,2.5,1.0,1.0,0.0
299.3,1.8,1.0,0.0,0.0
172.7,1.0,0.0,1.0,0.0
127.1,1.4,1.0,0.0,0.0
191.0,1.5,0.0,0.0,0.0
-2.7,2.8,0.0,0.0,0.0
140.8,0.8,0.0,0.0,0.0
134.3,2.7,1.0,0.0,0.0
162.8,2.4,0.0,0.0,0.0
203.8,0.0,1.0,0.0,1.0
186.8,1.8,0.0,1.0,0.0
156.0,2.4,1.0,0.0,0.0
133.5,1.0,1.0,1.0,0.0
209.7,1.1,0.0,1.0,0.0
117.9,1.6,0.0,0.0,0.0
172.8,2.4,0.0,1.0,0.0
29.5,1.9,0.0,0.0,0.0
103.4,2.7,1.0,0.0,0.0
169.0,1.7,0.0,1.0,0.0
291.6,2.5,0.0,1.0,0.0
102.4,2.9,1.0,0.0,0.0
202.8,3.5,1.0,0.0,0.0
90.6,2.3,1.0,1.0,0.0
170.6,3.2,0.0,0.0,1.0
168.4,2.7,0.0,0.0,0.0
251.9,1.0,1.0,0.0,0.0
191.6,2.6,0.0,1.0,1.0
271.3,3.7,1.0,0.0,1.0
61.2,2.4,0.0,0.0,0.0
165.0,1.6,1.0,1.0,1.0
75.5,2.5,0.0,1.0,0.0
180.9,0.9,1.0,1.0,0.0
204.6,2.5,0.0,0.0,0.0
267.8,0.6,0.0,0.0,0.0
182.9,1.8,0.0,1.0,0.0
103.1,1.1,0.0,0.0,0.0
186.0,1.6,1.0,0.0,0.0
183.7,2.1,0.0,0.0,0.0
117.7,2.4,0.0,0.0,0.0
115.8,1.9,1.0,0.0,0.0
161.2,2.3,0.0,1.0,0.0
203.3,1.5,0.0,1.0,0.0
174.4,2.2,0.0,0.0,0.0
160.7,0.2,1.0,1.0,0.0
211.9,1.6,0.0,0.0,0.0
166.9,2.3,0.0,0.0,0.0
266.8,3.2,1.0,0.0,0.0
115.4,3.0,0.0,0.0,0.0
139.0,1.6,1.0,0.0,0.0
196.1,2.2,0.0,1.0,0.0
223.2,1.9,0.0,0.0,0.0
167.4,2.7,0.0,1.0,0.0
188.8,2.4,0.0,0.0,0.0
212.6,1.6,0.0,0.0,0.0
235.8,2.3,0.0,0.0,0.0
163.6,2.0,0.0,0.0,0.0
248.4,1.3,0.0,0.0,0.0
111.6,2.6,1.0,1.0,0.0
124.7,2.0,1.0,0.0,0.0
119.4,2.5,1.0,0.0,0.0
65.1,2.9,1.0,0.0,0.0
157.0,2.7,1.0,0.0,0.0
249.2,2.0,1.0,0.0,0.0
211.5,2.6,1.0,1.0,0.0
176.8,3.3,0.0,1.0,0.0
181.9,2.0,1.0,1.0,0.0
200.7,1.8,0.0,1.0,0.0
182.5,2.0,1.0,1.0,0.0
170.9,2.0,0.0,0.0,0.0
133.0,1.7,1.0,1.0,0.0
119.2,2.4,0.0,0.0,0.0
187.7,2.5,0.0,0.0,0.0
180.6,2.2,0.0,0.0,0.0
208.1,1.9,0.0,0.0,0.0
165.4,2.0,0.0,0.0,1.0
222.8,2.2,0.0,0.0,0.0
254.2,2.0,1.0,1.0,0.0
147.9,1.4,0.0,0.0,0.0
94.3,0.5,1.0,1.0,0.0
65.4,1.8,1.0,0.0,0.0
236.5,2.1,0.0,1.0,1.0
111.7,1.9,0.0,1.0,0.0
249.8,1.6,0.0,0.0,0.0
155.1,3.7,0.0,0.0,0.0
152.2,2.5,0.0,0.0,0.0
169.2,0.0,1.0,0.0,0.0
186.6,1.5,0.0,0.0,0.0
66.8,2.1,1.0,1.0,0.0
224.1,3.4,0.0,0.0,0.0
153.5,2.7,1.0,0.0,0.0
215.2,3.2,1.0,0.0,0.0
45.6,1.8,1.0,1.0,0.0
225.5,2.0,0.0,0.0,0.0
206.5,0.3,0.0,0.0,0.0
250.7,2.2,1.0,0.0,0.0
142.1,2.8,0.0,0.0,0.0
84.6,2.1,1.0,0.0,0.0
163.6,1.6,1.0,0.0,0.0
156.9,3.1,0.0,1.0,0.0
315.0,1.6,0.0,1.0,0.0
267.2,2.1,1.0,0.0,0.0
126.3,2.9,0.0,0.0,0.0
61.5,3.3,1.0,0.0,0.0
238.3,1.5,0.0,0.0,0.0
80.3,2.5,1.0,0.0,0.0
274.9,2.3,0.0,0.0,0.0
257.2,1.8,0.0,0.0,0.0
162.9,2.6,1.0,1.0,0.0
153.3,1.4,0.0,1.0,0.0
77.7,2.6,0.0,0.0,0.0
160.5,0.8,1.0,0.0,0.0
187.9,2.4,0.0,1.0,0.0
233.8,2.3,0.0,0.0,0.0
331.3,3.8,0.0,1.0,1.0
228.8,1.5,1.0,1.0,0.0
164.4,3.3,0.0,0.0,0.0
69.0,2.0,0.0,1.0,1.0
245.1,1.8,1.0,1.0,0.0
185.8,2.6,0.0,1.0,0.0
244.8,0.7,1.0,0.0,0.0
131.6,1.6,1.0,0.0,0.0
145.3,1.1,1.0,1.0,0.0
185.4,2.2,1.0,0.0,0.0
278.6,2.9,1.0,1.0,1.0
211.9,1.1,1.0,0.0,0.0
164.1,1.6,0.0,0.0,0.0
113.8,3.1,0.0,1.0,0.0
141.0,2.3,0.0,0.0,0.0
250.5,1.7,0.0,1.0,0.0
171.4,2.3,1.0,0.0,0.0
173.0,1.8,1.0,0.0,0.0
179.6,3.0,1.0,0.0,0.0
82.8,2.4,0.0,1.0,0.0
185.0,2.3,1.0,0.0,0.0
227.5,1.7,0.0,0.0,0.0
212.4,2.3,0.0,0.0,0.0
336.7,3.4,0.0,1.0,0.0
217.2,1.9,1.0,1.0,0.0
169.1,2.3,0.0,0.0,0.0
290.9,2.7,1.0,1.0,1.0
167.2,1.7,0.0,1.0,0.0
170.8,2.0,0.0,1.0,0.0
304.7,0.6,0.0,0.0,0.0
198.8,2.9,1.0,0.0,0.0
224.9,1.3,0.0,1.0,0.0
59.3,1.5,1.0,1.0,0.0
369.1,1.6,0.0,1.0,1.0
189.2,2.2,1.0,1.0,0.0
196.1,2.7,1.0,0.0,0.0
207.1,2.9,0.0,0.0,0.0
217.9,3.5,1.0,0.0,0.0
121.3,2.7,0.0,0.0,0.0
251.1,0.9,1.0,0.0,0.0
230.7,2.0,0.0,0.0,0.0
132.3,1.5,0.0,0.0,0.0
116.7,2.3,0.0,0.0,0.0
250.1,2.6,0.0,1.0,0.0
228.2,2.4,0.0,0.0,0.0
186.4,2.7,1.0,0.0,0.0
71.5,2.3,0.0,1.0,0.0
140.4,1.0,1.0,0.0,0.0
160.2,0.3,1.0,1.0,1.0
193.6,1.7,0.0,0.0,0.0
105.1,2.3,0.0,0.0,0.0
152.2,2.9,0.0,1.0,0.0
131.2,1.8,1.0,1.0,0.0
305.6,1.9,1.0,0.0,0.0
154.2,1.7,0.0,1.0,0.0
117.7,1.3,1.0,1.0,0.0
127.1,1.0,1.0,1.0,0.0
163.8,2.1,1.0,1.0,0.0
259.6,1.5,0.0,1.0,0.0
176.3,1.2,1.0,0.0,0.0
239.2,1.6,0.0,0.0,0.0
291.8,1.5,0.0,0.0,0.0
124.3,1.9,0.0,1.0,1.0
147.5,3.8,0.0,0.0,0.0
150.1,1.5,0.0,0.0,0.0
166.0,2.2,1.0,0.0,0.0
181.4,2.6,0.0,1.0,0.0
256.5,1.8,0.0,0.0,0.0
74.6,0.3,1.0,0.0,0.0
165.1,2.8,0.0,1.0,0.0
224.2,1.0,0.0,0.0,0.0
254.5,3.4,1.0,0.0,0.0
206.9,1.0,1.0,0.0,0.0
121.2,2.6,0.0,0.0,0.0
191.8,0.4,0.0,0.0,0.0
160.2,1.5,0.0,1.0,0.0
105.6,4.5,1.0,1.0,1.0
219.5,2.1,0.0,0.0,0.0
263.7,3.0,1.0,0.0,1.0
116.7,2.8,0.0,0.0,0.0
277.9,1.7,0.0,0.0,0.0
295.1,2.4,1.0,1.0,0.0
176.5,1.1,1.0,1.0,0.0
206.0,2.9,0.0,1.0,0.0
185.2,0.4,1.0,0.0,0.0
205.7,2.0,1.0,0.0,0.0
203.7,2.9,0.0,1.0,1.0
232.3,0.3,1.0,0.0,0.0
256.7,2.1,1.0,0.0,0.0
214.1,1.7,0.0,1.0,0.0
279.8,3.0,0.0,1.0,1.0
210.3,2.3,0.0,0.0,0.0
264.7,1.6,0.0,0.0,0.0
138.8,1.9,0.0,0.0,0.0
218.0,1.6,0.0,0.0,0.0
270.6,3.2,1.0,1.0,0.0
159.0,2.0,1.0,1.0,0.0
241.5,3.0,0.0,0.0,0.0
187.3,2.1,1.0,1.0,0.0
134.4,1.8,0.0,1.0,1.0
149.1,2.2,0.0,1.0,0.0
223.0,2.5,0.0,1.0,0.0
144.6,2.5,0.0,1.0,0.0
171.3,0.5,1.0,1.0,0.0
237.8,3.9,0.0,0.0,0.0
167.0,0.0,1.0,1.0,0.0
160.5,2.5,0.0,0.0,0.0
268.3,2.1,1.0,1.0,0.0
252.1,2.6,1.0,0.0,0.0
287.0,2.4,1.0,1.0,0.0
153.5,3.1,1.0,0.0,0.0
217.6,2.7,0.0,0.0,0.0
169.2,0.0,0.0,1.0,0.0
131.8,0.7,0.0,1.0,0.0
282.7,3.7,0.0,1.0,1.0
310.7,2.3,0.0,0.0,0.0
292.6,2.4,0.0,1.0,1.0
84.8,2.2,0.0,0.0,0.0
210.2,2.2,0.0,1.0,0.0
227.0,3.0,1.0,0.0,0.0
176.9,1.9,1.0,0.0,0.0
226.0,2.1,1.0,1.0,0.0
124.4,3.2,0.0,0.0,0.0
109.5,1.9,1.0,0.0,0.0
107.0,0.0,0.0,0.0,0.0
344.1,3.2,0.0,1.0,1.0
336.2,1.9,0.0,0.0,0.0
386.4,4.0,0.0,1.0,1.0
267.2,2.4,1.0,0.0,0.0
172.0,1.0,1.0,0.0,0.0
226.3,2.2,0.0,1.0,0.0
238.0,2.8,0.0,0.0,0.0
149.4,1.4,0.0,1.0,0.0
159.5,3.4,1.0,0.0,0.0
102.3,2.3,0.0,1.0,0.0
154.0,1.5,1.0,0.0,0.0
138.9,2.4,0.0,1.0,0.0
79.9,2.4,1.0,0.0,0.0
139.2,3.4,0.0,0.0,0.0
196.1,2.1,0.0,0.0,0.0
106.7,1.9,0.0,1.0,0.0
-24.6,2.4,1.0,0.0,0.0
188.5,3.4,1.0,0.0,0.0
166.0,2.4,0.0,0.0,0.0
172.8,1.8,0.0,0.0,0.0
170.8,2.1,0.0,0.0,0.0
168.3,1.2,1.0,0.0,0.0
118.8,2.3,1.0,0.0,0.0
217.4,1.6,0.0,0.0,0.0
349.8,1.5,0.0,0.0,0.0
162.7,3.0,0.0,0.0,0.0
168.1,2.7,0.0,1.0,0.0
103.8,1.7,1.0,0.0,0.0
265.7,0.5,0.0,1.0,0.0
37.2,2.8,0.0,1.0,0.0
151.5,3.7,0.0,1.0,1.0
248.2,1.7,0.0,0.0,0.0
12.6,2.2,0.0,0.0,0.0
146.4,2.6,0.0,0.0,0.0
96.9,1.9,0.0,0.0,0.0
151.6,1.5,0.0,1.0,0.0
142.5,3.0,1.0,1.0,1.0
171.8,3.2,0.0,0.0,0.0
135.1,1.0,0.0,1.0,0.0
255.1,1.6,1.0,1.0,1.0
132.7,2.0,0.0,0.0,0.0
204.0,2.6,0.0,0.0,0.0
113.7,1.7,0.0,1.0,0.0
95.8,1.3,1.0,0.0,0.0
76.7,1.7,0.0,0.0,0.0
221.0,2.0,0.0,1.0,0.0
119.6,2.0,0.0,0.0,0.0
128.7,1.7,0.0,0.0,0.0
200.7,1.1,0.0,0.0,0.0
269.3,2.8,0.0,1.0,0.0
187.3,2.3,1.0,0.0,0.0
245.6,1.8,0.0,0.0,0.0
185.6,1.4,1.0,1.0,1.0
157.3,1.7,1.0,0.0,0.0
130.5,0.2,1.0,1.0,0.0
142.2,1.6,1.0,1.0,0.0
153.0,1.9,0.0,1.0,0.0
250.9,1.9,1.0,0.0,0.0
183.6,1.1,1.0,0.0,0.0
196.3,2.8,1.0,1.0,0.0
165.8,2.8,0.0,0.0,0.0
175.0,1.8,0.0,1.0,0.0
197.9,0.6,0.0,1.0,0.0
310.0,1.2,0.0,0.0,0.0
143.9,2.4,1.0,0.0,0.0
155.4,2.4,1.0,1.0,1.0
187.9,2.5,0.0,1.0,0.0
200.4,2.1,1.0,1.0,0.0
207.6,1.9,0.0,0.0,0.0
118.6,2.4,0.0,0.0,0.0
181.6,1.6,1.0,0.0,0.0
205.0,2.1,1.0,0.0,0.0
174.9,3.9,0.0,1.0,1.0
190.1,2.3,0.0,0.0,0.0
154.6,1.2,1.0,0.0,0.0
131.8,2.4,0.0,0.0,1.0
258.0,2.9,1.0,0.0,0.0
260.6,1.1,0.0,1.0,0.0
188.5,0.4,0.0,0.0,0.0
195.6,1.5,0.0,0.0,0.0
207.1,2.5,0.0,0.0,0.0
194.3,1.7,0.0,0.0,0.0
-22.0,1.6,0.0,0.0,0.0
159.3,2.5,1.0,1.0,0.0
100.9,0.6,1.0,0.0,0.0
198.1,1.6,0.0,1.0,0.0
188.1,0.7,0.0,0.0,0.0
172.4,1.9,0.0,0.0,0.0
286.0,2.4,0.0,0.0,0.0
214.5,2.5,0.0,1.0,0.0
158.0,1.5,0.0,0.0,0.0
229.6,1.9,0.0,0.0,0.0
169.1,2.2,0.0,1.0,0.0
140.4,1.3,1.0,0.0,0.0
299.6,1.6,1.0,0.0,0.0
199.5,1.5,1.0,0.0,1.0
157.5,1.7,1.0,0.0,0.0
242.9,2.2,0.0,0.0,0.0
165.6,1.0,0.0,1.0,0.0
158.8,1.2,0.0,0.0,0.0
184.8,2.5,1.0,0.0,0.0
255.9,3.0,0.0,0.0,1.0
292.1,2.2,1.0,0.0,0.0
252.7,1.3,0.0,1.0,0.0
137.9,2.1,1.0,0.0,0.0
215.8,3.2,0.0,1.0,0.0
234.0,1.8,0.0,0.0,0.0
139.4,1.5,1.0,0.0,0.0
80.1,1.1,0.0,0.0,0.0
251.2,2.6,0.0,1.0,1.0
82.3,2.8,0.0,0.0,0.0
152.9,1.4,0.0,0.0,0.0
173.9,2.1,1.0,0.0,0.0
155.1,2.3,0.0,0.0,1.0
282.9,2.6,0.0,0.0,0.0
151.7,1.9,0.0,0.0,0.0
189.3,1.0,0.0,0.0,0.0
69.7,2.4,1.0,1.0,0.0
158.7,1.3,0.0,0.0,0.0
247.9,2.0,0.0,1.0,0.0
183.3,2.0,1.0,1.0,0.0
230.7,1.8,0.0,1.0,0.0
157.9,2.4,0.0,1.0,0.0
183.0,0.3,1.0,1.0,0.0
182.9,2.7,0.0,1.0,0.0
289.8,2.4,0.0,0.0,0.0
108.2,0.3,0.0,1.0,0.0
244.2,0.9,0.0,0.0,0.0
151.0,2.9,1.0,1.0,0.0
159.0,1.7,0.0,0.0,0.0
225.0,3.0,0.0,0.0,0.0
181.5,3.0,0.0,0.0,0.0
294.8,2.3,0.0,0.0,0.0
125.2,3.3,0.0,1.0,0.0
112.5,1.1,0.0,0.0,0.0
112.6,1.5,1.0,1.0,0.0
218.5,2.6,1.0,0.0,0.0
283.2,2.4,0.0,1.0,0.0
146.5,2.3,1.0,0.0,0.0
168.3,0.9,0.0,0.0,0.0
193.1,2.0,1.0,0.0,1.0
85.5,2.0,1.0,0.0,0.0
219.3,0.6,1.0,1.0,0.0
234.2,1.8,1.0,0.0,0.0
158.8,2.4,0.0,1.0,0.0
212.4,1.7,1.0,0.0,0.0
177.4,1.8,1.0,0.0,0.0
186.7,1.0,1.0,0.0,0.0
140.5,3.4,1.0,0.0,0.0
136.6,2.6,0.0,1.0,0.0
136.9,2.0,0.0,0.0,0.0
241.0,1.9,1.0,0.0,0.0
133.6,2.6,1.0,1.0,0.0
-15.2,2.0,1.0,0.0,0.0
199.6,2.0,1.0,0.0,0.0
261.9,3.0,1.0,0.0,0.0
79.3,0.4,1.0,0.0,1.0
181.3,2.6,0.0,1.0,1.0
189.0,1.7,0.0,0.0,0.0
165.9,3.0,0.0,0.0,0.0
277.0,2.0,0.0,0.0,0.0
213.5,2.2,0.0,1.0,0.0
224.7,2.3,1.0,1.0,1.0
198.7,2.0,1.0,1.0,1.0
158.4,3.3,0.0,0.0,0.0
125.3,1.6,0.0,0.0,0.0
173.7,3.0,0.0,1.0,0.0
38.4,0.6,1.0,0.0,0.0
47.9,3.0,0.0,0.0,0.0
205.5,2.3,0.0,0.0,0.0
188.8,2.2,1.0,1.0,0.0
207.6,2.9,1.0,1.0,1.0
176.8,1.4,1.0,0.0,0.0
182.6,1.1,1.0,0.0,0.0
273.1,0.3,0.0,1.0,0.0
247.0,1.9,0.0,0.0,0.0
55.6,1.4,1.0,1.0,0.0
123.1,3.5,0.0,0.0,0.0
195.8,1.4,0.0,0.0,0.0
172.5,2.8,0.0,1.0,0.0
210.2,1.6,0.0,1.0,0.0
147.5,1.5,1.0,0.0,0.0
247.8,1.6,1.0,0.0,0.0
293.6,0.9,1.0,0.0,0.0
250.0,0.9,0.0,1.0,0.0
406.3,2.6,1.0,0.0,0.0
306.7,1.4,1.0,0.0,1.0
138.6,3.5,0.0,1.0,0.0
123.7,2.2,1.0,1.0,0.0
247.0,2.8,0.0,0.0,0.0
236.9,0.2,0.0,0.0,0.0
230.3,3.1,0.0,0.0,0.0
182.2,1.4,0.0,0.0,0.0
174.2,1.5,0.0,0.0,0.0
232.8,1.8,0.0,0.0,0.0
223.8,2.2,1.0,0.0,0.0
219.4,2.6,0.0,0.0,0.0
227.6,2.3,0.0,0.0,0.0
176.4,3.2,1.0,1.0,0.0
267.4,2.0,0.0,0.0,0.0
173.9,1.2,0.0,0.0,0.0
170.8,2.0,0.0,1.0,0.0
247.2,2.3,0.0,1.0,0.0
176.2,2.1,0.0,0.0,0.0
188.2,2.5,1.0,1.0,0.0
176.1,2.7,1.0,1.0,0.0
46.0,1.1,0.0,0.0,0.0
222.4,1.3,0.0,1.0,0.0
250.4,1.2,0.0,0.0,0.0
224.2,1.8,0.0,1.0,0.0
67.0,1.5,0.0,1.0,0.0
308.2,2.6,1.0,1.0,0.0
279.5,2.5,1.0,0.0,1.0
243.3,1.6,0.0,0.0,0.0
201.0,0.5,0.0,1.0,0.0
96.5,1.8,0.0,0.0,0.0
155.2,2.5,1.0,1.0,0.0
201.1,2.2,1.0,0.0,0.0
90.6,3.0,0.0,0.0,0.0
218.5,2.0,1.0,0.0,0.0
243.2,2.0,0.0,0.0,0.0
124.3,2.3,1.0,1.0,0.0
150.2,1.0,1.0,1.0,0.0
222.6,0.8,0.0,0.0,0.0
225.5,1.2,0.0,0.0,0.0
62.8,2.1,0.0,0.0,0.0
142.5,3.2,1.0,0.0,0.0
-50.0,1.3,1.0,0.0,0.0
292.4,2.5,0.0,1.0,0.0
226.7,0.8,1.0,0.0,0.0
85.3,2.2,1.0,0.0,0.0
152.7,2.1,1.0,0.0,0.0
122.5,0.8,0.0,0.0,0.0
153.8,1.4,0.0,1.0,0.0
82.3,2.0,1.0,1.0,0.0
106.3,1.9,0.0,0.0,0.0
73.7,1.6,1.0,0.0,0.0
208.9,0.9,0.0,1.0,0.0
164.5,2.5,1.0,0.0,0.0
291.4,2.4,0.0,0.0,0.0
94.6,0.7,0.0,1.0,0.0
210.1,2.8,1.0,0.0,0.0
93.3,0.1,1.0,1.0,0.0
141.9,2.3,1.0,0.0,0.0
137.7,1.6,1.0,1.0,0.0
210.6,3.5,0.0,0.0,0.0
142.9,0.9,1.0,0.0,0.0
78.2,1.3,0.0,1.0,0.0
230.9,1.3,0.0,1.0,0.0
174.5,1.7,0.0,0.0,0.0
159.0,2.8,1.0,0.0,0.0
239.2,2.0,0.0,1.0,0.0
159.6,2.2,0.0,0.0,0.0
184.8,2.9,0.0,0.0,0.0
83.3,0.8,1.0,0.0,0.0
242.9,3.6,1.0,0.0,0.0
170.8,1.4,1.0,0.0,0.0
178.4,0.6,0.0,0.0,0.0
177.7,2.0,1.0,1.0,0.0
227.2,1.1,0.0,0.0,0.0
232.6,2.0,0.0,0.0,0.0
169.0,1.2,1.0,0.0,0.0
115.3,1.8,0.0,1.0,0.0
211.4,1.6,0.0,0.0,0.0
220.6,1.9,1.0,1.0,1.0
191.9,1.9,0.0,0.0,0.0
173.4,1.8,0.0,0.0,0.0
101.3,2.3,0.0,1.0,0.0
142.8,2.2,1.0,0.0,0.0
200.6,2.2,1.0,0.0,0.0
199.9,1.7,1.0,0.0,0.0
251.0,1.6,0.0,1.0,0.0
231.9,2.0,0.0,1.0,0.0
126.0,3.4,0.0,1.0,0.0
130.8,2.4,0.0,1.0,0.0
147.2,2.5,1.0,1.0,0.0
306.3,2.1,0.0,0.0,0.0
135.6,1.6,0.0,0.0,0.0
45.7,2.1,1.0,1.0,0.0
179.6,1.1,0.0,0.0,0.0
64.7,2.5,1.0,1.0,0.0
90.7,1.5,1.0,0.0,0.0
155.3,3.0,1.0,0.0,1.0
146.6,1.4,1.0,0.0,0.0
308.7,1.0,1.0,1.0,0.0
242.4,2.0,0.0,1.0,0.0
152.1,0.8,1.0,1.0,0.0
188.0,2.0,0.0,1.0,0.0
238.0,1.2,0.0,0.0,0.0
203.4,0.8,1.0,0.0,0.0
149.9,2.0,0.0,0.0,0.0
102.1,1.4,0.0,1.0,0.0
122.2,2.1,1.0,0.0,0.0
214.1,1.7,0.0,0.0,0.0
341.4,2.4,0.0,0.0,0.0
146.3,3.2,1.0,0.0,0.0
106.9,2.3,1.0,1.0,0.0
249.4,1.6,1.0,0.0,0.0
120.4,2.0,1.0,0.0,1.0
199.6,3.1,0.0,1.0,0.0
91.3,1.7,1.0,0.0,0.0
144.4,2.1,0.0,1.0,0.0
211.4,0.6,0.0,0.0,0.0
273.1,2.4,1.0,0.0,0.0
123.3,2.7,0.0,0.0,0.0
244.6,2.0,0.0,0.0,0.0
206.9,2.0,1.0,1.0,0.0
212.0,2.7,0.0,0.0,0.0
88.5,1.9,1.0,0.0,0.0
148.4,2.0,1.0,0.0,0.0
229.8,2.6,0.0,1.0,0.0
197.5,1.2,0.0,0.0,0.0
184.3,1.1,1.0,1.0,0.0
148.2,2.2,0.0,0.0,0.0
162.9,1.7,1.0,0.0,0.0
225.0,4.1,0.0,0.0,0.0
138.3,2.2,0.0,1.0,0.0
71.5,1.6,0.0,1.0,0.0
275.8,2.5,1.0,1.0,0.0
92.0,2.0,0.0,1.0,0.0
147.4,3.1,0.0,0.0,0.0
255.3,2.4,0.0,1.0,1.0
185.4,1.8,0.0,0.0,0.0
107.1,1.8,0.0,0.0,0.0
205.3,1.9,0.0,0.0,1.0
200.5,2.1,0.0,1.0,0.0
151.9,2.6,1.0,1.0,0.0
157.8,2.1,1.0,1.0,0.0
95.5,3.1,0.0,0.0,0.0
291.5,2.3,0.0,0.0,0.0
88.5,1.6,1.0,0.0,0.0
177.6,2.2,1.0,0.0,0.0
216.4,2.4,1.0,0.0,0.0
103.1,0.7,0.0,1.0,0.0
204.3,1.6,0.0,0.0,0.0
145.7,1.7,0.0,1.0,0.0
120.8,0.7,0.0,0.0,1.0
195.1,1.9,0.0,0.0,0.0
215.4,2.7,1.0,1.0,1.0
302.8,2.3,1.0,0.0,1.0
163.3,3.2,1.0,0.0,1.0
207.9,1.8,1.0,0.0,0.0
47.9,1.6,0.0,1.0,0.0
244.9,2.3,0.0,1.0,0.0
99.4,1.8,1.0,0.0,0.0
241.1,2.8,0.0,1.0,1.0
170.4,1.6,1.0,1.0,0.0
168.4,2.0,1.0,0.0,0.0
215.0,0.5,0.0,1.0,0.0
175.6,2.7,1.0,1.0,0.0
263.1,2.0,0.0,1.0,0.0
177.7,2.0,0.0,0.0,0.0
230.9,1.8,0.0,0.0,0.0
147.1,2.5,0.0,1.0,0.0
138.4,2.5,0.0,0.0,0.0
221.0,2.0,1.0,1.0,0.0
200.6,2.1,0.0,0.0,0.0
185.2,2.5,0.0,0.0,0.0
302.1,1.8,0.0,0.0,0.0
151.1,1.8,0.0,1.0,0.0
141.1,2.7,1.0,1.0,0.0
187.2,2.9,0.0,0.0,0.0
269.6,2.2,0.0,0.0,0.0
230.8,0.0,0.0,1.0,0.0
103.1,2.7,1.0,1.0,1.0
316.6,1.7,0.0,0.0,0.0
249.6,2.4,1.0,1.0,0.0
112.4,1.8,1.0,0.0,0.0
2.7,3.9,0.0,0.0,0.0
130.9,1.9,0.0,1.0,0.0
222.5,1.2,0.0,0.0,0.0
150.8,3.1,1.0,1.0,0.0
144.2,2.7,0.0,0.0,0.0
164.4,2.0,0.0,0.0,0.0
338.3,2.5,0.0,0.0,0.0
63.1,2.5,1.0,1.0,0.0
68.4,1.4,0.0,0.0,0.0
171.3,2.5,0.0,1.0,0.0
188.1,2.8,0.0,1.0,0.0
132.7,2.7,0.0,0.0,0.0
196.7,1.5,1.0,0.0,0.0
160.4,1.1,1.0,0.0,1.0
148.1,2.4,0.0,0.0,0.0
204.2,1.4,1.0,0.0,0.0
186.9,2.6,0.0,1.0,0.0
299.1,2.0,1.0,0.0,0.0
234.3,2.5,1.0,0.0,0.0
183.1,1.3,0.0,0.0,0.0
171.6,1.3,0.0,1.0,0.0
203.0,1.2,0.0,0.0,0.0
170.0,1.7,0.0,0.0,0.0
197.2,0.7,0.0,0.0,0.0
74.1,0.7,0.0,0.0,0.0
121.5,1.5,0.0,0.0,0.0
171.2,1.3,1.0,1.0,0.0
241.1,4.0,1.0,1.0,1.0
331.0,1.6,1.0,0.0,0.0
203.6,2.3,0.0,0.0,0.0
211.0,1.0,0.0,0.0,0.0
309.7,1.4,0.0,1.0,0.0
287.8,1.4,0.0,0.0,0.0
135.3,1.2,0.0,0.0,0.0
115.5,2.2,0.0,0.0,0.0
176.2,1.7,0.0,1.0,0.0
177.9,1.4,0.0,1.0,0.0
139.9,2.1,0.0,0.0,0.0
151.8,1.9,0.0,0.0,0.0
71.0,2.0,0.0,0.0,0.0
188.2,2.3,0.0,0.0,0.0
104.6,2.3,0.0,0.0,0.0
63.6,2.4,1.0,0.0,0.0
157.6,4.4,1.0,1.0,1.0
168.7,1.7,0.0,1.0,0.0
210.3,1.9,0.0,1.0,0.0
100.8,1.5,1.0,1.0,0.0
260.1,2.1,0.0,0.0,0.0
89.7,2.0,0.0,0.0,0.0
258.1,3.0,1.0,1.0,1.0
191.5,1.5,0.0,1.0,0.0
99.5,0.8,0.0,1.0,0.0
205.7,1.8,0.0,1.0,0.0
160.1,1.6,1.0,0.0,0.0
158.1,2.5,1.0,1.0,0.0
114.2,2.9,1.0,0.0,0.0
217.9,3.0,0.0,0.0,0.0
71.5,2.3,1.0,1.0,0.0
149.5,1.8,0.0,0.0,0.0
198.6,3.4,0.0,0.0,0.0
271.3,1.0,0.0,1.0,0.0
211.2,3.6,0.0,1.0,0.0
114.9,1.9,1.0,1.0,0.0
228.1,1.5,0.0,0.0,0.0
286.8,2.0,1.0,1.0,0.0
149.7,2.5,0.0,0.0,0.0
179.5,2.6,1.0,0.0,1.0
267.8,2.1,0.0,0.0,0.0
219.9,0.5,0.0,0.0,0.0
148.9,2.1,0.0,1.0,0.0
257.1,3.0,0.0,1.0,1.0
239.5,1.5,0.0,0.0,0.0
65.0,3.2,1.0,0.0,0.0
198.8,1.2,0.0,1.0,0.0
91.1,3.2,0.0,0.0,0.0
225.7,2.4,1.0,0.0,0.0
290.4,2.9,0.0,1.0,1.0
142.1,2.1,0.0,0.0,0.0
252.5,1.5,0.0,1.0,0.0
249.7,1.1,1.0,0.0,0.0
144.2,1.6,0.0,0.0,0.0
170.6,2.0,0.0,0.0,0.0
119.4,2.0,0.0,1.0,0.0
213.8,1.3,0.0,0.0,0.0
396.7,2.4,1.0,0.0,0.0
274.0,2.8,0.0,0.0,0.0
255.7,2.8,1.0,1.0,1.0
127.0,2.1,0.0,0.0,1.0
81.3,2.8,0.0,0.0,0.0
229.6,2.2,0.0,1.0,0.0
221.9,1.8,1.0,0.0,0.0
99.1,2.2,0.0,0.0,0.0
206.8,2.2,1.0,0.0,0.0
267.7,0.9,0.0,0.0,0.0
259.5,3.9,0.0,1.0,1.0
246.6,1.6,1.0,0.0,0.0
390.7,3.4,0.0,1.0,0.0
129.1,2.1,0.0,0.0,0.0
168.8,1.8,1.0,0.0,0.0
176.5,2.6,1.0,1.0,0.0
175.9,2.6,1.0,1.0,0.0
176.9,3.2,0.0,0.0,1.0
231.3,1.2,1.0,0.0,0.0
138.7,2.1,0.0,0.0,0.0
137.5,1.9,1.0,0.0,0.0
273.9,2.1,0.0,0.0,0.0
229.3,0.0,1.0,0.0,0.0
236.2,2.3,0.0,0.0,0.0
193.0,2.4,0.0,0.0,0.0
190.7,0.9,1.0,1.0,0.0
233.2,0.2,0.0,0.0,0.0
277.7,1.8,1.0,1.0,0.0
311.8,3.5,0.0,0.0,1.0
176.5,2.2,1.0,1.0,0.0
226.9,3.2,1.0,1.0,1.0
218.0,1.0,0.0,1.0,0.0
321.0,0.6,0.0,0.0,0.0
190.6,3.2,0.0,0.0,0.0
134.6,1.0,0.0,0.0,0.0
231.7,2.2,1.0,1.0,0.0
258.4,2.4,1.0,0.0,0.0
183.7,1.9,1.0,0.0,0.0
206.3,1.6,0.0,0.0,0.0
73.9,3.0,0.0,0.0,0.0
116.8,1.9,0.0,0.0,0.0
172.8,2.0,0.0,0.0,0.0
244.8,0.6,0.0,1.0,0.0
248.6,1.2,0.0,0.0,0.0
230.7,1.5,1.0,0.0,0.0
301.5,3.4,0.0,0.0,1.0
188.8,1.8,0.0,0.0,0.0
145.8,1.8,1.0,1.0,0.0
116.9,0.3,1.0,0.0,0.0
181.2,1.5,1.0,0.0,0.0
157.9,3.0,0.0,0.0,0.0
263.7,3.5,1.0,1.0,0.0
138.7,1.8,1.0,0.0,0.0
149.7,3.4,0.0,1.0,0.0
206.1,2.7,0.0,0.0,0.0
176.1,1.4,0.0,1.0,0.0
187.9,0.3,0.0,1.0,0.0
170.1,1.9,1.0,0.0,0.0
319.9,1.7,1.0,0.0,0.0
198.3,2.2,1.0,1.0,0.0
168.1,2.1,1.0,0.0,0.0
67.3,0.4,1.0,0.0,0.0
271.1,1.5,1.0,1.0,1.0
131.8,0.7,1.0,0.0,0.0
154.8,2.3,1.0,1.0,0.0
169.5,3.2,1.0,0.0,0.0
212.7,2.0,1.0,0.0,0.0
253.1,2.5,1.0,1.0,1.0
124.7,1.6,1.0,0.0,0.0
187.1,3.9,1.0,0.0,0.0
282.5,3.3,0.0,0.0,0.0
218.9,1.3,0.0,0.0,0.0
212.6,2.3,0.0,1.0,0.0
242.9,2.9,0.0,0.0,0.0
111.5,2.1,0.0,0.0,0.0
250.1,2.3,0.0,0.0,0.0
132.6,2.1,0.0,0.0,0.0
62.2,2.5,1.0,0.0,0.0
156.7,2.1,0.0,1.0,0.0
180.5,1.5,0.0,0.0,0.0
205.8,2.7,0.0,0.0,0.0
171.7,1.0,0.0,0.0,0.0
109.5,2.6,0.0,0.0,0.0
147.3,1.8,0.0,0.0,0.0
205.0,2.1,0.0,0.0,0.0
200.1,2.6,0.0,1.0,0.0
264.5,1.4,1.0,0.0,1.0
159.0,2.2,1.0,0.0,0.0
136.7,2.4,0.0,0.0,0.0
144.9,2.9,1.0,0.0,0.0
154.6,2.1,0.0,0.0,0.0
128.0,0.8,1.0,1.0,0.0
46.4,2.4,1.0,1.0,0.0
93.6,0.9,1.0,0.0,0.0
200.2,0.0,0.0,1.0,1.0
219.7,2.2,0.0,0.0,0.0
190.0,2.3,1.0,0.0,0.0
137.3,1.8,1.0,0.0,0.0
193.4,1.2,0.0,1.0,0.0
190.8,1.9,1.0,0.0,0.0
130.5,3.0,0.0,0.0,0.0
157.3,1.4,0.0,0.0,0.0
170.4,0.8,1.0,0.0,0.0
99.6,2.8,1.0,1.0,0.0
143.1,1.2,0.0,0.0,0.0
182.3,3.0,0.0,0.0,0.0
214.1,1.3,1.0,1.0,0.0
201.5,0.2,0.0,0.0,0.0
60.0,1.5,1.0,1.0,0.0
149.8,1.8,0.0,0.0,0.0
165.4,3.4,1.0,1.0,0.0
228.0,1.6,1.0,0.0,0.0
196.5,3.0,0.0,0.0,0.0
132.4,3.4,1.0,0.0,0.0
164.0,1.9,0.0,0.0,0.0
87.3,2.5,1.0,0.0,0.0
196.1,3.6,1.0,0.0,0.0
174.9,3.1,0.0,0.0,0.0
151.2,2.3,1.0,0.0,0.0
168.8,1.1,1.0,1.0,0.0
148.0,1.0,0.0,1.0,0.0
328.9,1.2,0.0,0.0,1.0
238.4,2.1,0.0,0.0,0.0
130.5,0.5,0.0,1.0,0.0
399.2,1.6,1.0,0.0,0.0
216.0,1.5,0.0,0.0,0.0
203.6,3.1,1.0,0.0,0.0
298.2,0.8,0.0,0.0,0.0
191.7,2.5,0.0,1.0,0.0
131.9,2.5,1.0,1.0,0.0
218.9,0.8,1.0,0.0,0.0
230.8,2.7,0.0,1.0,0.0
165.3,1.7,0.0,0.0,0.0
143.2,0.9,1.0,0.0,0.0
171.8,1.7,0.0,1.0,0.0
145.2,2.0,0.0,0.0,0.0
206.3,1.2,1.0,0.0,0.0
305.8,3.2,0.0,0.0,0.0
146.4,2.1,0.0,0.0,0.0
263.0,1.2,1.0,0.0,0.0
226.7,0.9,0.0,0.0,0.0
218.4,2.7,0.0,0.0,0.0
238.1,2.7,1.0,0.0,0.0
139.9,1.3,0.0,0.0,0.0
175.8,3.4,0.0,1.0,1.0
187.5,2.7,1.0,0.0,0.0
244.8,1.8,0.0,0.0,0.0
188.9,2.5,0.0,1.0,0.0
109.5,2.1,1.0,0.0,0.0
119.9,2.8,0.0,0.0,0.0
73.6,1.6,1.0,1.0,0.0
334.7,1.5,0.0,0.0,0.0
228.2,1.4,0.0,0.0,0.0
118.1,2.0,0.0,1.0,0.0
189.0,1.9,0.0,1.0,0.0
178.5,1.2,1.0,0.0,0.0
276.8,2.9,0.0,1.0,0.0
32.8,1.9,0.0,0.0,0.0
269.0,1.8,0.0,0.0,0.0
172.6,1.1,0.0,0.0,0.0
303.0,2.6,0.0,0.0,0.0
229.2,2.2,0.0,1.0,0.0
244.3,2.2,0.0,0.0,0.0
228.3,1.9,0.0,1.0,1.0
134.9,2.0,0.0,0.0,1.0
257.5,2.9,1.0,1.0,0.0
95.6,1.8,0.0,0.0,0.0
185.2,2.8,0.0,0.0,0.0
172.5,1.7,0.0,1.0,0.0
261.6,1.6,0.0,0.0,0.0
212.2,0.9,1.0,0.0,0.0
262.9,2.4,0.0,0.0,0.0
311.0,2.0,0.0,1.0,1.0
299.0,0.9,0.0,0.0,0.0
177.4,1.7,1.0,0.0,0.0
149.6,1.8,0.0,0.0,0.0
203.0,2.0,0.0,0.0,0.0
80.9,1.4,1.0,0.0,0.0
70.9,2.3,0.0,1.0,0.0
131.1,2.6,0.0,0.0,0.0
184.3,2.2,0.0,1.0,0.0
307.2,3.5,0.0,0.0,1.0
195.5,2.9,1.0,0.0,0.0
293.4,1.2,1.0,1.0,0.0
157.1,2.4,0.0,1.0,0.0
178.9,4.0,1.0,1.0,0.0
267.3,1.4,0.0,0.0,0.0
198.6,1.3,1.0,0.0,0.0
217.6,2.4,1.0,1.0,0.0
200.4,2.0,0.0,0.0,0.0
179.5,1.4,1.0,0.0,0.0
231.4,2.4,0.0,1.0,0.0
184.6,1.3,1.0,1.0,0.0
201.3,1.3,0.0,0.0,0.0
129.9,0.9,0.0,0.0,0.0
207.2,1.6,0.0,1.0,0.0
229.1,1.7,1.0,0.0,0.0
155.2,2.7,0.0,1.0,0.0
176.4,3.8,1.0,0.0,0.0
119.9,2.4,0.0,1.0,0.0
165.2,2.6,0.0,0.0,0.0
162.2,2.9,0.0,0.0,0.0
158.3,1.6,0.0,1.0,1.0
98.6,1.3,1.0,1.0,0.0
258.9,2.5,1.0,0.0,0.0
329.7,3.3,0.0,0.0,1.0
171.5,1.3,0.0,0.0,0.0
130.6,3.3,0.0,0.0,0.0
130.5,2.4,0.0,1.0,0.0
186.5,2.7,0.0,1.0,0.0
244.5,2.6,0.0,0.0,0.0
103.1,2.6,0.0,1.0,0.0
203.0,2.7,0.0,1.0,0.0
81.6,2.3,0.0,0.0,0.0
113.0,1.2,0.0,1.0,0.0
179.7,1.9,1.0,0.0,0.0
160.8,2.6,0.0,0.0,0.0
131.3,1.2,1.0,1.0,0.0
244.2,1.9,1.0,0.0,0.0
95.9,1.6,0.0,0.0,0.0
304.1,2.2,0.0,0.0,0.0
253.7,3.5,0.0,1.0,0.0
213.3,2.0,0.0,0.0,0.0
161.6,1.5,1.0,0.0,0.0
206.4,1.9,0.0,1.0,0.0
208.3,2.1,0.0,0.0,0.0
226.5,3.3,0.0,0.0,0.0
206.9,2.4,0.0,1.0,0.0
144.3,2.0,1.0,1.0,0.0
100.6,0.4,0.0,1.0,0.0
179.9,1.6,0.0,0.0,0.0
242.6,2.2,0.0,1.0,1.0
213.2,2.0,0.0,0.0,0.0
159.8,2.1,0.0,0.0,1.0
263.6,2.6,1.0,1.0,1.0
150.1,1.2,0.0,0.0,0.0
203.3,2.2,1.0,0.0,0.0
76.0,1.8,0.0,0.0,0.0
170.7,1.9,0.0,0.0,0.0
218.6,1.7,1.0,1.0,0.0
139.9,1.3,0.0,1.0,0.0
178.2,3.0,0.0,1.0,0.0
178.1,2.0,1.0,0.0,0.0
153.3,1.9,1.0,0.0,0.0
204.6,1.3,0.0,1.0,0.0
74.9,1.2,0.0,0.0,0.0
242.1,3.4,0.0,0.0,0.0
176.8,1.1,1.0,0.0,0.0
262.5,0.9,0.0,0.0,0.0
169.8,0.0,0.0,0.0,0.0
190.8,3.2,0.0,0.0,0.0
181.2,2.0,1.0,1.0,0.0
165.7,1.6,1.0,1.0,0.0
241.6,3.2,1.0,1.0,1.0
41.6,2.6,0.0,0.0,0.0
261.3,2.7,1.0,1.0,0.0
333.1,1.3,0.0,0.0,1.0
171.5,1.9,1.0,0.0,0.0
